-- phpMyAdmin SQL Dump
-- version 4.8.4
-- https://www.phpmyadmin.net/
--
-- Hôte : 127.0.0.1
-- Généré le :  lun. 15 avr. 2019 à 10:57
-- Version du serveur :  10.1.37-MariaDB
-- Version de PHP :  7.3.1

SET SQL_MODE = "NO_AUTO_VALUE_ON_ZERO";
SET AUTOCOMMIT = 0;
START TRANSACTION;
SET time_zone = "+00:00";


/*!40101 SET @OLD_CHARACTER_SET_CLIENT=@@CHARACTER_SET_CLIENT */;
/*!40101 SET @OLD_CHARACTER_SET_RESULTS=@@CHARACTER_SET_RESULTS */;
/*!40101 SET @OLD_COLLATION_CONNECTION=@@COLLATION_CONNECTION */;
/*!40101 SET NAMES utf8mb4 */;

--
-- Base de données :  `footregion`
--

-- --------------------------------------------------------

--
-- Structure de la table `footregion_action_logs`
--

CREATE TABLE `footregion_action_logs` (
  `id` int(10) UNSIGNED NOT NULL,
  `message_language_key` varchar(255) COLLATE utf8mb4_unicode_ci NOT NULL DEFAULT '',
  `message` text COLLATE utf8mb4_unicode_ci NOT NULL,
  `log_date` datetime NOT NULL DEFAULT '0000-00-00 00:00:00',
  `extension` varchar(50) COLLATE utf8mb4_unicode_ci NOT NULL DEFAULT '',
  `user_id` int(11) NOT NULL DEFAULT '0',
  `item_id` int(11) NOT NULL DEFAULT '0',
  `ip_address` varchar(40) COLLATE utf8mb4_unicode_ci NOT NULL DEFAULT '0.0.0.0'
) ENGINE=InnoDB DEFAULT CHARSET=utf8mb4 COLLATE=utf8mb4_unicode_ci;

-- --------------------------------------------------------

--
-- Structure de la table `footregion_action_logs_extensions`
--

CREATE TABLE `footregion_action_logs_extensions` (
  `id` int(10) UNSIGNED NOT NULL,
  `extension` varchar(255) COLLATE utf8mb4_unicode_ci NOT NULL DEFAULT ''
) ENGINE=InnoDB DEFAULT CHARSET=utf8mb4 COLLATE=utf8mb4_unicode_ci;

--
-- Déchargement des données de la table `footregion_action_logs_extensions`
--

INSERT INTO `footregion_action_logs_extensions` (`id`, `extension`) VALUES
(1, 'com_banners'),
(2, 'com_cache'),
(3, 'com_categories'),
(4, 'com_config'),
(5, 'com_contact'),
(6, 'com_content'),
(7, 'com_installer'),
(8, 'com_media'),
(9, 'com_menus'),
(10, 'com_messages'),
(11, 'com_modules'),
(12, 'com_newsfeeds'),
(13, 'com_plugins'),
(14, 'com_redirect'),
(15, 'com_tags'),
(16, 'com_templates'),
(17, 'com_users');

-- --------------------------------------------------------

--
-- Structure de la table `footregion_action_logs_users`
--

CREATE TABLE `footregion_action_logs_users` (
  `user_id` int(11) UNSIGNED NOT NULL,
  `notify` tinyint(1) UNSIGNED NOT NULL,
  `extensions` text COLLATE utf8mb4_unicode_ci NOT NULL
) ENGINE=InnoDB DEFAULT CHARSET=utf8mb4 COLLATE=utf8mb4_unicode_ci;

-- --------------------------------------------------------

--
-- Structure de la table `footregion_action_log_config`
--

CREATE TABLE `footregion_action_log_config` (
  `id` int(10) UNSIGNED NOT NULL,
  `type_title` varchar(255) COLLATE utf8mb4_unicode_ci NOT NULL DEFAULT '',
  `type_alias` varchar(255) COLLATE utf8mb4_unicode_ci NOT NULL DEFAULT '',
  `id_holder` varchar(255) COLLATE utf8mb4_unicode_ci DEFAULT NULL,
  `title_holder` varchar(255) COLLATE utf8mb4_unicode_ci DEFAULT NULL,
  `table_name` varchar(255) COLLATE utf8mb4_unicode_ci DEFAULT NULL,
  `text_prefix` varchar(255) COLLATE utf8mb4_unicode_ci DEFAULT NULL
) ENGINE=InnoDB DEFAULT CHARSET=utf8mb4 COLLATE=utf8mb4_unicode_ci;

--
-- Déchargement des données de la table `footregion_action_log_config`
--

INSERT INTO `footregion_action_log_config` (`id`, `type_title`, `type_alias`, `id_holder`, `title_holder`, `table_name`, `text_prefix`) VALUES
(1, 'article', 'com_content.article', 'id', 'title', '#__content', 'PLG_ACTIONLOG_JOOMLA'),
(2, 'article', 'com_content.form', 'id', 'title', '#__content', 'PLG_ACTIONLOG_JOOMLA'),
(3, 'banner', 'com_banners.banner', 'id', 'name', '#__banners', 'PLG_ACTIONLOG_JOOMLA'),
(4, 'user_note', 'com_users.note', 'id', 'subject', '#__user_notes', 'PLG_ACTIONLOG_JOOMLA'),
(5, 'media', 'com_media.file', '', 'name', '', 'PLG_ACTIONLOG_JOOMLA'),
(6, 'category', 'com_categories.category', 'id', 'title', '#__categories', 'PLG_ACTIONLOG_JOOMLA'),
(7, 'menu', 'com_menus.menu', 'id', 'title', '#__menu_types', 'PLG_ACTIONLOG_JOOMLA'),
(8, 'menu_item', 'com_menus.item', 'id', 'title', '#__menu', 'PLG_ACTIONLOG_JOOMLA'),
(9, 'newsfeed', 'com_newsfeeds.newsfeed', 'id', 'name', '#__newsfeeds', 'PLG_ACTIONLOG_JOOMLA'),
(10, 'link', 'com_redirect.link', 'id', 'old_url', '#__redirect_links', 'PLG_ACTIONLOG_JOOMLA'),
(11, 'tag', 'com_tags.tag', 'id', 'title', '#__tags', 'PLG_ACTIONLOG_JOOMLA'),
(12, 'style', 'com_templates.style', 'id', 'title', '#__template_styles', 'PLG_ACTIONLOG_JOOMLA'),
(13, 'plugin', 'com_plugins.plugin', 'extension_id', 'name', '#__extensions', 'PLG_ACTIONLOG_JOOMLA'),
(14, 'component_config', 'com_config.component', 'extension_id', 'name', '', 'PLG_ACTIONLOG_JOOMLA'),
(15, 'contact', 'com_contact.contact', 'id', 'name', '#__contact_details', 'PLG_ACTIONLOG_JOOMLA'),
(16, 'module', 'com_modules.module', 'id', 'title', '#__modules', 'PLG_ACTIONLOG_JOOMLA'),
(17, 'access_level', 'com_users.level', 'id', 'title', '#__viewlevels', 'PLG_ACTIONLOG_JOOMLA'),
(18, 'banner_client', 'com_banners.client', 'id', 'name', '#__banner_clients', 'PLG_ACTIONLOG_JOOMLA'),
(19, 'application_config', 'com_config.application', '', 'name', '', 'PLG_ACTIONLOG_JOOMLA');

-- --------------------------------------------------------

--
-- Structure de la table `footregion_annuaire_civilites`
--

CREATE TABLE `footregion_annuaire_civilites` (
  `id` int(11) NOT NULL,
  `civilite` varchar(20) NOT NULL,
  `published` tinyint(1) NOT NULL DEFAULT '0'
) ENGINE=InnoDB DEFAULT CHARSET=utf8;

--
-- Déchargement des données de la table `footregion_annuaire_civilites`
--

INSERT INTO `footregion_annuaire_civilites` (`id`, `civilite`, `published`) VALUES
(1, '-', 0),
(2, 'M.', 1),
(3, 'Mme', 1),
(4, 'Mlle', 1);

-- --------------------------------------------------------

--
-- Structure de la table `footregion_annuaire_contacts`
--

CREATE TABLE `footregion_annuaire_contacts` (
  `id` int(11) NOT NULL,
  `nom` varchar(50) NOT NULL,
  `alias` varchar(255) CHARACTER SET utf8 COLLATE utf8_bin NOT NULL DEFAULT '',
  `prenom` varchar(50) NOT NULL,
  `civilites_id` int(11) NOT NULL DEFAULT '1',
  `typescontacts_id` int(11) NOT NULL DEFAULT '1',
  `entreprises_id` int(11) NOT NULL DEFAULT '1',
  `fonction` varchar(50) NOT NULL,
  `email` varchar(50) NOT NULL,
  `mobile` varchar(20) NOT NULL,
  `tel` varchar(20) NOT NULL,
  `commentaire` text NOT NULL,
  `published` tinyint(1) NOT NULL DEFAULT '1',
  `created` datetime NOT NULL DEFAULT '0000-00-00 00:00:00',
  `created_by` int(11) NOT NULL DEFAULT '0',
  `modified` datetime NOT NULL DEFAULT '0000-00-00 00:00:00',
  `modified_by` int(11) NOT NULL DEFAULT '0',
  `hits` int(11) UNSIGNED NOT NULL DEFAULT '0'
) ENGINE=InnoDB DEFAULT CHARSET=utf8;

--
-- Déchargement des données de la table `footregion_annuaire_contacts`
--

INSERT INTO `footregion_annuaire_contacts` (`id`, `nom`, `alias`, `prenom`, `civilites_id`, `typescontacts_id`, `entreprises_id`, `fonction`, `email`, `mobile`, `tel`, `commentaire`, `published`, `created`, `created_by`, `modified`, `modified_by`, `hits`) VALUES
(1, '-', '', '', 1, 1, 1, '', '', '', '', '', 0, '2015-12-17 10:57:13', 0, '0000-00-00 00:00:00', 0, 0),
(2, 'DUPONT', 'dupont', 'Pierre', 2, 2, 2, '', '', '', '', '', 1, '2016-03-02 16:15:35', 35, '2018-11-25 16:32:11', 45, 0),
(3, 'SMITH', 'smith', 'Léa', 3, 2, 2, '', '', '', '', '', 1, '2016-03-02 16:16:17', 35, '2018-10-17 17:01:11', 35, 0);

-- --------------------------------------------------------

--
-- Structure de la table `footregion_annuaire_entreprises`
--

CREATE TABLE `footregion_annuaire_entreprises` (
  `id` int(11) NOT NULL,
  `nom` varchar(50) NOT NULL,
  `alias` varchar(255) CHARACTER SET utf8 COLLATE utf8_bin NOT NULL DEFAULT '',
  `logo` varchar(255) NOT NULL DEFAULT 'Logo.png',
  `activite` varchar(255) NOT NULL,
  `codeAPE_NAF` varchar(5) NOT NULL,
  `numSIREN` varchar(9) NOT NULL,
  `numTVAintra` varchar(13) NOT NULL,
  `siteWeb` varchar(50) NOT NULL,
  `tel` varchar(20) NOT NULL,
  `adrRue` varchar(50) NOT NULL,
  `adrVille` varchar(50) NOT NULL,
  `adrCP` varchar(10) NOT NULL,
  `pays_id` int(11) NOT NULL DEFAULT '1',
  `commentaire` text NOT NULL,
  `published` tinyint(1) NOT NULL DEFAULT '1',
  `created` datetime NOT NULL DEFAULT '0000-00-00 00:00:00',
  `created_by` int(11) NOT NULL DEFAULT '0',
  `modified` datetime NOT NULL DEFAULT '0000-00-00 00:00:00',
  `modified_by` int(11) NOT NULL DEFAULT '0',
  `hits` int(11) UNSIGNED NOT NULL DEFAULT '0'
) ENGINE=InnoDB DEFAULT CHARSET=utf8;

--
-- Déchargement des données de la table `footregion_annuaire_entreprises`
--

INSERT INTO `footregion_annuaire_entreprises` (`id`, `nom`, `alias`, `logo`, `activite`, `codeAPE_NAF`, `numSIREN`, `numTVAintra`, `siteWeb`, `tel`, `adrRue`, `adrVille`, `adrCP`, `pays_id`, `commentaire`, `published`, `created`, `created_by`, `modified`, `modified_by`, `hits`) VALUES
(1, '-', '', 'Logo.png', '-', '', '', '', '', '', '', '', '', 1, '', 0, '2015-12-17 10:57:13', 35, '2016-01-20 18:59:22', 0, 0),
(2, 'Lycée Louis-Armand', 'monentreprise', 'LouisArmand.png', 'Lycée général et technologique', '', '', '', '', '', '', '', '', 2, '', 1, '2016-03-02 16:17:38', 35, '2018-11-25 16:35:57', 45, 0),
(3, 'Renault', 'renault', 'Renault.png', 'Construction automobile', '', '', '', '', '', '', '', '', 1, '', 1, '2018-11-18 16:58:31', 39, '0000-00-00 00:00:00', 0, 0);

-- --------------------------------------------------------

--
-- Structure de la table `footregion_annuaire_pays`
--

CREATE TABLE `footregion_annuaire_pays` (
  `id` int(11) NOT NULL,
  `pays` varchar(50) NOT NULL,
  `published` tinyint(1) NOT NULL DEFAULT '0'
) ENGINE=InnoDB DEFAULT CHARSET=utf8;

--
-- Déchargement des données de la table `footregion_annuaire_pays`
--

INSERT INTO `footregion_annuaire_pays` (`id`, `pays`, `published`) VALUES
(1, '-', 0),
(2, 'France', 1),
(3, 'Allemagne', 1),
(4, 'Belgique', 1),
(5, 'Espagne', 1),
(6, 'Italie', 1),
(7, 'Royaume-Uni', 1);

-- --------------------------------------------------------

--
-- Structure de la table `footregion_annuaire_typescontacts`
--

CREATE TABLE `footregion_annuaire_typescontacts` (
  `id` int(11) NOT NULL,
  `typeContact` varchar(50) NOT NULL,
  `published` tinyint(1) NOT NULL DEFAULT '0'
) ENGINE=InnoDB DEFAULT CHARSET=utf8;

--
-- Déchargement des données de la table `footregion_annuaire_typescontacts`
--

INSERT INTO `footregion_annuaire_typescontacts` (`id`, `typeContact`, `published`) VALUES
(1, '-', 0),
(2, 'Interne', 0),
(3, 'Partenaire', 0),
(4, 'Client', 0),
(5, 'Fournisseur', 0);

-- --------------------------------------------------------

--
-- Structure de la table `footregion_assets`
--

CREATE TABLE `footregion_assets` (
  `id` int(10) UNSIGNED NOT NULL COMMENT 'Primary Key',
  `parent_id` int(11) NOT NULL DEFAULT '0' COMMENT 'Nested set parent.',
  `lft` int(11) NOT NULL DEFAULT '0' COMMENT 'Nested set lft.',
  `rgt` int(11) NOT NULL DEFAULT '0' COMMENT 'Nested set rgt.',
  `level` int(10) UNSIGNED NOT NULL COMMENT 'The cached level in the nested tree.',
  `name` varchar(50) COLLATE utf8mb4_unicode_ci NOT NULL COMMENT 'The unique name for the asset.\n',
  `title` varchar(100) COLLATE utf8mb4_unicode_ci NOT NULL COMMENT 'The descriptive title for the asset.',
  `rules` varchar(5120) COLLATE utf8mb4_unicode_ci NOT NULL COMMENT 'JSON encoded access control.'
) ENGINE=InnoDB DEFAULT CHARSET=utf8mb4 COLLATE=utf8mb4_unicode_ci;

--
-- Déchargement des données de la table `footregion_assets`
--

INSERT INTO `footregion_assets` (`id`, `parent_id`, `lft`, `rgt`, `level`, `name`, `title`, `rules`) VALUES
(1, 0, 0, 145, 0, 'root.1', 'Root Asset', '{\"core.login.site\":{\"6\":1,\"2\":1},\"core.login.admin\":{\"6\":1},\"core.login.offline\":{\"6\":1},\"core.admin\":{\"8\":1},\"core.manage\":{\"7\":1},\"core.create\":{\"6\":1,\"3\":1},\"core.delete\":{\"6\":1},\"core.edit\":{\"6\":1,\"4\":1},\"core.edit.state\":{\"6\":1,\"5\":1},\"core.edit.own\":{\"6\":1,\"3\":1}}'),
(2, 1, 1, 2, 1, 'com_admin', 'com_admin', '{}'),
(3, 1, 3, 6, 1, 'com_banners', 'com_banners', '{\"core.admin\":{\"7\":1},\"core.manage\":{\"6\":1}}'),
(4, 1, 7, 8, 1, 'com_cache', 'com_cache', '{\"core.admin\":{\"7\":1},\"core.manage\":{\"7\":1}}'),
(5, 1, 9, 10, 1, 'com_checkin', 'com_checkin', '{\"core.admin\":{\"7\":1},\"core.manage\":{\"7\":1}}'),
(6, 1, 11, 12, 1, 'com_config', 'com_config', '{}'),
(7, 1, 13, 16, 1, 'com_contact', 'com_contact', '{\"core.admin\":{\"7\":1},\"core.manage\":{\"6\":1}}'),
(8, 1, 17, 28, 1, 'com_content', 'com_content', '{\"core.admin\":{\"7\":1},\"core.manage\":{\"6\":1},\"core.create\":{\"3\":1},\"core.edit\":{\"4\":1},\"core.edit.state\":{\"5\":1}}'),
(9, 1, 29, 30, 1, 'com_cpanel', 'com_cpanel', '{}'),
(10, 1, 31, 32, 1, 'com_installer', 'com_installer', '{\"core.manage\":{\"7\":0},\"core.delete\":{\"7\":0},\"core.edit.state\":{\"7\":0}}'),
(11, 1, 33, 34, 1, 'com_languages', 'com_languages', '{\"core.admin\":{\"7\":1}}'),
(12, 1, 35, 36, 1, 'com_login', 'com_login', '{}'),
(13, 1, 37, 38, 1, 'com_mailto', 'com_mailto', '{}'),
(14, 1, 39, 40, 1, 'com_massmail', 'com_massmail', '{}'),
(15, 1, 41, 42, 1, 'com_media', 'com_media', '{\"core.admin\":{\"7\":1},\"core.manage\":{\"6\":1},\"core.create\":{\"3\":1},\"core.delete\":{\"5\":1}}'),
(16, 1, 43, 56, 1, 'com_menus', 'com_menus', '{\"core.admin\":{\"7\":1}}'),
(17, 1, 57, 58, 1, 'com_messages', 'com_messages', '{\"core.admin\":{\"7\":1},\"core.manage\":{\"7\":1}}'),
(18, 1, 59, 102, 1, 'com_modules', 'com_modules', '{\"core.admin\":{\"7\":1}}'),
(19, 1, 103, 106, 1, 'com_newsfeeds', 'com_newsfeeds', '{\"core.admin\":{\"7\":1},\"core.manage\":{\"6\":1}}'),
(20, 1, 107, 108, 1, 'com_plugins', 'com_plugins', '{\"core.admin\":{\"7\":1}}'),
(21, 1, 109, 110, 1, 'com_redirect', 'com_redirect', '{\"core.admin\":{\"7\":1}}'),
(22, 1, 111, 112, 1, 'com_search', 'com_search', '{\"core.admin\":{\"7\":1},\"core.manage\":{\"6\":1}}'),
(23, 1, 113, 114, 1, 'com_templates', 'com_templates', '{\"core.admin\":{\"7\":1}}'),
(24, 1, 115, 118, 1, 'com_users', 'com_users', '{\"core.admin\":{\"7\":1}}'),
(26, 1, 119, 120, 1, 'com_wrapper', 'com_wrapper', '{}'),
(27, 8, 18, 27, 2, 'com_content.category.2', 'Non catégorisé', '{}'),
(28, 3, 4, 5, 2, 'com_banners.category.3', 'Non catégorisé', '{}'),
(29, 7, 14, 15, 2, 'com_contact.category.4', 'Non catégorisé', '{}'),
(30, 19, 104, 105, 2, 'com_newsfeeds.category.5', 'Non catégorisé', '{}'),
(32, 24, 116, 117, 2, 'com_users.category.7', 'Non catégorisé', '{}'),
(33, 1, 121, 122, 1, 'com_finder', 'com_finder', '{\"core.admin\":{\"7\":1},\"core.manage\":{\"6\":1}}'),
(34, 1, 123, 124, 1, 'com_joomlaupdate', 'com_joomlaupdate', '{}'),
(35, 1, 125, 126, 1, 'com_tags', 'com_tags', '{}'),
(36, 1, 127, 128, 1, 'com_contenthistory', 'com_contenthistory', '{}'),
(37, 1, 129, 130, 1, 'com_ajax', 'com_ajax', '{}'),
(38, 1, 131, 132, 1, 'com_postinstall', 'com_postinstall', '{}'),
(39, 18, 60, 61, 2, 'com_modules.module.1', 'Menu principal', '{}'),
(40, 18, 62, 63, 2, 'com_modules.module.2', 'Login', '{}'),
(41, 18, 64, 65, 2, 'com_modules.module.3', 'Popular Articles', '{}'),
(42, 18, 66, 67, 2, 'com_modules.module.4', 'Recently Added Articles', '{}'),
(43, 18, 68, 69, 2, 'com_modules.module.8', 'Toolbar', '{}'),
(44, 18, 70, 71, 2, 'com_modules.module.9', 'Quick Icons', '{}'),
(45, 18, 72, 73, 2, 'com_modules.module.10', 'Logged-in Users', '{}'),
(46, 18, 74, 75, 2, 'com_modules.module.12', 'Admin Menu', '{}'),
(47, 18, 76, 77, 2, 'com_modules.module.13', 'Admin Submenu', '{}'),
(48, 18, 78, 79, 2, 'com_modules.module.14', 'User Status', '{}'),
(49, 18, 80, 81, 2, 'com_modules.module.15', 'Title', '{}'),
(50, 18, 82, 83, 2, 'com_modules.module.16', 'Login Form', '{}'),
(51, 18, 84, 85, 2, 'com_modules.module.17', 'Breadcrumbs', '{}'),
(52, 18, 86, 87, 2, 'com_modules.module.79', 'Multilanguage status', '{}'),
(53, 18, 88, 89, 2, 'com_modules.module.86', 'Joomla Version', '{}'),
(54, 16, 44, 45, 2, 'com_menus.menu.1', 'Main Menu', '{}'),
(55, 18, 90, 91, 2, 'com_modules.module.87', 'Sample Data', '{}'),
(56, 27, 19, 20, 3, 'com_content.article.1', 'Bienvenue', '{}'),
(57, 27, 21, 22, 3, 'com_content.article.2', 'FFF', '{}'),
(58, 27, 23, 24, 3, 'com_content.article.3', 'Tournois', '{}'),
(59, 27, 25, 26, 3, 'com_content.article.4', 'Discussions', '{}'),
(72, 1, 133, 134, 1, 'com_fields', 'com_fields', '{}'),
(73, 1, 135, 136, 1, 'com_associations', 'com_associations', '{}'),
(74, 1, 137, 138, 1, 'com_annuaire', 'com_annuaire', '{\"core.create\":{\"13\":1,\"11\":1},\"core.edit\":{\"13\":1,\"11\":1},\"core.edit.own\":{\"13\":1,\"11\":1}}'),
(75, 1, 139, 140, 1, 'com_privacy', 'com_privacy', '{}'),
(76, 1, 141, 142, 1, 'com_actionlogs', 'com_actionlogs', '{}'),
(77, 16, 46, 47, 2, 'com_menus.menu.2', 'Annuaire', '{}'),
(78, 18, 92, 93, 2, 'com_modules.module.88', 'Menu Annuaire', '{}'),
(79, 1, 143, 144, 1, 'com_footregion', 'com_footregion', '{}'),
(80, 16, 48, 49, 2, 'com_menus.menu.3', 'Menu directeur', '{}'),
(81, 18, 94, 95, 2, 'com_modules.module.89', 'Espace directeur', '{}'),
(82, 16, 50, 51, 2, 'com_menus.menu.4', 'Menu entraîneur', '{}'),
(83, 16, 52, 53, 2, 'com_menus.menu.5', 'Menu joueur', '{}'),
(84, 16, 54, 55, 2, 'com_menus.menu.6', 'Menu arbitre', '{}'),
(85, 18, 96, 97, 2, 'com_modules.module.90', 'Espace entraîneur', '{}'),
(86, 18, 98, 99, 2, 'com_modules.module.91', 'Espace joueur', '{}'),
(87, 18, 100, 101, 2, 'com_modules.module.92', 'Espace arbitre', '{}');

-- --------------------------------------------------------

--
-- Structure de la table `footregion_associations`
--

CREATE TABLE `footregion_associations` (
  `id` int(11) NOT NULL COMMENT 'A reference to the associated item.',
  `context` varchar(50) COLLATE utf8mb4_unicode_ci NOT NULL COMMENT 'The context of the associated item.',
  `key` char(32) COLLATE utf8mb4_unicode_ci NOT NULL COMMENT 'The key for the association computed from an md5 on associated ids.'
) ENGINE=InnoDB DEFAULT CHARSET=utf8mb4 COLLATE=utf8mb4_unicode_ci;

-- --------------------------------------------------------

--
-- Structure de la table `footregion_banners`
--

CREATE TABLE `footregion_banners` (
  `id` int(11) NOT NULL,
  `cid` int(11) NOT NULL DEFAULT '0',
  `type` int(11) NOT NULL DEFAULT '0',
  `name` varchar(255) COLLATE utf8mb4_unicode_ci NOT NULL DEFAULT '',
  `alias` varchar(400) CHARACTER SET utf8mb4 COLLATE utf8mb4_bin NOT NULL DEFAULT '',
  `imptotal` int(11) NOT NULL DEFAULT '0',
  `impmade` int(11) NOT NULL DEFAULT '0',
  `clicks` int(11) NOT NULL DEFAULT '0',
  `clickurl` varchar(200) COLLATE utf8mb4_unicode_ci NOT NULL DEFAULT '',
  `state` tinyint(3) NOT NULL DEFAULT '0',
  `catid` int(10) UNSIGNED NOT NULL DEFAULT '0',
  `description` text COLLATE utf8mb4_unicode_ci NOT NULL,
  `custombannercode` varchar(2048) COLLATE utf8mb4_unicode_ci NOT NULL,
  `sticky` tinyint(1) UNSIGNED NOT NULL DEFAULT '0',
  `ordering` int(11) NOT NULL DEFAULT '0',
  `metakey` text COLLATE utf8mb4_unicode_ci NOT NULL,
  `params` text COLLATE utf8mb4_unicode_ci NOT NULL,
  `own_prefix` tinyint(1) NOT NULL DEFAULT '0',
  `metakey_prefix` varchar(400) COLLATE utf8mb4_unicode_ci NOT NULL DEFAULT '',
  `purchase_type` tinyint(4) NOT NULL DEFAULT '-1',
  `track_clicks` tinyint(4) NOT NULL DEFAULT '-1',
  `track_impressions` tinyint(4) NOT NULL DEFAULT '-1',
  `checked_out` int(10) UNSIGNED NOT NULL DEFAULT '0',
  `checked_out_time` datetime NOT NULL DEFAULT '0000-00-00 00:00:00',
  `publish_up` datetime NOT NULL DEFAULT '0000-00-00 00:00:00',
  `publish_down` datetime NOT NULL DEFAULT '0000-00-00 00:00:00',
  `reset` datetime NOT NULL DEFAULT '0000-00-00 00:00:00',
  `created` datetime NOT NULL DEFAULT '0000-00-00 00:00:00',
  `language` char(7) COLLATE utf8mb4_unicode_ci NOT NULL DEFAULT '',
  `created_by` int(10) UNSIGNED NOT NULL DEFAULT '0',
  `created_by_alias` varchar(255) COLLATE utf8mb4_unicode_ci NOT NULL DEFAULT '',
  `modified` datetime NOT NULL DEFAULT '0000-00-00 00:00:00',
  `modified_by` int(10) UNSIGNED NOT NULL DEFAULT '0',
  `version` int(10) UNSIGNED NOT NULL DEFAULT '1'
) ENGINE=InnoDB DEFAULT CHARSET=utf8mb4 COLLATE=utf8mb4_unicode_ci;

-- --------------------------------------------------------

--
-- Structure de la table `footregion_banner_clients`
--

CREATE TABLE `footregion_banner_clients` (
  `id` int(11) NOT NULL,
  `name` varchar(255) COLLATE utf8mb4_unicode_ci NOT NULL DEFAULT '',
  `contact` varchar(255) COLLATE utf8mb4_unicode_ci NOT NULL DEFAULT '',
  `email` varchar(255) COLLATE utf8mb4_unicode_ci NOT NULL DEFAULT '',
  `extrainfo` text COLLATE utf8mb4_unicode_ci NOT NULL,
  `state` tinyint(3) NOT NULL DEFAULT '0',
  `checked_out` int(10) UNSIGNED NOT NULL DEFAULT '0',
  `checked_out_time` datetime NOT NULL DEFAULT '0000-00-00 00:00:00',
  `metakey` text COLLATE utf8mb4_unicode_ci NOT NULL,
  `own_prefix` tinyint(4) NOT NULL DEFAULT '0',
  `metakey_prefix` varchar(400) COLLATE utf8mb4_unicode_ci NOT NULL DEFAULT '',
  `purchase_type` tinyint(4) NOT NULL DEFAULT '-1',
  `track_clicks` tinyint(4) NOT NULL DEFAULT '-1',
  `track_impressions` tinyint(4) NOT NULL DEFAULT '-1'
) ENGINE=InnoDB DEFAULT CHARSET=utf8mb4 COLLATE=utf8mb4_unicode_ci;

-- --------------------------------------------------------

--
-- Structure de la table `footregion_banner_tracks`
--

CREATE TABLE `footregion_banner_tracks` (
  `track_date` datetime NOT NULL,
  `track_type` int(10) UNSIGNED NOT NULL,
  `banner_id` int(10) UNSIGNED NOT NULL,
  `count` int(10) UNSIGNED NOT NULL DEFAULT '0'
) ENGINE=InnoDB DEFAULT CHARSET=utf8mb4 COLLATE=utf8mb4_unicode_ci;

-- --------------------------------------------------------

--
-- Structure de la table `footregion_categories`
--

CREATE TABLE `footregion_categories` (
  `id` int(11) NOT NULL,
  `asset_id` int(10) UNSIGNED NOT NULL DEFAULT '0' COMMENT 'FK to the #__assets table.',
  `parent_id` int(10) UNSIGNED NOT NULL DEFAULT '0',
  `lft` int(11) NOT NULL DEFAULT '0',
  `rgt` int(11) NOT NULL DEFAULT '0',
  `level` int(10) UNSIGNED NOT NULL DEFAULT '0',
  `path` varchar(400) COLLATE utf8mb4_unicode_ci NOT NULL DEFAULT '',
  `extension` varchar(50) COLLATE utf8mb4_unicode_ci NOT NULL DEFAULT '',
  `title` varchar(255) COLLATE utf8mb4_unicode_ci NOT NULL DEFAULT '',
  `alias` varchar(400) CHARACTER SET utf8mb4 COLLATE utf8mb4_bin NOT NULL DEFAULT '',
  `note` varchar(255) COLLATE utf8mb4_unicode_ci NOT NULL DEFAULT '',
  `description` mediumtext COLLATE utf8mb4_unicode_ci NOT NULL,
  `published` tinyint(1) NOT NULL DEFAULT '0',
  `checked_out` int(11) UNSIGNED NOT NULL DEFAULT '0',
  `checked_out_time` datetime NOT NULL DEFAULT '0000-00-00 00:00:00',
  `access` int(10) UNSIGNED NOT NULL DEFAULT '0',
  `params` text COLLATE utf8mb4_unicode_ci NOT NULL,
  `metadesc` varchar(1024) COLLATE utf8mb4_unicode_ci NOT NULL DEFAULT '' COMMENT 'The meta description for the page.',
  `metakey` varchar(1024) COLLATE utf8mb4_unicode_ci NOT NULL DEFAULT '' COMMENT 'The meta keywords for the page.',
  `metadata` varchar(2048) COLLATE utf8mb4_unicode_ci NOT NULL DEFAULT '' COMMENT 'JSON encoded metadata properties.',
  `created_user_id` int(10) UNSIGNED NOT NULL DEFAULT '0',
  `created_time` datetime NOT NULL DEFAULT '0000-00-00 00:00:00',
  `modified_user_id` int(10) UNSIGNED NOT NULL DEFAULT '0',
  `modified_time` datetime NOT NULL DEFAULT '0000-00-00 00:00:00',
  `hits` int(10) UNSIGNED NOT NULL DEFAULT '0',
  `language` char(7) COLLATE utf8mb4_unicode_ci NOT NULL DEFAULT '',
  `version` int(10) UNSIGNED NOT NULL DEFAULT '1'
) ENGINE=InnoDB DEFAULT CHARSET=utf8mb4 COLLATE=utf8mb4_unicode_ci;

--
-- Déchargement des données de la table `footregion_categories`
--

INSERT INTO `footregion_categories` (`id`, `asset_id`, `parent_id`, `lft`, `rgt`, `level`, `path`, `extension`, `title`, `alias`, `note`, `description`, `published`, `checked_out`, `checked_out_time`, `access`, `params`, `metadesc`, `metakey`, `metadata`, `created_user_id`, `created_time`, `modified_user_id`, `modified_time`, `hits`, `language`, `version`) VALUES
(1, 0, 0, 0, 11, 0, '', 'system', 'ROOT', 'root', '', '', 1, 0, '0000-00-00 00:00:00', 1, '{}', '', '', '{}', 35, '2018-09-25 08:04:34', 0, '0000-00-00 00:00:00', 0, '*', 1),
(2, 27, 1, 3, 4, 1, 'non-categorise', 'com_content', 'Non catégorisé', 'non-categorise', '', '', 1, 0, '0000-00-00 00:00:00', 1, '{\"category_layout\":\"\",\"image\":\"\"}', '', '', '{\"author\":\"\",\"robots\":\"\"}', 35, '2018-09-25 08:04:34', 0, '0000-00-00 00:00:00', 0, '*', 1),
(3, 28, 1, 1, 2, 1, 'non-categorise', 'com_banners', 'Non catégorisé', 'non-categorise', '', '', 1, 0, '0000-00-00 00:00:00', 1, '{\"category_layout\":\"\",\"image\":\"\"}', '', '', '{\"author\":\"\",\"robots\":\"\"}', 35, '2018-09-25 08:04:34', 0, '0000-00-00 00:00:00', 0, '*', 1),
(4, 29, 1, 5, 6, 1, 'non-categorise', 'com_contact', 'Non catégorisé', 'non-categorise', '', '', 1, 0, '0000-00-00 00:00:00', 1, '{\"category_layout\":\"\",\"image\":\"\"}', '', '', '{\"author\":\"\",\"robots\":\"\"}', 35, '2018-09-25 08:04:34', 0, '0000-00-00 00:00:00', 0, '*', 1),
(5, 30, 1, 7, 8, 1, 'non-categorise', 'com_newsfeeds', 'Non catégorisé', 'non-categorise', '', '', 1, 0, '0000-00-00 00:00:00', 1, '{\"category_layout\":\"\",\"image\":\"\"}', '', '', '{\"author\":\"\",\"robots\":\"\"}', 35, '2018-09-25 08:04:34', 0, '0000-00-00 00:00:00', 0, '*', 1),
(7, 32, 1, 9, 10, 1, 'non-categorise', 'com_users', 'Non catégorisé', 'non-categorise', '', '', 1, 0, '0000-00-00 00:00:00', 1, '{\"category_layout\":\"\",\"image\":\"\"}', '', '', '{\"author\":\"\",\"robots\":\"\"}', 35, '2018-09-25 08:04:34', 0, '0000-00-00 00:00:00', 0, '*', 1);

-- --------------------------------------------------------

--
-- Structure de la table `footregion_contact_details`
--

CREATE TABLE `footregion_contact_details` (
  `id` int(11) NOT NULL,
  `name` varchar(255) COLLATE utf8mb4_unicode_ci NOT NULL,
  `alias` varchar(400) CHARACTER SET utf8mb4 COLLATE utf8mb4_bin NOT NULL,
  `con_position` varchar(255) COLLATE utf8mb4_unicode_ci DEFAULT NULL,
  `address` text COLLATE utf8mb4_unicode_ci,
  `suburb` varchar(100) COLLATE utf8mb4_unicode_ci DEFAULT NULL,
  `state` varchar(100) COLLATE utf8mb4_unicode_ci DEFAULT NULL,
  `country` varchar(100) COLLATE utf8mb4_unicode_ci DEFAULT NULL,
  `postcode` varchar(100) COLLATE utf8mb4_unicode_ci DEFAULT NULL,
  `telephone` varchar(255) COLLATE utf8mb4_unicode_ci DEFAULT NULL,
  `fax` varchar(255) COLLATE utf8mb4_unicode_ci DEFAULT NULL,
  `misc` mediumtext COLLATE utf8mb4_unicode_ci,
  `image` varchar(255) COLLATE utf8mb4_unicode_ci DEFAULT NULL,
  `email_to` varchar(255) COLLATE utf8mb4_unicode_ci DEFAULT NULL,
  `default_con` tinyint(1) UNSIGNED NOT NULL DEFAULT '0',
  `published` tinyint(1) NOT NULL DEFAULT '0',
  `checked_out` int(10) UNSIGNED NOT NULL DEFAULT '0',
  `checked_out_time` datetime NOT NULL DEFAULT '0000-00-00 00:00:00',
  `ordering` int(11) NOT NULL DEFAULT '0',
  `params` text COLLATE utf8mb4_unicode_ci NOT NULL,
  `user_id` int(11) NOT NULL DEFAULT '0',
  `catid` int(11) NOT NULL DEFAULT '0',
  `access` int(10) UNSIGNED NOT NULL DEFAULT '0',
  `mobile` varchar(255) COLLATE utf8mb4_unicode_ci NOT NULL DEFAULT '',
  `webpage` varchar(255) COLLATE utf8mb4_unicode_ci NOT NULL DEFAULT '',
  `sortname1` varchar(255) COLLATE utf8mb4_unicode_ci NOT NULL DEFAULT '',
  `sortname2` varchar(255) COLLATE utf8mb4_unicode_ci NOT NULL DEFAULT '',
  `sortname3` varchar(255) COLLATE utf8mb4_unicode_ci NOT NULL DEFAULT '',
  `language` varchar(7) COLLATE utf8mb4_unicode_ci NOT NULL,
  `created` datetime NOT NULL DEFAULT '0000-00-00 00:00:00',
  `created_by` int(10) UNSIGNED NOT NULL DEFAULT '0',
  `created_by_alias` varchar(255) COLLATE utf8mb4_unicode_ci NOT NULL DEFAULT '',
  `modified` datetime NOT NULL DEFAULT '0000-00-00 00:00:00',
  `modified_by` int(10) UNSIGNED NOT NULL DEFAULT '0',
  `metakey` text COLLATE utf8mb4_unicode_ci NOT NULL,
  `metadesc` text COLLATE utf8mb4_unicode_ci NOT NULL,
  `metadata` text COLLATE utf8mb4_unicode_ci NOT NULL,
  `featured` tinyint(3) UNSIGNED NOT NULL DEFAULT '0' COMMENT 'Set if contact is featured.',
  `xreference` varchar(50) COLLATE utf8mb4_unicode_ci NOT NULL DEFAULT '' COMMENT 'A reference to enable linkages to external data sets.',
  `publish_up` datetime NOT NULL DEFAULT '0000-00-00 00:00:00',
  `publish_down` datetime NOT NULL DEFAULT '0000-00-00 00:00:00',
  `version` int(10) UNSIGNED NOT NULL DEFAULT '1',
  `hits` int(10) UNSIGNED NOT NULL DEFAULT '0'
) ENGINE=InnoDB DEFAULT CHARSET=utf8mb4 COLLATE=utf8mb4_unicode_ci;

--
-- Déchargement des données de la table `footregion_contact_details`
--

INSERT INTO `footregion_contact_details` (`id`, `name`, `alias`, `con_position`, `address`, `suburb`, `state`, `country`, `postcode`, `telephone`, `fax`, `misc`, `image`, `email_to`, `default_con`, `published`, `checked_out`, `checked_out_time`, `ordering`, `params`, `user_id`, `catid`, `access`, `mobile`, `webpage`, `sortname1`, `sortname2`, `sortname3`, `language`, `created`, `created_by`, `created_by_alias`, `modified`, `modified_by`, `metakey`, `metadesc`, `metadata`, `featured`, `xreference`, `publish_up`, `publish_down`, `version`, `hits`) VALUES
(1, 'Info FootRegion', 'info-footregion', '', '', '', '', '', '', '', '', '', '', '', 0, 1, 0, '0000-00-00 00:00:00', 1, '{\"show_contact_category\":\"\",\"show_contact_list\":\"\",\"presentation_style\":\"\",\"show_tags\":\"\",\"show_info\":\"\",\"show_name\":\"\",\"show_position\":\"\",\"show_email\":\"\",\"add_mailto_link\":\"\",\"show_street_address\":\"\",\"show_suburb\":\"\",\"show_state\":\"\",\"show_postcode\":\"\",\"show_country\":\"\",\"show_telephone\":\"\",\"show_mobile\":\"\",\"show_fax\":\"\",\"show_webpage\":\"\",\"show_image\":\"\",\"show_misc\":\"\",\"allow_vcard\":\"\",\"show_articles\":\"\",\"articles_display_num\":\"\",\"show_profile\":\"\",\"show_links\":\"\",\"linka_name\":\"\",\"linka\":false,\"linkb_name\":\"\",\"linkb\":false,\"linkc_name\":\"\",\"linkc\":false,\"linkd_name\":\"\",\"linkd\":false,\"linke_name\":\"\",\"linke\":false,\"contact_layout\":\"\",\"show_email_form\":\"\",\"show_email_copy\":\"\",\"banned_email\":\"\",\"banned_subject\":\"\",\"banned_text\":\"\",\"validate_session\":\"\",\"custom_reply\":\"\",\"redirect\":\"\"}', 36, 4, 1, '', '', '', '', '', '*', '2018-09-25 08:20:09', 35, '', '2018-09-25 08:20:09', 0, '', '', '{\"robots\":\"\",\"rights\":\"\"}', 0, '', '0000-00-00 00:00:00', '0000-00-00 00:00:00', 1, 5);

-- --------------------------------------------------------

--
-- Structure de la table `footregion_content`
--

CREATE TABLE `footregion_content` (
  `id` int(10) UNSIGNED NOT NULL,
  `asset_id` int(10) UNSIGNED NOT NULL DEFAULT '0' COMMENT 'FK to the #__assets table.',
  `title` varchar(255) COLLATE utf8mb4_unicode_ci NOT NULL DEFAULT '',
  `alias` varchar(400) CHARACTER SET utf8mb4 COLLATE utf8mb4_bin NOT NULL DEFAULT '',
  `introtext` mediumtext COLLATE utf8mb4_unicode_ci NOT NULL,
  `fulltext` mediumtext COLLATE utf8mb4_unicode_ci NOT NULL,
  `state` tinyint(3) NOT NULL DEFAULT '0',
  `catid` int(10) UNSIGNED NOT NULL DEFAULT '0',
  `created` datetime NOT NULL DEFAULT '0000-00-00 00:00:00',
  `created_by` int(10) UNSIGNED NOT NULL DEFAULT '0',
  `created_by_alias` varchar(255) COLLATE utf8mb4_unicode_ci NOT NULL DEFAULT '',
  `modified` datetime NOT NULL DEFAULT '0000-00-00 00:00:00',
  `modified_by` int(10) UNSIGNED NOT NULL DEFAULT '0',
  `checked_out` int(10) UNSIGNED NOT NULL DEFAULT '0',
  `checked_out_time` datetime NOT NULL DEFAULT '0000-00-00 00:00:00',
  `publish_up` datetime NOT NULL DEFAULT '0000-00-00 00:00:00',
  `publish_down` datetime NOT NULL DEFAULT '0000-00-00 00:00:00',
  `images` text COLLATE utf8mb4_unicode_ci NOT NULL,
  `urls` text COLLATE utf8mb4_unicode_ci NOT NULL,
  `attribs` varchar(5120) COLLATE utf8mb4_unicode_ci NOT NULL,
  `version` int(10) UNSIGNED NOT NULL DEFAULT '1',
  `ordering` int(11) NOT NULL DEFAULT '0',
  `metakey` text COLLATE utf8mb4_unicode_ci NOT NULL,
  `metadesc` text COLLATE utf8mb4_unicode_ci NOT NULL,
  `access` int(10) UNSIGNED NOT NULL DEFAULT '0',
  `hits` int(10) UNSIGNED NOT NULL DEFAULT '0',
  `metadata` text COLLATE utf8mb4_unicode_ci NOT NULL,
  `featured` tinyint(3) UNSIGNED NOT NULL DEFAULT '0' COMMENT 'Set if article is featured.',
  `language` char(7) COLLATE utf8mb4_unicode_ci NOT NULL COMMENT 'The language code for the article.',
  `xreference` varchar(50) COLLATE utf8mb4_unicode_ci NOT NULL DEFAULT '' COMMENT 'A reference to enable linkages to external data sets.',
  `note` varchar(255) COLLATE utf8mb4_unicode_ci NOT NULL DEFAULT ''
) ENGINE=InnoDB DEFAULT CHARSET=utf8mb4 COLLATE=utf8mb4_unicode_ci;

--
-- Déchargement des données de la table `footregion_content`
--

INSERT INTO `footregion_content` (`id`, `asset_id`, `title`, `alias`, `introtext`, `fulltext`, `state`, `catid`, `created`, `created_by`, `created_by_alias`, `modified`, `modified_by`, `checked_out`, `checked_out_time`, `publish_up`, `publish_down`, `images`, `urls`, `attribs`, `version`, `ordering`, `metakey`, `metadesc`, `access`, `hits`, `metadata`, `featured`, `language`, `xreference`, `note`) VALUES
(1, 56, 'Bienvenue', 'bienvenue', '<p>Bienvenue sur le site FootRegion de la Fédération française de football FFF.</p>\r\n<p>Ce site permet aux clubs de football d’organiser des tournois amicaux entre clubs de même région.</p>', '', 1, 2, '2018-09-25 08:22:36', 35, '', '2018-09-25 09:24:10', 35, 0, '0000-00-00 00:00:00', '2018-09-25 08:22:36', '0000-00-00 00:00:00', '{\"image_intro\":\"\",\"float_intro\":\"\",\"image_intro_alt\":\"\",\"image_intro_caption\":\"\",\"image_fulltext\":\"\",\"float_fulltext\":\"\",\"image_fulltext_alt\":\"\",\"image_fulltext_caption\":\"\"}', '{\"urla\":false,\"urlatext\":\"\",\"targeta\":\"\",\"urlb\":false,\"urlbtext\":\"\",\"targetb\":\"\",\"urlc\":false,\"urlctext\":\"\",\"targetc\":\"\"}', '{\"article_layout\":\"\",\"show_title\":\"\",\"link_titles\":\"\",\"show_tags\":\"\",\"show_intro\":\"\",\"info_block_position\":\"\",\"info_block_show_title\":\"\",\"show_category\":\"\",\"link_category\":\"\",\"show_parent_category\":\"\",\"link_parent_category\":\"\",\"show_associations\":\"\",\"show_author\":\"\",\"link_author\":\"\",\"show_create_date\":\"\",\"show_modify_date\":\"\",\"show_publish_date\":\"\",\"show_item_navigation\":\"\",\"show_icons\":\"\",\"show_print_icon\":\"\",\"show_email_icon\":\"\",\"show_vote\":\"\",\"show_hits\":\"\",\"show_noauth\":\"\",\"urls_position\":\"\",\"alternative_readmore\":\"\",\"article_page_title\":\"\",\"show_publishing_options\":\"\",\"show_article_options\":\"\",\"show_urls_images_backend\":\"\",\"show_urls_images_frontend\":\"\"}', 3, 3, '', '', 1, 89, '{\"robots\":\"\",\"author\":\"\",\"rights\":\"\",\"xreference\":\"\"}', 0, '*', '', ''),
(2, 57, 'FFF', 'fff', '<div class=\"introduction\">\r\n<p><span style=\"font-size: 12pt;\">La FFF compte aujourd\'hui près de 2,2 millions de licenciés dont 400 000 bénévoles et 160 000 féminines.</span></p>\r\n</div>\r\n<ul>\r\n<li>2 160 788 licences dont 159 128 féminines (au 30 juin 2017).</li>\r\n<li>14 993 clubs dont 40 clubs professionnels participant aux championnats de L1 (20 clubs) et de L2 (20 clubs).</li>\r\n<li>836 135 matches par an.</li>\r\n<li>13 ligues régionales + 9 d\'outre-mer.</li>\r\n<li>90 districts.</li>\r\n<li>7 000 salariés.</li>\r\n<li>400 000 bénévoles.</li>\r\n</ul>', '', 1, 2, '2018-09-25 08:33:21', 35, '', '2018-09-25 08:33:21', 0, 0, '0000-00-00 00:00:00', '2018-09-25 08:33:21', '0000-00-00 00:00:00', '{\"image_intro\":\"\",\"float_intro\":\"\",\"image_intro_alt\":\"\",\"image_intro_caption\":\"\",\"image_fulltext\":\"\",\"float_fulltext\":\"\",\"image_fulltext_alt\":\"\",\"image_fulltext_caption\":\"\"}', '{\"urla\":false,\"urlatext\":\"\",\"targeta\":\"\",\"urlb\":false,\"urlbtext\":\"\",\"targetb\":\"\",\"urlc\":false,\"urlctext\":\"\",\"targetc\":\"\"}', '{\"article_layout\":\"\",\"show_title\":\"\",\"link_titles\":\"\",\"show_tags\":\"\",\"show_intro\":\"\",\"info_block_position\":\"\",\"info_block_show_title\":\"\",\"show_category\":\"\",\"link_category\":\"\",\"show_parent_category\":\"\",\"link_parent_category\":\"\",\"show_associations\":\"\",\"show_author\":\"\",\"link_author\":\"\",\"show_create_date\":\"\",\"show_modify_date\":\"\",\"show_publish_date\":\"\",\"show_item_navigation\":\"\",\"show_icons\":\"\",\"show_print_icon\":\"\",\"show_email_icon\":\"\",\"show_vote\":\"\",\"show_hits\":\"\",\"show_noauth\":\"\",\"urls_position\":\"\",\"alternative_readmore\":\"\",\"article_page_title\":\"\",\"show_publishing_options\":\"\",\"show_article_options\":\"\",\"show_urls_images_backend\":\"\",\"show_urls_images_frontend\":\"\"}', 1, 2, '', '', 1, 5, '{\"robots\":\"\",\"author\":\"\",\"rights\":\"\",\"xreference\":\"\"}', 0, '*', '', ''),
(3, 58, 'Tournois', 'tournois', '<p>Les tournois et matches amicaux sont proposés par les entraineurs des clubs aux autres entraineurs qui sont libres d’accepter ou refuser les invitations, en fonction de la disponibilité de leurs équipes.</p>', '', 1, 2, '2018-09-25 08:40:20', 35, '', '2018-09-25 08:40:20', 0, 0, '0000-00-00 00:00:00', '2018-09-25 08:40:20', '0000-00-00 00:00:00', '{\"image_intro\":\"\",\"float_intro\":\"\",\"image_intro_alt\":\"\",\"image_intro_caption\":\"\",\"image_fulltext\":\"\",\"float_fulltext\":\"\",\"image_fulltext_alt\":\"\",\"image_fulltext_caption\":\"\"}', '{\"urla\":false,\"urlatext\":\"\",\"targeta\":\"\",\"urlb\":false,\"urlbtext\":\"\",\"targetb\":\"\",\"urlc\":false,\"urlctext\":\"\",\"targetc\":\"\"}', '{\"article_layout\":\"\",\"show_title\":\"\",\"link_titles\":\"\",\"show_tags\":\"\",\"show_intro\":\"\",\"info_block_position\":\"\",\"info_block_show_title\":\"\",\"show_category\":\"\",\"link_category\":\"\",\"show_parent_category\":\"\",\"link_parent_category\":\"\",\"show_associations\":\"\",\"show_author\":\"\",\"link_author\":\"\",\"show_create_date\":\"\",\"show_modify_date\":\"\",\"show_publish_date\":\"\",\"show_item_navigation\":\"\",\"show_icons\":\"\",\"show_print_icon\":\"\",\"show_email_icon\":\"\",\"show_vote\":\"\",\"show_hits\":\"\",\"show_noauth\":\"\",\"urls_position\":\"\",\"alternative_readmore\":\"\",\"article_page_title\":\"\",\"show_publishing_options\":\"\",\"show_article_options\":\"\",\"show_urls_images_backend\":\"\",\"show_urls_images_frontend\":\"\"}', 1, 1, '', '', 1, 5, '{\"robots\":\"\",\"author\":\"\",\"rights\":\"\",\"xreference\":\"\"}', 0, '*', '', ''),
(4, 59, 'Discussions', 'discussions', '<p>Cette page est réservée aux adhérents (entraîneurs, joueurs, arbitres...).</p>', '', 1, 2, '2018-09-25 08:44:23', 35, '', '2018-09-25 08:44:23', 0, 0, '0000-00-00 00:00:00', '2018-09-25 08:44:23', '0000-00-00 00:00:00', '{\"image_intro\":\"\",\"float_intro\":\"\",\"image_intro_alt\":\"\",\"image_intro_caption\":\"\",\"image_fulltext\":\"\",\"float_fulltext\":\"\",\"image_fulltext_alt\":\"\",\"image_fulltext_caption\":\"\"}', '{\"urla\":false,\"urlatext\":\"\",\"targeta\":\"\",\"urlb\":false,\"urlbtext\":\"\",\"targetb\":\"\",\"urlc\":false,\"urlctext\":\"\",\"targetc\":\"\"}', '{\"article_layout\":\"\",\"show_title\":\"\",\"link_titles\":\"\",\"show_tags\":\"\",\"show_intro\":\"\",\"info_block_position\":\"\",\"info_block_show_title\":\"\",\"show_category\":\"\",\"link_category\":\"\",\"show_parent_category\":\"\",\"link_parent_category\":\"\",\"show_associations\":\"\",\"show_author\":\"\",\"link_author\":\"\",\"show_create_date\":\"\",\"show_modify_date\":\"\",\"show_publish_date\":\"\",\"show_item_navigation\":\"\",\"show_icons\":\"\",\"show_print_icon\":\"\",\"show_email_icon\":\"\",\"show_vote\":\"\",\"show_hits\":\"\",\"show_noauth\":\"\",\"urls_position\":\"\",\"alternative_readmore\":\"\",\"article_page_title\":\"\",\"show_publishing_options\":\"\",\"show_article_options\":\"\",\"show_urls_images_backend\":\"\",\"show_urls_images_frontend\":\"\"}', 1, 0, '', '', 2, 9, '{\"robots\":\"\",\"author\":\"\",\"rights\":\"\",\"xreference\":\"\"}', 0, '*', '', '');

-- --------------------------------------------------------

--
-- Structure de la table `footregion_contentitem_tag_map`
--

CREATE TABLE `footregion_contentitem_tag_map` (
  `type_alias` varchar(255) COLLATE utf8mb4_unicode_ci NOT NULL DEFAULT '',
  `core_content_id` int(10) UNSIGNED NOT NULL COMMENT 'PK from the core content table',
  `content_item_id` int(11) NOT NULL COMMENT 'PK from the content type table',
  `tag_id` int(10) UNSIGNED NOT NULL COMMENT 'PK from the tag table',
  `tag_date` timestamp NOT NULL DEFAULT CURRENT_TIMESTAMP ON UPDATE CURRENT_TIMESTAMP COMMENT 'Date of most recent save for this tag-item',
  `type_id` mediumint(8) NOT NULL COMMENT 'PK from the content_type table'
) ENGINE=InnoDB DEFAULT CHARSET=utf8mb4 COLLATE=utf8mb4_unicode_ci COMMENT='Maps items from content tables to tags';

-- --------------------------------------------------------

--
-- Structure de la table `footregion_content_frontpage`
--

CREATE TABLE `footregion_content_frontpage` (
  `content_id` int(11) NOT NULL DEFAULT '0',
  `ordering` int(11) NOT NULL DEFAULT '0'
) ENGINE=InnoDB DEFAULT CHARSET=utf8mb4 COLLATE=utf8mb4_unicode_ci;

-- --------------------------------------------------------

--
-- Structure de la table `footregion_content_rating`
--

CREATE TABLE `footregion_content_rating` (
  `content_id` int(11) NOT NULL DEFAULT '0',
  `rating_sum` int(10) UNSIGNED NOT NULL DEFAULT '0',
  `rating_count` int(10) UNSIGNED NOT NULL DEFAULT '0',
  `lastip` varchar(50) COLLATE utf8mb4_unicode_ci NOT NULL DEFAULT ''
) ENGINE=InnoDB DEFAULT CHARSET=utf8mb4 COLLATE=utf8mb4_unicode_ci;

-- --------------------------------------------------------

--
-- Structure de la table `footregion_content_types`
--

CREATE TABLE `footregion_content_types` (
  `type_id` int(10) UNSIGNED NOT NULL,
  `type_title` varchar(255) COLLATE utf8mb4_unicode_ci NOT NULL DEFAULT '',
  `type_alias` varchar(400) COLLATE utf8mb4_unicode_ci NOT NULL DEFAULT '',
  `table` varchar(255) COLLATE utf8mb4_unicode_ci NOT NULL DEFAULT '',
  `rules` text COLLATE utf8mb4_unicode_ci NOT NULL,
  `field_mappings` text COLLATE utf8mb4_unicode_ci NOT NULL,
  `router` varchar(255) COLLATE utf8mb4_unicode_ci NOT NULL DEFAULT '',
  `content_history_options` varchar(5120) COLLATE utf8mb4_unicode_ci DEFAULT NULL COMMENT 'JSON string for com_contenthistory options'
) ENGINE=InnoDB DEFAULT CHARSET=utf8mb4 COLLATE=utf8mb4_unicode_ci;

--
-- Déchargement des données de la table `footregion_content_types`
--

INSERT INTO `footregion_content_types` (`type_id`, `type_title`, `type_alias`, `table`, `rules`, `field_mappings`, `router`, `content_history_options`) VALUES
(1, 'Article', 'com_content.article', '{\"special\":{\"dbtable\":\"#__content\",\"key\":\"id\",\"type\":\"Content\",\"prefix\":\"JTable\",\"config\":\"array()\"},\"common\":{\"dbtable\":\"#__ucm_content\",\"key\":\"ucm_id\",\"type\":\"Corecontent\",\"prefix\":\"JTable\",\"config\":\"array()\"}}', '', '{\"common\":{\"core_content_item_id\":\"id\",\"core_title\":\"title\",\"core_state\":\"state\",\"core_alias\":\"alias\",\"core_created_time\":\"created\",\"core_modified_time\":\"modified\",\"core_body\":\"introtext\", \"core_hits\":\"hits\",\"core_publish_up\":\"publish_up\",\"core_publish_down\":\"publish_down\",\"core_access\":\"access\", \"core_params\":\"attribs\", \"core_featured\":\"featured\", \"core_metadata\":\"metadata\", \"core_language\":\"language\", \"core_images\":\"images\", \"core_urls\":\"urls\", \"core_version\":\"version\", \"core_ordering\":\"ordering\", \"core_metakey\":\"metakey\", \"core_metadesc\":\"metadesc\", \"core_catid\":\"catid\", \"core_xreference\":\"xreference\", \"asset_id\":\"asset_id\", \"note\":\"note\"}, \"special\":{\"fulltext\":\"fulltext\"}}', 'ContentHelperRoute::getArticleRoute', '{\"formFile\":\"administrator\\/components\\/com_content\\/models\\/forms\\/article.xml\", \"hideFields\":[\"asset_id\",\"checked_out\",\"checked_out_time\",\"version\"],\"ignoreChanges\":[\"modified_by\", \"modified\", \"checked_out\", \"checked_out_time\", \"version\", \"hits\"],\"convertToInt\":[\"publish_up\", \"publish_down\", \"featured\", \"ordering\"],\"displayLookup\":[{\"sourceColumn\":\"catid\",\"targetTable\":\"#__categories\",\"targetColumn\":\"id\",\"displayColumn\":\"title\"},{\"sourceColumn\":\"created_by\",\"targetTable\":\"#__users\",\"targetColumn\":\"id\",\"displayColumn\":\"name\"},{\"sourceColumn\":\"access\",\"targetTable\":\"#__viewlevels\",\"targetColumn\":\"id\",\"displayColumn\":\"title\"},{\"sourceColumn\":\"modified_by\",\"targetTable\":\"#__users\",\"targetColumn\":\"id\",\"displayColumn\":\"name\"} ]}'),
(2, 'Contact', 'com_contact.contact', '{\"special\":{\"dbtable\":\"#__contact_details\",\"key\":\"id\",\"type\":\"Contact\",\"prefix\":\"ContactTable\",\"config\":\"array()\"},\"common\":{\"dbtable\":\"#__ucm_content\",\"key\":\"ucm_id\",\"type\":\"Corecontent\",\"prefix\":\"JTable\",\"config\":\"array()\"}}', '', '{\"common\":{\"core_content_item_id\":\"id\",\"core_title\":\"name\",\"core_state\":\"published\",\"core_alias\":\"alias\",\"core_created_time\":\"created\",\"core_modified_time\":\"modified\",\"core_body\":\"address\", \"core_hits\":\"hits\",\"core_publish_up\":\"publish_up\",\"core_publish_down\":\"publish_down\",\"core_access\":\"access\", \"core_params\":\"params\", \"core_featured\":\"featured\", \"core_metadata\":\"metadata\", \"core_language\":\"language\", \"core_images\":\"image\", \"core_urls\":\"webpage\", \"core_version\":\"version\", \"core_ordering\":\"ordering\", \"core_metakey\":\"metakey\", \"core_metadesc\":\"metadesc\", \"core_catid\":\"catid\", \"core_xreference\":\"xreference\", \"asset_id\":\"null\"}, \"special\":{\"con_position\":\"con_position\",\"suburb\":\"suburb\",\"state\":\"state\",\"country\":\"country\",\"postcode\":\"postcode\",\"telephone\":\"telephone\",\"fax\":\"fax\",\"misc\":\"misc\",\"email_to\":\"email_to\",\"default_con\":\"default_con\",\"user_id\":\"user_id\",\"mobile\":\"mobile\",\"sortname1\":\"sortname1\",\"sortname2\":\"sortname2\",\"sortname3\":\"sortname3\"}}', 'ContactHelperRoute::getContactRoute', '{\"formFile\":\"administrator\\/components\\/com_contact\\/models\\/forms\\/contact.xml\",\"hideFields\":[\"default_con\",\"checked_out\",\"checked_out_time\",\"version\",\"xreference\"],\"ignoreChanges\":[\"modified_by\", \"modified\", \"checked_out\", \"checked_out_time\", \"version\", \"hits\"],\"convertToInt\":[\"publish_up\", \"publish_down\", \"featured\", \"ordering\"], \"displayLookup\":[ {\"sourceColumn\":\"created_by\",\"targetTable\":\"#__users\",\"targetColumn\":\"id\",\"displayColumn\":\"name\"},{\"sourceColumn\":\"catid\",\"targetTable\":\"#__categories\",\"targetColumn\":\"id\",\"displayColumn\":\"title\"},{\"sourceColumn\":\"modified_by\",\"targetTable\":\"#__users\",\"targetColumn\":\"id\",\"displayColumn\":\"name\"},{\"sourceColumn\":\"access\",\"targetTable\":\"#__viewlevels\",\"targetColumn\":\"id\",\"displayColumn\":\"title\"},{\"sourceColumn\":\"user_id\",\"targetTable\":\"#__users\",\"targetColumn\":\"id\",\"displayColumn\":\"name\"} ] }'),
(3, 'Newsfeed', 'com_newsfeeds.newsfeed', '{\"special\":{\"dbtable\":\"#__newsfeeds\",\"key\":\"id\",\"type\":\"Newsfeed\",\"prefix\":\"NewsfeedsTable\",\"config\":\"array()\"},\"common\":{\"dbtable\":\"#__ucm_content\",\"key\":\"ucm_id\",\"type\":\"Corecontent\",\"prefix\":\"JTable\",\"config\":\"array()\"}}', '', '{\"common\":{\"core_content_item_id\":\"id\",\"core_title\":\"name\",\"core_state\":\"published\",\"core_alias\":\"alias\",\"core_created_time\":\"created\",\"core_modified_time\":\"modified\",\"core_body\":\"description\", \"core_hits\":\"hits\",\"core_publish_up\":\"publish_up\",\"core_publish_down\":\"publish_down\",\"core_access\":\"access\", \"core_params\":\"params\", \"core_featured\":\"featured\", \"core_metadata\":\"metadata\", \"core_language\":\"language\", \"core_images\":\"images\", \"core_urls\":\"link\", \"core_version\":\"version\", \"core_ordering\":\"ordering\", \"core_metakey\":\"metakey\", \"core_metadesc\":\"metadesc\", \"core_catid\":\"catid\", \"core_xreference\":\"xreference\", \"asset_id\":\"null\"}, \"special\":{\"numarticles\":\"numarticles\",\"cache_time\":\"cache_time\",\"rtl\":\"rtl\"}}', 'NewsfeedsHelperRoute::getNewsfeedRoute', '{\"formFile\":\"administrator\\/components\\/com_newsfeeds\\/models\\/forms\\/newsfeed.xml\",\"hideFields\":[\"asset_id\",\"checked_out\",\"checked_out_time\",\"version\"],\"ignoreChanges\":[\"modified_by\", \"modified\", \"checked_out\", \"checked_out_time\", \"version\", \"hits\"],\"convertToInt\":[\"publish_up\", \"publish_down\", \"featured\", \"ordering\"],\"displayLookup\":[{\"sourceColumn\":\"catid\",\"targetTable\":\"#__categories\",\"targetColumn\":\"id\",\"displayColumn\":\"title\"},{\"sourceColumn\":\"created_by\",\"targetTable\":\"#__users\",\"targetColumn\":\"id\",\"displayColumn\":\"name\"},{\"sourceColumn\":\"access\",\"targetTable\":\"#__viewlevels\",\"targetColumn\":\"id\",\"displayColumn\":\"title\"},{\"sourceColumn\":\"modified_by\",\"targetTable\":\"#__users\",\"targetColumn\":\"id\",\"displayColumn\":\"name\"} ]}'),
(4, 'User', 'com_users.user', '{\"special\":{\"dbtable\":\"#__users\",\"key\":\"id\",\"type\":\"User\",\"prefix\":\"JTable\",\"config\":\"array()\"},\"common\":{\"dbtable\":\"#__ucm_content\",\"key\":\"ucm_id\",\"type\":\"Corecontent\",\"prefix\":\"JTable\",\"config\":\"array()\"}}', '', '{\"common\":{\"core_content_item_id\":\"id\",\"core_title\":\"name\",\"core_state\":\"null\",\"core_alias\":\"username\",\"core_created_time\":\"registerdate\",\"core_modified_time\":\"lastvisitDate\",\"core_body\":\"null\", \"core_hits\":\"null\",\"core_publish_up\":\"null\",\"core_publish_down\":\"null\",\"access\":\"null\", \"core_params\":\"params\", \"core_featured\":\"null\", \"core_metadata\":\"null\", \"core_language\":\"null\", \"core_images\":\"null\", \"core_urls\":\"null\", \"core_version\":\"null\", \"core_ordering\":\"null\", \"core_metakey\":\"null\", \"core_metadesc\":\"null\", \"core_catid\":\"null\", \"core_xreference\":\"null\", \"asset_id\":\"null\"}, \"special\":{}}', 'UsersHelperRoute::getUserRoute', ''),
(5, 'Article Category', 'com_content.category', '{\"special\":{\"dbtable\":\"#__categories\",\"key\":\"id\",\"type\":\"Category\",\"prefix\":\"JTable\",\"config\":\"array()\"},\"common\":{\"dbtable\":\"#__ucm_content\",\"key\":\"ucm_id\",\"type\":\"Corecontent\",\"prefix\":\"JTable\",\"config\":\"array()\"}}', '', '{\"common\":{\"core_content_item_id\":\"id\",\"core_title\":\"title\",\"core_state\":\"published\",\"core_alias\":\"alias\",\"core_created_time\":\"created_time\",\"core_modified_time\":\"modified_time\",\"core_body\":\"description\", \"core_hits\":\"hits\",\"core_publish_up\":\"null\",\"core_publish_down\":\"null\",\"core_access\":\"access\", \"core_params\":\"params\", \"core_featured\":\"null\", \"core_metadata\":\"metadata\", \"core_language\":\"language\", \"core_images\":\"null\", \"core_urls\":\"null\", \"core_version\":\"version\", \"core_ordering\":\"null\", \"core_metakey\":\"metakey\", \"core_metadesc\":\"metadesc\", \"core_catid\":\"parent_id\", \"core_xreference\":\"null\", \"asset_id\":\"asset_id\"}, \"special\":{\"parent_id\":\"parent_id\",\"lft\":\"lft\",\"rgt\":\"rgt\",\"level\":\"level\",\"path\":\"path\",\"extension\":\"extension\",\"note\":\"note\"}}', 'ContentHelperRoute::getCategoryRoute', '{\"formFile\":\"administrator\\/components\\/com_categories\\/models\\/forms\\/category.xml\", \"hideFields\":[\"asset_id\",\"checked_out\",\"checked_out_time\",\"version\",\"lft\",\"rgt\",\"level\",\"path\",\"extension\"], \"ignoreChanges\":[\"modified_user_id\", \"modified_time\", \"checked_out\", \"checked_out_time\", \"version\", \"hits\", \"path\"],\"convertToInt\":[\"publish_up\", \"publish_down\"], \"displayLookup\":[{\"sourceColumn\":\"created_user_id\",\"targetTable\":\"#__users\",\"targetColumn\":\"id\",\"displayColumn\":\"name\"},{\"sourceColumn\":\"access\",\"targetTable\":\"#__viewlevels\",\"targetColumn\":\"id\",\"displayColumn\":\"title\"},{\"sourceColumn\":\"modified_user_id\",\"targetTable\":\"#__users\",\"targetColumn\":\"id\",\"displayColumn\":\"name\"},{\"sourceColumn\":\"parent_id\",\"targetTable\":\"#__categories\",\"targetColumn\":\"id\",\"displayColumn\":\"title\"}]}'),
(6, 'Contact Category', 'com_contact.category', '{\"special\":{\"dbtable\":\"#__categories\",\"key\":\"id\",\"type\":\"Category\",\"prefix\":\"JTable\",\"config\":\"array()\"},\"common\":{\"dbtable\":\"#__ucm_content\",\"key\":\"ucm_id\",\"type\":\"Corecontent\",\"prefix\":\"JTable\",\"config\":\"array()\"}}', '', '{\"common\":{\"core_content_item_id\":\"id\",\"core_title\":\"title\",\"core_state\":\"published\",\"core_alias\":\"alias\",\"core_created_time\":\"created_time\",\"core_modified_time\":\"modified_time\",\"core_body\":\"description\", \"core_hits\":\"hits\",\"core_publish_up\":\"null\",\"core_publish_down\":\"null\",\"core_access\":\"access\", \"core_params\":\"params\", \"core_featured\":\"null\", \"core_metadata\":\"metadata\", \"core_language\":\"language\", \"core_images\":\"null\", \"core_urls\":\"null\", \"core_version\":\"version\", \"core_ordering\":\"null\", \"core_metakey\":\"metakey\", \"core_metadesc\":\"metadesc\", \"core_catid\":\"parent_id\", \"core_xreference\":\"null\", \"asset_id\":\"asset_id\"}, \"special\":{\"parent_id\":\"parent_id\",\"lft\":\"lft\",\"rgt\":\"rgt\",\"level\":\"level\",\"path\":\"path\",\"extension\":\"extension\",\"note\":\"note\"}}', 'ContactHelperRoute::getCategoryRoute', '{\"formFile\":\"administrator\\/components\\/com_categories\\/models\\/forms\\/category.xml\", \"hideFields\":[\"asset_id\",\"checked_out\",\"checked_out_time\",\"version\",\"lft\",\"rgt\",\"level\",\"path\",\"extension\"], \"ignoreChanges\":[\"modified_user_id\", \"modified_time\", \"checked_out\", \"checked_out_time\", \"version\", \"hits\", \"path\"],\"convertToInt\":[\"publish_up\", \"publish_down\"], \"displayLookup\":[{\"sourceColumn\":\"created_user_id\",\"targetTable\":\"#__users\",\"targetColumn\":\"id\",\"displayColumn\":\"name\"},{\"sourceColumn\":\"access\",\"targetTable\":\"#__viewlevels\",\"targetColumn\":\"id\",\"displayColumn\":\"title\"},{\"sourceColumn\":\"modified_user_id\",\"targetTable\":\"#__users\",\"targetColumn\":\"id\",\"displayColumn\":\"name\"},{\"sourceColumn\":\"parent_id\",\"targetTable\":\"#__categories\",\"targetColumn\":\"id\",\"displayColumn\":\"title\"}]}'),
(7, 'Newsfeeds Category', 'com_newsfeeds.category', '{\"special\":{\"dbtable\":\"#__categories\",\"key\":\"id\",\"type\":\"Category\",\"prefix\":\"JTable\",\"config\":\"array()\"},\"common\":{\"dbtable\":\"#__ucm_content\",\"key\":\"ucm_id\",\"type\":\"Corecontent\",\"prefix\":\"JTable\",\"config\":\"array()\"}}', '', '{\"common\":{\"core_content_item_id\":\"id\",\"core_title\":\"title\",\"core_state\":\"published\",\"core_alias\":\"alias\",\"core_created_time\":\"created_time\",\"core_modified_time\":\"modified_time\",\"core_body\":\"description\", \"core_hits\":\"hits\",\"core_publish_up\":\"null\",\"core_publish_down\":\"null\",\"core_access\":\"access\", \"core_params\":\"params\", \"core_featured\":\"null\", \"core_metadata\":\"metadata\", \"core_language\":\"language\", \"core_images\":\"null\", \"core_urls\":\"null\", \"core_version\":\"version\", \"core_ordering\":\"null\", \"core_metakey\":\"metakey\", \"core_metadesc\":\"metadesc\", \"core_catid\":\"parent_id\", \"core_xreference\":\"null\", \"asset_id\":\"asset_id\"}, \"special\":{\"parent_id\":\"parent_id\",\"lft\":\"lft\",\"rgt\":\"rgt\",\"level\":\"level\",\"path\":\"path\",\"extension\":\"extension\",\"note\":\"note\"}}', 'NewsfeedsHelperRoute::getCategoryRoute', '{\"formFile\":\"administrator\\/components\\/com_categories\\/models\\/forms\\/category.xml\", \"hideFields\":[\"asset_id\",\"checked_out\",\"checked_out_time\",\"version\",\"lft\",\"rgt\",\"level\",\"path\",\"extension\"], \"ignoreChanges\":[\"modified_user_id\", \"modified_time\", \"checked_out\", \"checked_out_time\", \"version\", \"hits\", \"path\"],\"convertToInt\":[\"publish_up\", \"publish_down\"], \"displayLookup\":[{\"sourceColumn\":\"created_user_id\",\"targetTable\":\"#__users\",\"targetColumn\":\"id\",\"displayColumn\":\"name\"},{\"sourceColumn\":\"access\",\"targetTable\":\"#__viewlevels\",\"targetColumn\":\"id\",\"displayColumn\":\"title\"},{\"sourceColumn\":\"modified_user_id\",\"targetTable\":\"#__users\",\"targetColumn\":\"id\",\"displayColumn\":\"name\"},{\"sourceColumn\":\"parent_id\",\"targetTable\":\"#__categories\",\"targetColumn\":\"id\",\"displayColumn\":\"title\"}]}'),
(8, 'Tag', 'com_tags.tag', '{\"special\":{\"dbtable\":\"#__tags\",\"key\":\"tag_id\",\"type\":\"Tag\",\"prefix\":\"TagsTable\",\"config\":\"array()\"},\"common\":{\"dbtable\":\"#__ucm_content\",\"key\":\"ucm_id\",\"type\":\"Corecontent\",\"prefix\":\"JTable\",\"config\":\"array()\"}}', '', '{\"common\":{\"core_content_item_id\":\"id\",\"core_title\":\"title\",\"core_state\":\"published\",\"core_alias\":\"alias\",\"core_created_time\":\"created_time\",\"core_modified_time\":\"modified_time\",\"core_body\":\"description\", \"core_hits\":\"hits\",\"core_publish_up\":\"null\",\"core_publish_down\":\"null\",\"core_access\":\"access\", \"core_params\":\"params\", \"core_featured\":\"featured\", \"core_metadata\":\"metadata\", \"core_language\":\"language\", \"core_images\":\"images\", \"core_urls\":\"urls\", \"core_version\":\"version\", \"core_ordering\":\"null\", \"core_metakey\":\"metakey\", \"core_metadesc\":\"metadesc\", \"core_catid\":\"null\", \"core_xreference\":\"null\", \"asset_id\":\"null\"}, \"special\":{\"parent_id\":\"parent_id\",\"lft\":\"lft\",\"rgt\":\"rgt\",\"level\":\"level\",\"path\":\"path\"}}', 'TagsHelperRoute::getTagRoute', '{\"formFile\":\"administrator\\/components\\/com_tags\\/models\\/forms\\/tag.xml\", \"hideFields\":[\"checked_out\",\"checked_out_time\",\"version\", \"lft\", \"rgt\", \"level\", \"path\", \"urls\", \"publish_up\", \"publish_down\"],\"ignoreChanges\":[\"modified_user_id\", \"modified_time\", \"checked_out\", \"checked_out_time\", \"version\", \"hits\", \"path\"],\"convertToInt\":[\"publish_up\", \"publish_down\"], \"displayLookup\":[{\"sourceColumn\":\"created_user_id\",\"targetTable\":\"#__users\",\"targetColumn\":\"id\",\"displayColumn\":\"name\"}, {\"sourceColumn\":\"access\",\"targetTable\":\"#__viewlevels\",\"targetColumn\":\"id\",\"displayColumn\":\"title\"}, {\"sourceColumn\":\"modified_user_id\",\"targetTable\":\"#__users\",\"targetColumn\":\"id\",\"displayColumn\":\"name\"}]}'),
(9, 'Banner', 'com_banners.banner', '{\"special\":{\"dbtable\":\"#__banners\",\"key\":\"id\",\"type\":\"Banner\",\"prefix\":\"BannersTable\",\"config\":\"array()\"},\"common\":{\"dbtable\":\"#__ucm_content\",\"key\":\"ucm_id\",\"type\":\"Corecontent\",\"prefix\":\"JTable\",\"config\":\"array()\"}}', '', '{\"common\":{\"core_content_item_id\":\"id\",\"core_title\":\"name\",\"core_state\":\"published\",\"core_alias\":\"alias\",\"core_created_time\":\"created\",\"core_modified_time\":\"modified\",\"core_body\":\"description\", \"core_hits\":\"null\",\"core_publish_up\":\"publish_up\",\"core_publish_down\":\"publish_down\",\"core_access\":\"access\", \"core_params\":\"params\", \"core_featured\":\"null\", \"core_metadata\":\"metadata\", \"core_language\":\"language\", \"core_images\":\"images\", \"core_urls\":\"link\", \"core_version\":\"version\", \"core_ordering\":\"ordering\", \"core_metakey\":\"metakey\", \"core_metadesc\":\"metadesc\", \"core_catid\":\"catid\", \"core_xreference\":\"null\", \"asset_id\":\"null\"}, \"special\":{\"imptotal\":\"imptotal\", \"impmade\":\"impmade\", \"clicks\":\"clicks\", \"clickurl\":\"clickurl\", \"custombannercode\":\"custombannercode\", \"cid\":\"cid\", \"purchase_type\":\"purchase_type\", \"track_impressions\":\"track_impressions\", \"track_clicks\":\"track_clicks\"}}', '', '{\"formFile\":\"administrator\\/components\\/com_banners\\/models\\/forms\\/banner.xml\", \"hideFields\":[\"checked_out\",\"checked_out_time\",\"version\", \"reset\"],\"ignoreChanges\":[\"modified_by\", \"modified\", \"checked_out\", \"checked_out_time\", \"version\", \"imptotal\", \"impmade\", \"reset\"], \"convertToInt\":[\"publish_up\", \"publish_down\", \"ordering\"], \"displayLookup\":[{\"sourceColumn\":\"catid\",\"targetTable\":\"#__categories\",\"targetColumn\":\"id\",\"displayColumn\":\"title\"}, {\"sourceColumn\":\"cid\",\"targetTable\":\"#__banner_clients\",\"targetColumn\":\"id\",\"displayColumn\":\"name\"}, {\"sourceColumn\":\"created_by\",\"targetTable\":\"#__users\",\"targetColumn\":\"id\",\"displayColumn\":\"name\"},{\"sourceColumn\":\"modified_by\",\"targetTable\":\"#__users\",\"targetColumn\":\"id\",\"displayColumn\":\"name\"} ]}'),
(10, 'Banners Category', 'com_banners.category', '{\"special\":{\"dbtable\":\"#__categories\",\"key\":\"id\",\"type\":\"Category\",\"prefix\":\"JTable\",\"config\":\"array()\"},\"common\":{\"dbtable\":\"#__ucm_content\",\"key\":\"ucm_id\",\"type\":\"Corecontent\",\"prefix\":\"JTable\",\"config\":\"array()\"}}', '', '{\"common\":{\"core_content_item_id\":\"id\",\"core_title\":\"title\",\"core_state\":\"published\",\"core_alias\":\"alias\",\"core_created_time\":\"created_time\",\"core_modified_time\":\"modified_time\",\"core_body\":\"description\", \"core_hits\":\"hits\",\"core_publish_up\":\"null\",\"core_publish_down\":\"null\",\"core_access\":\"access\", \"core_params\":\"params\", \"core_featured\":\"null\", \"core_metadata\":\"metadata\", \"core_language\":\"language\", \"core_images\":\"null\", \"core_urls\":\"null\", \"core_version\":\"version\", \"core_ordering\":\"null\", \"core_metakey\":\"metakey\", \"core_metadesc\":\"metadesc\", \"core_catid\":\"parent_id\", \"core_xreference\":\"null\", \"asset_id\":\"asset_id\"}, \"special\": {\"parent_id\":\"parent_id\",\"lft\":\"lft\",\"rgt\":\"rgt\",\"level\":\"level\",\"path\":\"path\",\"extension\":\"extension\",\"note\":\"note\"}}', '', '{\"formFile\":\"administrator\\/components\\/com_categories\\/models\\/forms\\/category.xml\", \"hideFields\":[\"asset_id\",\"checked_out\",\"checked_out_time\",\"version\",\"lft\",\"rgt\",\"level\",\"path\",\"extension\"], \"ignoreChanges\":[\"modified_user_id\", \"modified_time\", \"checked_out\", \"checked_out_time\", \"version\", \"hits\", \"path\"], \"convertToInt\":[\"publish_up\", \"publish_down\"], \"displayLookup\":[{\"sourceColumn\":\"created_user_id\",\"targetTable\":\"#__users\",\"targetColumn\":\"id\",\"displayColumn\":\"name\"},{\"sourceColumn\":\"access\",\"targetTable\":\"#__viewlevels\",\"targetColumn\":\"id\",\"displayColumn\":\"title\"},{\"sourceColumn\":\"modified_user_id\",\"targetTable\":\"#__users\",\"targetColumn\":\"id\",\"displayColumn\":\"name\"},{\"sourceColumn\":\"parent_id\",\"targetTable\":\"#__categories\",\"targetColumn\":\"id\",\"displayColumn\":\"title\"}]}'),
(11, 'Banner Client', 'com_banners.client', '{\"special\":{\"dbtable\":\"#__banner_clients\",\"key\":\"id\",\"type\":\"Client\",\"prefix\":\"BannersTable\"}}', '', '', '', '{\"formFile\":\"administrator\\/components\\/com_banners\\/models\\/forms\\/client.xml\", \"hideFields\":[\"checked_out\",\"checked_out_time\"], \"ignoreChanges\":[\"checked_out\", \"checked_out_time\"], \"convertToInt\":[], \"displayLookup\":[]}'),
(12, 'User Notes', 'com_users.note', '{\"special\":{\"dbtable\":\"#__user_notes\",\"key\":\"id\",\"type\":\"Note\",\"prefix\":\"UsersTable\"}}', '', '', '', '{\"formFile\":\"administrator\\/components\\/com_users\\/models\\/forms\\/note.xml\", \"hideFields\":[\"checked_out\",\"checked_out_time\", \"publish_up\", \"publish_down\"],\"ignoreChanges\":[\"modified_user_id\", \"modified_time\", \"checked_out\", \"checked_out_time\"], \"convertToInt\":[\"publish_up\", \"publish_down\"],\"displayLookup\":[{\"sourceColumn\":\"catid\",\"targetTable\":\"#__categories\",\"targetColumn\":\"id\",\"displayColumn\":\"title\"}, {\"sourceColumn\":\"created_user_id\",\"targetTable\":\"#__users\",\"targetColumn\":\"id\",\"displayColumn\":\"name\"}, {\"sourceColumn\":\"user_id\",\"targetTable\":\"#__users\",\"targetColumn\":\"id\",\"displayColumn\":\"name\"}, {\"sourceColumn\":\"modified_user_id\",\"targetTable\":\"#__users\",\"targetColumn\":\"id\",\"displayColumn\":\"name\"}]}'),
(13, 'User Notes Category', 'com_users.category', '{\"special\":{\"dbtable\":\"#__categories\",\"key\":\"id\",\"type\":\"Category\",\"prefix\":\"JTable\",\"config\":\"array()\"},\"common\":{\"dbtable\":\"#__ucm_content\",\"key\":\"ucm_id\",\"type\":\"Corecontent\",\"prefix\":\"JTable\",\"config\":\"array()\"}}', '', '{\"common\":{\"core_content_item_id\":\"id\",\"core_title\":\"title\",\"core_state\":\"published\",\"core_alias\":\"alias\",\"core_created_time\":\"created_time\",\"core_modified_time\":\"modified_time\",\"core_body\":\"description\", \"core_hits\":\"hits\",\"core_publish_up\":\"null\",\"core_publish_down\":\"null\",\"core_access\":\"access\", \"core_params\":\"params\", \"core_featured\":\"null\", \"core_metadata\":\"metadata\", \"core_language\":\"language\", \"core_images\":\"null\", \"core_urls\":\"null\", \"core_version\":\"version\", \"core_ordering\":\"null\", \"core_metakey\":\"metakey\", \"core_metadesc\":\"metadesc\", \"core_catid\":\"parent_id\", \"core_xreference\":\"null\", \"asset_id\":\"asset_id\"}, \"special\":{\"parent_id\":\"parent_id\",\"lft\":\"lft\",\"rgt\":\"rgt\",\"level\":\"level\",\"path\":\"path\",\"extension\":\"extension\",\"note\":\"note\"}}', '', '{\"formFile\":\"administrator\\/components\\/com_categories\\/models\\/forms\\/category.xml\", \"hideFields\":[\"checked_out\",\"checked_out_time\",\"version\",\"lft\",\"rgt\",\"level\",\"path\",\"extension\"], \"ignoreChanges\":[\"modified_user_id\", \"modified_time\", \"checked_out\", \"checked_out_time\", \"version\", \"hits\", \"path\"], \"convertToInt\":[\"publish_up\", \"publish_down\"], \"displayLookup\":[{\"sourceColumn\":\"created_user_id\",\"targetTable\":\"#__users\",\"targetColumn\":\"id\",\"displayColumn\":\"name\"}, {\"sourceColumn\":\"access\",\"targetTable\":\"#__viewlevels\",\"targetColumn\":\"id\",\"displayColumn\":\"title\"},{\"sourceColumn\":\"modified_user_id\",\"targetTable\":\"#__users\",\"targetColumn\":\"id\",\"displayColumn\":\"name\"},{\"sourceColumn\":\"parent_id\",\"targetTable\":\"#__categories\",\"targetColumn\":\"id\",\"displayColumn\":\"title\"}]}');

-- --------------------------------------------------------

--
-- Structure de la table `footregion_core_log_searches`
--

CREATE TABLE `footregion_core_log_searches` (
  `search_term` varchar(128) COLLATE utf8mb4_unicode_ci NOT NULL DEFAULT '',
  `hits` int(10) UNSIGNED NOT NULL DEFAULT '0'
) ENGINE=InnoDB DEFAULT CHARSET=utf8mb4 COLLATE=utf8mb4_unicode_ci;

-- --------------------------------------------------------

--
-- Structure de la table `footregion_extensions`
--

CREATE TABLE `footregion_extensions` (
  `extension_id` int(11) NOT NULL,
  `package_id` int(11) NOT NULL DEFAULT '0' COMMENT 'Parent package ID for extensions installed as a package.',
  `name` varchar(100) COLLATE utf8mb4_unicode_ci NOT NULL,
  `type` varchar(20) COLLATE utf8mb4_unicode_ci NOT NULL,
  `element` varchar(100) COLLATE utf8mb4_unicode_ci NOT NULL,
  `folder` varchar(100) COLLATE utf8mb4_unicode_ci NOT NULL,
  `client_id` tinyint(3) NOT NULL,
  `enabled` tinyint(3) NOT NULL DEFAULT '0',
  `access` int(10) UNSIGNED NOT NULL DEFAULT '1',
  `protected` tinyint(3) NOT NULL DEFAULT '0',
  `manifest_cache` text COLLATE utf8mb4_unicode_ci NOT NULL,
  `params` text COLLATE utf8mb4_unicode_ci NOT NULL,
  `custom_data` text COLLATE utf8mb4_unicode_ci NOT NULL,
  `system_data` text COLLATE utf8mb4_unicode_ci NOT NULL,
  `checked_out` int(10) UNSIGNED NOT NULL DEFAULT '0',
  `checked_out_time` datetime NOT NULL DEFAULT '0000-00-00 00:00:00',
  `ordering` int(11) DEFAULT '0',
  `state` int(11) DEFAULT '0'
) ENGINE=InnoDB DEFAULT CHARSET=utf8mb4 COLLATE=utf8mb4_unicode_ci;

--
-- Déchargement des données de la table `footregion_extensions`
--

INSERT INTO `footregion_extensions` (`extension_id`, `package_id`, `name`, `type`, `element`, `folder`, `client_id`, `enabled`, `access`, `protected`, `manifest_cache`, `params`, `custom_data`, `system_data`, `checked_out`, `checked_out_time`, `ordering`, `state`) VALUES
(1, 0, 'com_mailto', 'component', 'com_mailto', '', 0, 1, 1, 1, '{\"name\":\"com_mailto\",\"type\":\"component\",\"creationDate\":\"April 2006\",\"author\":\"Joomla! Project\",\"copyright\":\"(C) 2005 - 2018 Open Source Matters. All rights reserved.\\t\",\"authorEmail\":\"admin@joomla.org\",\"authorUrl\":\"www.joomla.org\",\"version\":\"3.0.0\",\"description\":\"COM_MAILTO_XML_DESCRIPTION\",\"group\":\"\",\"filename\":\"mailto\"}', '', '', '', 0, '0000-00-00 00:00:00', 0, 0),
(2, 0, 'com_wrapper', 'component', 'com_wrapper', '', 0, 1, 1, 1, '{\"name\":\"com_wrapper\",\"type\":\"component\",\"creationDate\":\"April 2006\",\"author\":\"Joomla! Project\",\"copyright\":\"(C) 2005 - 2018 Open Source Matters. All rights reserved.\\n\\t\",\"authorEmail\":\"admin@joomla.org\",\"authorUrl\":\"www.joomla.org\",\"version\":\"3.0.0\",\"description\":\"COM_WRAPPER_XML_DESCRIPTION\",\"group\":\"\",\"filename\":\"wrapper\"}', '', '', '', 0, '0000-00-00 00:00:00', 0, 0),
(3, 0, 'com_admin', 'component', 'com_admin', '', 1, 1, 1, 1, '{\"name\":\"com_admin\",\"type\":\"component\",\"creationDate\":\"April 2006\",\"author\":\"Joomla! Project\",\"copyright\":\"(C) 2005 - 2018 Open Source Matters. All rights reserved.\",\"authorEmail\":\"admin@joomla.org\",\"authorUrl\":\"www.joomla.org\",\"version\":\"3.0.0\",\"description\":\"COM_ADMIN_XML_DESCRIPTION\",\"group\":\"\"}', '', '', '', 0, '0000-00-00 00:00:00', 0, 0),
(4, 0, 'com_banners', 'component', 'com_banners', '', 1, 1, 1, 0, '{\"name\":\"com_banners\",\"type\":\"component\",\"creationDate\":\"April 2006\",\"author\":\"Joomla! Project\",\"copyright\":\"(C) 2005 - 2018 Open Source Matters. All rights reserved.\",\"authorEmail\":\"admin@joomla.org\",\"authorUrl\":\"www.joomla.org\",\"version\":\"3.0.0\",\"description\":\"COM_BANNERS_XML_DESCRIPTION\",\"group\":\"\",\"filename\":\"banners\"}', '{\"purchase_type\":\"3\",\"track_impressions\":\"0\",\"track_clicks\":\"0\",\"metakey_prefix\":\"\",\"save_history\":\"1\",\"history_limit\":10}', '', '', 0, '0000-00-00 00:00:00', 0, 0),
(5, 0, 'com_cache', 'component', 'com_cache', '', 1, 1, 1, 1, '{\"name\":\"com_cache\",\"type\":\"component\",\"creationDate\":\"April 2006\",\"author\":\"Joomla! Project\",\"copyright\":\"(C) 2005 - 2018 Open Source Matters. All rights reserved.\",\"authorEmail\":\"admin@joomla.org\",\"authorUrl\":\"www.joomla.org\",\"version\":\"3.0.0\",\"description\":\"COM_CACHE_XML_DESCRIPTION\",\"group\":\"\"}', '', '', '', 0, '0000-00-00 00:00:00', 0, 0),
(6, 0, 'com_categories', 'component', 'com_categories', '', 1, 1, 1, 1, '{\"name\":\"com_categories\",\"type\":\"component\",\"creationDate\":\"December 2007\",\"author\":\"Joomla! Project\",\"copyright\":\"(C) 2005 - 2018 Open Source Matters. All rights reserved.\",\"authorEmail\":\"admin@joomla.org\",\"authorUrl\":\"www.joomla.org\",\"version\":\"3.0.0\",\"description\":\"COM_CATEGORIES_XML_DESCRIPTION\",\"group\":\"\"}', '', '', '', 0, '0000-00-00 00:00:00', 0, 0),
(7, 0, 'com_checkin', 'component', 'com_checkin', '', 1, 1, 1, 1, '{\"name\":\"com_checkin\",\"type\":\"component\",\"creationDate\":\"April 2006\",\"author\":\"Joomla! Project\",\"copyright\":\"(C) 2005 - 2018 Open Source Matters. All rights reserved.\",\"authorEmail\":\"admin@joomla.org\",\"authorUrl\":\"www.joomla.org\",\"version\":\"3.0.0\",\"description\":\"COM_CHECKIN_XML_DESCRIPTION\",\"group\":\"\"}', '', '', '', 0, '0000-00-00 00:00:00', 0, 0),
(8, 0, 'com_contact', 'component', 'com_contact', '', 1, 1, 1, 0, '{\"name\":\"com_contact\",\"type\":\"component\",\"creationDate\":\"April 2006\",\"author\":\"Joomla! Project\",\"copyright\":\"(C) 2005 - 2018 Open Source Matters. All rights reserved.\",\"authorEmail\":\"admin@joomla.org\",\"authorUrl\":\"www.joomla.org\",\"version\":\"3.0.0\",\"description\":\"COM_CONTACT_XML_DESCRIPTION\",\"group\":\"\",\"filename\":\"contact\"}', '{\"contact_layout\":\"_:default\",\"show_contact_category\":\"hide\",\"save_history\":\"1\",\"history_limit\":10,\"show_contact_list\":\"0\",\"presentation_style\":\"sliders\",\"show_tags\":\"1\",\"show_info\":\"1\",\"show_name\":\"1\",\"show_position\":\"1\",\"show_email\":\"0\",\"show_street_address\":\"1\",\"show_suburb\":\"1\",\"show_state\":\"1\",\"show_postcode\":\"1\",\"show_country\":\"1\",\"show_telephone\":\"1\",\"show_mobile\":\"1\",\"show_fax\":\"1\",\"show_webpage\":\"1\",\"show_image\":\"1\",\"show_misc\":\"1\",\"image\":\"\",\"allow_vcard\":\"0\",\"show_articles\":\"0\",\"articles_display_num\":\"10\",\"show_profile\":\"0\",\"show_user_custom_fields\":[\"-1\"],\"show_links\":\"0\",\"linka_name\":\"\",\"linkb_name\":\"\",\"linkc_name\":\"\",\"linkd_name\":\"\",\"linke_name\":\"\",\"contact_icons\":\"0\",\"icon_address\":\"\",\"icon_email\":\"\",\"icon_telephone\":\"\",\"icon_mobile\":\"\",\"icon_fax\":\"\",\"icon_misc\":\"\",\"category_layout\":\"_:default\",\"show_category_title\":\"1\",\"show_description\":\"1\",\"show_description_image\":\"0\",\"maxLevel\":\"-1\",\"show_subcat_desc\":\"1\",\"show_empty_categories\":\"0\",\"show_cat_items\":\"1\",\"show_cat_tags\":\"1\",\"show_base_description\":\"1\",\"maxLevelcat\":\"-1\",\"show_subcat_desc_cat\":\"1\",\"show_empty_categories_cat\":\"0\",\"show_cat_items_cat\":\"1\",\"filter_field\":\"0\",\"show_pagination_limit\":\"0\",\"show_headings\":\"1\",\"show_image_heading\":\"0\",\"show_position_headings\":\"1\",\"show_email_headings\":\"0\",\"show_telephone_headings\":\"1\",\"show_mobile_headings\":\"0\",\"show_fax_headings\":\"0\",\"show_suburb_headings\":\"1\",\"show_state_headings\":\"1\",\"show_country_headings\":\"1\",\"show_pagination\":\"2\",\"show_pagination_results\":\"1\",\"initial_sort\":\"ordering\",\"captcha\":\"\",\"show_email_form\":\"1\",\"show_email_copy\":\"0\",\"banned_email\":\"\",\"banned_subject\":\"\",\"banned_text\":\"\",\"validate_session\":\"1\",\"custom_reply\":\"0\",\"redirect\":\"\",\"show_feed_link\":\"1\",\"sef_advanced\":0,\"sef_ids\":0,\"custom_fields_enable\":\"1\"}', '', '', 0, '0000-00-00 00:00:00', 0, 0),
(9, 0, 'com_cpanel', 'component', 'com_cpanel', '', 1, 1, 1, 1, '{\"name\":\"com_cpanel\",\"type\":\"component\",\"creationDate\":\"April 2006\",\"author\":\"Joomla! Project\",\"copyright\":\"(C) 2005 - 2018 Open Source Matters. All rights reserved.\",\"authorEmail\":\"admin@joomla.org\",\"authorUrl\":\"www.joomla.org\",\"version\":\"3.0.0\",\"description\":\"COM_CPANEL_XML_DESCRIPTION\",\"group\":\"\"}', '', '', '', 0, '0000-00-00 00:00:00', 0, 0),
(10, 0, 'com_installer', 'component', 'com_installer', '', 1, 1, 1, 1, '{\"name\":\"com_installer\",\"type\":\"component\",\"creationDate\":\"April 2006\",\"author\":\"Joomla! Project\",\"copyright\":\"(C) 2005 - 2018 Open Source Matters. All rights reserved.\",\"authorEmail\":\"admin@joomla.org\",\"authorUrl\":\"www.joomla.org\",\"version\":\"3.0.0\",\"description\":\"COM_INSTALLER_XML_DESCRIPTION\",\"group\":\"\"}', '{\"show_jed_info\":\"1\",\"cachetimeout\":\"6\",\"minimum_stability\":\"4\"}', '', '', 0, '0000-00-00 00:00:00', 0, 0),
(11, 0, 'com_languages', 'component', 'com_languages', '', 1, 1, 1, 1, '{\"name\":\"com_languages\",\"type\":\"component\",\"creationDate\":\"April 2006\",\"author\":\"Joomla! Project\",\"copyright\":\"(C) 2005 - 2018 Open Source Matters. All rights reserved.\",\"authorEmail\":\"admin@joomla.org\",\"authorUrl\":\"www.joomla.org\",\"version\":\"3.0.0\",\"description\":\"COM_LANGUAGES_XML_DESCRIPTION\",\"group\":\"\"}', '{\"administrator\":\"fr-FR\",\"site\":\"fr-FR\"}', '', '', 0, '0000-00-00 00:00:00', 0, 0),
(12, 0, 'com_login', 'component', 'com_login', '', 1, 1, 1, 1, '{\"name\":\"com_login\",\"type\":\"component\",\"creationDate\":\"April 2006\",\"author\":\"Joomla! Project\",\"copyright\":\"(C) 2005 - 2018 Open Source Matters. All rights reserved.\",\"authorEmail\":\"admin@joomla.org\",\"authorUrl\":\"www.joomla.org\",\"version\":\"3.0.0\",\"description\":\"COM_LOGIN_XML_DESCRIPTION\",\"group\":\"\"}', '', '', '', 0, '0000-00-00 00:00:00', 0, 0),
(13, 0, 'com_media', 'component', 'com_media', '', 1, 1, 0, 1, '{\"name\":\"com_media\",\"type\":\"component\",\"creationDate\":\"April 2006\",\"author\":\"Joomla! Project\",\"copyright\":\"(C) 2005 - 2018 Open Source Matters. All rights reserved.\",\"authorEmail\":\"admin@joomla.org\",\"authorUrl\":\"www.joomla.org\",\"version\":\"3.0.0\",\"description\":\"COM_MEDIA_XML_DESCRIPTION\",\"group\":\"\",\"filename\":\"media\"}', '{\"upload_extensions\":\"bmp,csv,doc,gif,ico,jpg,jpeg,odg,odp,ods,odt,pdf,png,ppt,txt,xcf,xls,BMP,CSV,DOC,GIF,ICO,JPG,JPEG,ODG,ODP,ODS,ODT,PDF,PNG,PPT,TXT,XCF,XLS\",\"upload_maxsize\":\"10\",\"file_path\":\"images\",\"image_path\":\"images\",\"restrict_uploads\":\"1\",\"allowed_media_usergroup\":\"3\",\"check_mime\":\"1\",\"image_extensions\":\"bmp,gif,jpg,png\",\"ignore_extensions\":\"\",\"upload_mime\":\"image\\/jpeg,image\\/gif,image\\/png,image\\/bmp,application\\/msword,application\\/excel,application\\/pdf,application\\/powerpoint,text\\/plain,application\\/x-zip\",\"upload_mime_illegal\":\"text\\/html\"}', '', '', 0, '0000-00-00 00:00:00', 0, 0),
(14, 0, 'com_menus', 'component', 'com_menus', '', 1, 1, 1, 1, '{\"name\":\"com_menus\",\"type\":\"component\",\"creationDate\":\"April 2006\",\"author\":\"Joomla! Project\",\"copyright\":\"(C) 2005 - 2018 Open Source Matters. All rights reserved.\",\"authorEmail\":\"admin@joomla.org\",\"authorUrl\":\"www.joomla.org\",\"version\":\"3.0.0\",\"description\":\"COM_MENUS_XML_DESCRIPTION\",\"group\":\"\"}', '{\"page_title\":\"\",\"show_page_heading\":0,\"page_heading\":\"\",\"pageclass_sfx\":\"\"}', '', '', 0, '0000-00-00 00:00:00', 0, 0),
(15, 0, 'com_messages', 'component', 'com_messages', '', 1, 1, 1, 1, '{\"name\":\"com_messages\",\"type\":\"component\",\"creationDate\":\"April 2006\",\"author\":\"Joomla! Project\",\"copyright\":\"(C) 2005 - 2018 Open Source Matters. All rights reserved.\",\"authorEmail\":\"admin@joomla.org\",\"authorUrl\":\"www.joomla.org\",\"version\":\"3.0.0\",\"description\":\"COM_MESSAGES_XML_DESCRIPTION\",\"group\":\"\"}', '', '', '', 0, '0000-00-00 00:00:00', 0, 0),
(16, 0, 'com_modules', 'component', 'com_modules', '', 1, 1, 1, 1, '{\"name\":\"com_modules\",\"type\":\"component\",\"creationDate\":\"April 2006\",\"author\":\"Joomla! Project\",\"copyright\":\"(C) 2005 - 2018 Open Source Matters. All rights reserved.\",\"authorEmail\":\"admin@joomla.org\",\"authorUrl\":\"www.joomla.org\",\"version\":\"3.0.0\",\"description\":\"COM_MODULES_XML_DESCRIPTION\",\"group\":\"\"}', '', '', '', 0, '0000-00-00 00:00:00', 0, 0),
(17, 0, 'com_newsfeeds', 'component', 'com_newsfeeds', '', 1, 1, 1, 0, '{\"name\":\"com_newsfeeds\",\"type\":\"component\",\"creationDate\":\"April 2006\",\"author\":\"Joomla! Project\",\"copyright\":\"(C) 2005 - 2018 Open Source Matters. All rights reserved.\",\"authorEmail\":\"admin@joomla.org\",\"authorUrl\":\"www.joomla.org\",\"version\":\"3.0.0\",\"description\":\"COM_NEWSFEEDS_XML_DESCRIPTION\",\"group\":\"\",\"filename\":\"newsfeeds\"}', '{\"newsfeed_layout\":\"_:default\",\"save_history\":\"1\",\"history_limit\":5,\"show_feed_image\":\"1\",\"show_feed_description\":\"1\",\"show_item_description\":\"1\",\"feed_character_count\":\"0\",\"feed_display_order\":\"des\",\"float_first\":\"right\",\"float_second\":\"right\",\"show_tags\":\"1\",\"category_layout\":\"_:default\",\"show_category_title\":\"1\",\"show_description\":\"1\",\"show_description_image\":\"1\",\"maxLevel\":\"-1\",\"show_empty_categories\":\"0\",\"show_subcat_desc\":\"1\",\"show_cat_items\":\"1\",\"show_cat_tags\":\"1\",\"show_base_description\":\"1\",\"maxLevelcat\":\"-1\",\"show_empty_categories_cat\":\"0\",\"show_subcat_desc_cat\":\"1\",\"show_cat_items_cat\":\"1\",\"filter_field\":\"1\",\"show_pagination_limit\":\"1\",\"show_headings\":\"1\",\"show_articles\":\"0\",\"show_link\":\"1\",\"show_pagination\":\"1\",\"show_pagination_results\":\"1\"}', '', '', 0, '0000-00-00 00:00:00', 0, 0),
(18, 0, 'com_plugins', 'component', 'com_plugins', '', 1, 1, 1, 1, '{\"name\":\"com_plugins\",\"type\":\"component\",\"creationDate\":\"April 2006\",\"author\":\"Joomla! Project\",\"copyright\":\"(C) 2005 - 2018 Open Source Matters. All rights reserved.\",\"authorEmail\":\"admin@joomla.org\",\"authorUrl\":\"www.joomla.org\",\"version\":\"3.0.0\",\"description\":\"COM_PLUGINS_XML_DESCRIPTION\",\"group\":\"\"}', '', '', '', 0, '0000-00-00 00:00:00', 0, 0),
(19, 0, 'com_search', 'component', 'com_search', '', 1, 1, 1, 0, '{\"name\":\"com_search\",\"type\":\"component\",\"creationDate\":\"April 2006\",\"author\":\"Joomla! Project\",\"copyright\":\"(C) 2005 - 2018 Open Source Matters. All rights reserved.\",\"authorEmail\":\"admin@joomla.org\",\"authorUrl\":\"www.joomla.org\",\"version\":\"3.0.0\",\"description\":\"COM_SEARCH_XML_DESCRIPTION\",\"group\":\"\",\"filename\":\"search\"}', '{\"enabled\":\"0\",\"search_phrases\":\"1\",\"search_areas\":\"1\",\"show_date\":\"1\",\"opensearch_name\":\"\",\"opensearch_description\":\"\"}', '', '', 0, '0000-00-00 00:00:00', 0, 0),
(20, 0, 'com_templates', 'component', 'com_templates', '', 1, 1, 1, 1, '{\"name\":\"com_templates\",\"type\":\"component\",\"creationDate\":\"April 2006\",\"author\":\"Joomla! Project\",\"copyright\":\"(C) 2005 - 2018 Open Source Matters. All rights reserved.\",\"authorEmail\":\"admin@joomla.org\",\"authorUrl\":\"www.joomla.org\",\"version\":\"3.0.0\",\"description\":\"COM_TEMPLATES_XML_DESCRIPTION\",\"group\":\"\"}', '{\"template_positions_display\":\"0\",\"upload_limit\":\"10\",\"image_formats\":\"gif,bmp,jpg,jpeg,png\",\"source_formats\":\"txt,less,ini,xml,js,php,css,scss,sass\",\"font_formats\":\"woff,ttf,otf\",\"compressed_formats\":\"zip\"}', '', '', 0, '0000-00-00 00:00:00', 0, 0),
(22, 0, 'com_content', 'component', 'com_content', '', 1, 1, 0, 1, '{\"name\":\"com_content\",\"type\":\"component\",\"creationDate\":\"April 2006\",\"author\":\"Joomla! Project\",\"copyright\":\"(C) 2005 - 2018 Open Source Matters. All rights reserved.\",\"authorEmail\":\"admin@joomla.org\",\"authorUrl\":\"www.joomla.org\",\"version\":\"3.0.0\",\"description\":\"COM_CONTENT_XML_DESCRIPTION\",\"group\":\"\",\"filename\":\"content\"}', '{\"article_layout\":\"_:default\",\"show_title\":\"1\",\"link_titles\":\"1\",\"show_intro\":\"1\",\"info_block_position\":\"0\",\"info_block_show_title\":\"1\",\"show_category\":\"0\",\"link_category\":\"1\",\"show_parent_category\":\"0\",\"link_parent_category\":\"0\",\"show_associations\":\"0\",\"flags\":\"1\",\"show_author\":\"0\",\"link_author\":\"0\",\"show_create_date\":\"0\",\"show_modify_date\":\"0\",\"show_publish_date\":\"0\",\"show_item_navigation\":\"0\",\"show_vote\":\"0\",\"show_readmore\":\"1\",\"show_readmore_title\":\"1\",\"readmore_limit\":\"100\",\"show_tags\":\"1\",\"show_icons\":\"0\",\"show_print_icon\":\"0\",\"show_email_icon\":\"0\",\"show_hits\":\"0\",\"show_noauth\":\"0\",\"urls_position\":\"0\",\"captcha\":\"\",\"show_publishing_options\":\"1\",\"show_article_options\":\"1\",\"save_history\":\"1\",\"history_limit\":10,\"show_urls_images_frontend\":\"0\",\"show_urls_images_backend\":\"1\",\"targeta\":0,\"targetb\":0,\"targetc\":0,\"float_intro\":\"left\",\"float_fulltext\":\"left\",\"category_layout\":\"_:blog\",\"show_category_heading_title_text\":\"1\",\"show_category_title\":\"0\",\"show_description\":\"0\",\"show_description_image\":\"0\",\"maxLevel\":\"1\",\"show_empty_categories\":\"0\",\"show_no_articles\":\"1\",\"show_subcat_desc\":\"1\",\"show_cat_num_articles\":\"0\",\"show_cat_tags\":\"1\",\"show_base_description\":\"1\",\"maxLevelcat\":\"-1\",\"show_empty_categories_cat\":\"0\",\"show_subcat_desc_cat\":\"1\",\"show_cat_num_articles_cat\":\"1\",\"num_leading_articles\":\"1\",\"num_intro_articles\":\"4\",\"num_columns\":\"2\",\"num_links\":\"4\",\"multi_column_order\":\"0\",\"show_subcategory_content\":\"0\",\"show_pagination_limit\":\"1\",\"filter_field\":\"hide\",\"show_headings\":\"1\",\"list_show_date\":\"0\",\"date_format\":\"\",\"list_show_hits\":\"1\",\"list_show_author\":\"1\",\"orderby_pri\":\"order\",\"orderby_sec\":\"rdate\",\"order_date\":\"published\",\"show_pagination\":\"2\",\"show_pagination_results\":\"1\",\"show_featured\":\"show\",\"show_feed_link\":\"1\",\"feed_summary\":\"0\",\"feed_show_readmore\":\"0\",\"sef_advanced\":0,\"sef_ids\":0,\"custom_fields_enable\":\"1\"}', '', '', 0, '0000-00-00 00:00:00', 0, 0),
(23, 0, 'com_config', 'component', 'com_config', '', 1, 1, 0, 1, '{\"name\":\"com_config\",\"type\":\"component\",\"creationDate\":\"April 2006\",\"author\":\"Joomla! Project\",\"copyright\":\"(C) 2005 - 2018 Open Source Matters. All rights reserved.\",\"authorEmail\":\"admin@joomla.org\",\"authorUrl\":\"www.joomla.org\",\"version\":\"3.0.0\",\"description\":\"COM_CONFIG_XML_DESCRIPTION\",\"group\":\"\"}', '{\"filters\":{\"1\":{\"filter_type\":\"NH\",\"filter_tags\":\"\",\"filter_attributes\":\"\"},\"6\":{\"filter_type\":\"BL\",\"filter_tags\":\"\",\"filter_attributes\":\"\"},\"7\":{\"filter_type\":\"BL\",\"filter_tags\":\"\",\"filter_attributes\":\"\"},\"2\":{\"filter_type\":\"NH\",\"filter_tags\":\"\",\"filter_attributes\":\"\"},\"3\":{\"filter_type\":\"BL\",\"filter_tags\":\"\",\"filter_attributes\":\"\"},\"4\":{\"filter_type\":\"BL\",\"filter_tags\":\"\",\"filter_attributes\":\"\"},\"5\":{\"filter_type\":\"BL\",\"filter_tags\":\"\",\"filter_attributes\":\"\"},\"10\":{\"filter_type\":\"BL\",\"filter_tags\":\"\",\"filter_attributes\":\"\"},\"12\":{\"filter_type\":\"BL\",\"filter_tags\":\"\",\"filter_attributes\":\"\"},\"8\":{\"filter_type\":\"NONE\",\"filter_tags\":\"\",\"filter_attributes\":\"\"}}}', '', '', 0, '0000-00-00 00:00:00', 0, 0),
(24, 0, 'com_redirect', 'component', 'com_redirect', '', 1, 1, 0, 1, '{\"name\":\"com_redirect\",\"type\":\"component\",\"creationDate\":\"April 2006\",\"author\":\"Joomla! Project\",\"copyright\":\"(C) 2005 - 2018 Open Source Matters. All rights reserved.\",\"authorEmail\":\"admin@joomla.org\",\"authorUrl\":\"www.joomla.org\",\"version\":\"3.0.0\",\"description\":\"COM_REDIRECT_XML_DESCRIPTION\",\"group\":\"\"}', '', '', '', 0, '0000-00-00 00:00:00', 0, 0),
(25, 0, 'com_users', 'component', 'com_users', '', 1, 1, 0, 1, '{\"name\":\"com_users\",\"type\":\"component\",\"creationDate\":\"April 2006\",\"author\":\"Joomla! Project\",\"copyright\":\"(C) 2005 - 2018 Open Source Matters. All rights reserved.\",\"authorEmail\":\"admin@joomla.org\",\"authorUrl\":\"www.joomla.org\",\"version\":\"3.0.0\",\"description\":\"COM_USERS_XML_DESCRIPTION\",\"group\":\"\",\"filename\":\"users\"}', '{\"allowUserRegistration\":\"0\",\"new_usertype\":\"2\",\"guest_usergroup\":\"9\",\"sendpassword\":\"0\",\"useractivation\":\"2\",\"mail_to_admin\":\"1\",\"captcha\":\"\",\"frontend_userparams\":\"1\",\"site_language\":\"0\",\"change_login_name\":\"0\",\"reset_count\":\"10\",\"reset_time\":\"1\",\"minimum_length\":\"4\",\"minimum_integers\":\"0\",\"minimum_symbols\":\"0\",\"minimum_uppercase\":\"0\",\"save_history\":\"1\",\"history_limit\":5,\"mailSubjectPrefix\":\"\",\"mailBodySuffix\":\"\"}', '', '', 0, '0000-00-00 00:00:00', 0, 0),
(27, 0, 'com_finder', 'component', 'com_finder', '', 1, 1, 0, 0, '{\"name\":\"com_finder\",\"type\":\"component\",\"creationDate\":\"August 2011\",\"author\":\"Joomla! Project\",\"copyright\":\"(C) 2005 - 2018 Open Source Matters. All rights reserved.\",\"authorEmail\":\"admin@joomla.org\",\"authorUrl\":\"www.joomla.org\",\"version\":\"3.0.0\",\"description\":\"COM_FINDER_XML_DESCRIPTION\",\"group\":\"\",\"filename\":\"finder\"}', '{\"enabled\":\"0\",\"show_description\":\"1\",\"description_length\":255,\"allow_empty_query\":\"0\",\"show_url\":\"1\",\"show_autosuggest\":\"1\",\"show_suggested_query\":\"1\",\"show_explained_query\":\"1\",\"show_advanced\":\"1\",\"show_advanced_tips\":\"1\",\"expand_advanced\":\"0\",\"show_date_filters\":\"0\",\"sort_order\":\"relevance\",\"sort_direction\":\"desc\",\"highlight_terms\":\"1\",\"opensearch_name\":\"\",\"opensearch_description\":\"\",\"batch_size\":\"50\",\"memory_table_limit\":30000,\"title_multiplier\":\"1.7\",\"text_multiplier\":\"0.7\",\"meta_multiplier\":\"1.2\",\"path_multiplier\":\"2.0\",\"misc_multiplier\":\"0.3\",\"stem\":\"1\",\"stemmer\":\"snowball\",\"enable_logging\":\"0\"}', '', '', 0, '0000-00-00 00:00:00', 0, 0),
(28, 0, 'com_joomlaupdate', 'component', 'com_joomlaupdate', '', 1, 1, 0, 1, '{\"name\":\"com_joomlaupdate\",\"type\":\"component\",\"creationDate\":\"February 2012\",\"author\":\"Joomla! Project\",\"copyright\":\"(C) 2005 - 2018 Open Source Matters. All rights reserved.\",\"authorEmail\":\"admin@joomla.org\",\"authorUrl\":\"www.joomla.org\",\"version\":\"3.6.2\",\"description\":\"COM_JOOMLAUPDATE_XML_DESCRIPTION\",\"group\":\"\"}', '{\"updatesource\":\"default\",\"customurl\":\"\"}', '', '', 0, '0000-00-00 00:00:00', 0, 0),
(29, 0, 'com_tags', 'component', 'com_tags', '', 1, 1, 1, 1, '{\"name\":\"com_tags\",\"type\":\"component\",\"creationDate\":\"December 2013\",\"author\":\"Joomla! Project\",\"copyright\":\"(C) 2005 - 2018 Open Source Matters. All rights reserved.\",\"authorEmail\":\"admin@joomla.org\",\"authorUrl\":\"www.joomla.org\",\"version\":\"3.1.0\",\"description\":\"COM_TAGS_XML_DESCRIPTION\",\"group\":\"\",\"filename\":\"tags\"}', '{\"tag_layout\":\"_:default\",\"save_history\":\"1\",\"history_limit\":5,\"show_tag_title\":\"0\",\"tag_list_show_tag_image\":\"0\",\"tag_list_show_tag_description\":\"0\",\"tag_list_image\":\"\",\"tag_list_orderby\":\"title\",\"tag_list_orderby_direction\":\"ASC\",\"show_headings\":\"0\",\"tag_list_show_date\":\"0\",\"tag_list_show_item_image\":\"0\",\"tag_list_show_item_description\":\"0\",\"tag_list_item_maximum_characters\":0,\"return_any_or_all\":\"1\",\"include_children\":\"0\",\"maximum\":200,\"tag_list_language_filter\":\"all\",\"tags_layout\":\"_:default\",\"all_tags_orderby\":\"title\",\"all_tags_orderby_direction\":\"ASC\",\"all_tags_show_tag_image\":\"0\",\"all_tags_show_tag_descripion\":\"0\",\"all_tags_tag_maximum_characters\":20,\"all_tags_show_tag_hits\":\"0\",\"filter_field\":\"1\",\"show_pagination_limit\":\"1\",\"show_pagination\":\"2\",\"show_pagination_results\":\"1\",\"tag_field_ajax_mode\":\"1\",\"show_feed_link\":\"1\"}', '', '', 0, '0000-00-00 00:00:00', 0, 0),
(30, 0, 'com_contenthistory', 'component', 'com_contenthistory', '', 1, 1, 1, 0, '{\"name\":\"com_contenthistory\",\"type\":\"component\",\"creationDate\":\"May 2013\",\"author\":\"Joomla! Project\",\"copyright\":\"(C) 2005 - 2018 Open Source Matters. All rights reserved.\",\"authorEmail\":\"admin@joomla.org\",\"authorUrl\":\"www.joomla.org\",\"version\":\"3.2.0\",\"description\":\"COM_CONTENTHISTORY_XML_DESCRIPTION\",\"group\":\"\",\"filename\":\"contenthistory\"}', '', '', '', 0, '0000-00-00 00:00:00', 0, 0),
(31, 0, 'com_ajax', 'component', 'com_ajax', '', 1, 1, 1, 1, '{\"name\":\"com_ajax\",\"type\":\"component\",\"creationDate\":\"August 2013\",\"author\":\"Joomla! Project\",\"copyright\":\"(C) 2005 - 2018 Open Source Matters. All rights reserved.\",\"authorEmail\":\"admin@joomla.org\",\"authorUrl\":\"www.joomla.org\",\"version\":\"3.2.0\",\"description\":\"COM_AJAX_XML_DESCRIPTION\",\"group\":\"\",\"filename\":\"ajax\"}', '', '', '', 0, '0000-00-00 00:00:00', 0, 0),
(32, 0, 'com_postinstall', 'component', 'com_postinstall', '', 1, 1, 1, 1, '{\"name\":\"com_postinstall\",\"type\":\"component\",\"creationDate\":\"September 2013\",\"author\":\"Joomla! Project\",\"copyright\":\"(C) 2005 - 2018 Open Source Matters. All rights reserved.\",\"authorEmail\":\"admin@joomla.org\",\"authorUrl\":\"www.joomla.org\",\"version\":\"3.2.0\",\"description\":\"COM_POSTINSTALL_XML_DESCRIPTION\",\"group\":\"\"}', '', '', '', 0, '0000-00-00 00:00:00', 0, 0),
(33, 0, 'com_fields', 'component', 'com_fields', '', 1, 1, 1, 0, '{\"name\":\"com_fields\",\"type\":\"component\",\"creationDate\":\"March 2016\",\"author\":\"Joomla! Project\",\"copyright\":\"(C) 2005 - 2018 Open Source Matters. All rights reserved.\",\"authorEmail\":\"admin@joomla.org\",\"authorUrl\":\"www.joomla.org\",\"version\":\"3.7.0\",\"description\":\"COM_FIELDS_XML_DESCRIPTION\",\"group\":\"\",\"filename\":\"fields\"}', '', '', '', 0, '0000-00-00 00:00:00', 0, 0),
(34, 0, 'com_associations', 'component', 'com_associations', '', 1, 1, 1, 0, '{\"name\":\"com_associations\",\"type\":\"component\",\"creationDate\":\"Januar 2017\",\"author\":\"Joomla! Project\",\"copyright\":\"(C) 2005 - 2018 Open Source Matters. All rights reserved.\",\"authorEmail\":\"admin@joomla.org\",\"authorUrl\":\"www.joomla.org\",\"version\":\"3.7.0\",\"description\":\"COM_ASSOCIATIONS_XML_DESCRIPTION\",\"group\":\"\"}', '', '', '', 0, '0000-00-00 00:00:00', 0, 0),
(35, 0, 'com_privacy', 'component', 'com_privacy', '', 1, 1, 1, 1, '{\"name\":\"com_privacy\",\"type\":\"component\",\"creationDate\":\"May 2018\",\"author\":\"Joomla! Project\",\"copyright\":\"(C) 2005 - 2018 Open Source Matters. All rights reserved.\",\"authorEmail\":\"admin@joomla.org\",\"authorUrl\":\"www.joomla.org\",\"version\":\"3.9.0\",\"description\":\"COM_PRIVACY_XML_DESCRIPTION\",\"group\":\"\",\"filename\":\"privacy\"}', '', '', '', 0, '0000-00-00 00:00:00', 0, 0),
(36, 0, 'com_actionlogs', 'component', 'com_actionlogs', '', 1, 1, 1, 1, '{\"name\":\"com_actionlogs\",\"type\":\"component\",\"creationDate\":\"May 2018\",\"author\":\"Joomla! Project\",\"copyright\":\"Copyright (C) 2005 - 2018 Open Source Matters. All rights reserved.\",\"authorEmail\":\"admin@joomla.org\",\"authorUrl\":\"www.joomla.org\",\"version\":\"3.9.0\",\"description\":\"COM_ACTIONLOGS_XML_DESCRIPTION\",\"group\":\"\"}', '{\"ip_logging\":0,\"csv_delimiter\":\",\",\"loggable_extensions\":[\"com_banners\",\"com_cache\",\"com_categories\",\"com_config\",\"com_contact\",\"com_content\",\"com_installer\",\"com_media\",\"com_menus\",\"com_messages\",\"com_modules\",\"com_newsfeeds\",\"com_plugins\",\"com_redirect\",\"com_tags\",\"com_templates\",\"com_users\"]}', '', '', 0, '0000-00-00 00:00:00', 0, 0),
(102, 0, 'LIB_PHPUTF8', 'library', 'phputf8', '', 0, 1, 1, 1, '{\"name\":\"LIB_PHPUTF8\",\"type\":\"library\",\"creationDate\":\"2006\",\"author\":\"Harry Fuecks\",\"copyright\":\"Copyright various authors\",\"authorEmail\":\"hfuecks@gmail.com\",\"authorUrl\":\"http:\\/\\/sourceforge.net\\/projects\\/phputf8\",\"version\":\"0.5\",\"description\":\"LIB_PHPUTF8_XML_DESCRIPTION\",\"group\":\"\",\"filename\":\"phputf8\"}', '', '', '', 0, '0000-00-00 00:00:00', 0, 0),
(103, 0, 'LIB_JOOMLA', 'library', 'joomla', '', 0, 1, 1, 1, '{\"name\":\"LIB_JOOMLA\",\"type\":\"library\",\"creationDate\":\"2008\",\"author\":\"Joomla! Project\",\"copyright\":\"Copyright (C) 2005 - 2018 Open Source Matters. All rights reserved.\",\"authorEmail\":\"admin@joomla.org\",\"authorUrl\":\"https:\\/\\/www.joomla.org\",\"version\":\"13.1\",\"description\":\"LIB_JOOMLA_XML_DESCRIPTION\",\"group\":\"\",\"filename\":\"joomla\"}', '{\"mediaversion\":\"1e877b591ae7d1d7944ed0dafba234a3\"}', '', '', 0, '0000-00-00 00:00:00', 0, 0),
(104, 0, 'LIB_IDNA', 'library', 'idna_convert', '', 0, 1, 1, 1, '{\"name\":\"LIB_IDNA\",\"type\":\"library\",\"creationDate\":\"2004\",\"author\":\"phlyLabs\",\"copyright\":\"2004-2011 phlyLabs Berlin, http:\\/\\/phlylabs.de\",\"authorEmail\":\"phlymail@phlylabs.de\",\"authorUrl\":\"http:\\/\\/phlylabs.de\",\"version\":\"0.8.0\",\"description\":\"LIB_IDNA_XML_DESCRIPTION\",\"group\":\"\",\"filename\":\"idna_convert\"}', '', '', '', 0, '0000-00-00 00:00:00', 0, 0),
(105, 0, 'FOF', 'library', 'fof', '', 0, 1, 1, 1, '{\"name\":\"FOF\",\"type\":\"library\",\"creationDate\":\"2015-04-22 13:15:32\",\"author\":\"Nicholas K. Dionysopoulos \\/ Akeeba Ltd\",\"copyright\":\"(C)2011-2015 Nicholas K. Dionysopoulos\",\"authorEmail\":\"nicholas@akeebabackup.com\",\"authorUrl\":\"https:\\/\\/www.akeebabackup.com\",\"version\":\"2.4.3\",\"description\":\"LIB_FOF_XML_DESCRIPTION\",\"group\":\"\",\"filename\":\"fof\"}', '', '', '', 0, '0000-00-00 00:00:00', 0, 0),
(106, 0, 'LIB_PHPASS', 'library', 'phpass', '', 0, 1, 1, 1, '{\"name\":\"LIB_PHPASS\",\"type\":\"library\",\"creationDate\":\"2004-2006\",\"author\":\"Solar Designer\",\"copyright\":\"\",\"authorEmail\":\"solar@openwall.com\",\"authorUrl\":\"http:\\/\\/www.openwall.com\\/phpass\\/\",\"version\":\"0.3\",\"description\":\"LIB_PHPASS_XML_DESCRIPTION\",\"group\":\"\",\"filename\":\"phpass\"}', '', '', '', 0, '0000-00-00 00:00:00', 0, 0),
(200, 0, 'mod_articles_archive', 'module', 'mod_articles_archive', '', 0, 1, 1, 0, '{\"name\":\"mod_articles_archive\",\"type\":\"module\",\"creationDate\":\"July 2006\",\"author\":\"Joomla! Project\",\"copyright\":\"Copyright (C) 2005 - 2018 Open Source Matters. All rights reserved.\",\"authorEmail\":\"admin@joomla.org\",\"authorUrl\":\"www.joomla.org\",\"version\":\"3.0.0\",\"description\":\"MOD_ARTICLES_ARCHIVE_XML_DESCRIPTION\",\"group\":\"\",\"filename\":\"mod_articles_archive\"}', '', '', '', 0, '0000-00-00 00:00:00', 0, 0),
(201, 0, 'mod_articles_latest', 'module', 'mod_articles_latest', '', 0, 1, 1, 0, '{\"name\":\"mod_articles_latest\",\"type\":\"module\",\"creationDate\":\"July 2004\",\"author\":\"Joomla! Project\",\"copyright\":\"Copyright (C) 2005 - 2018 Open Source Matters. All rights reserved.\",\"authorEmail\":\"admin@joomla.org\",\"authorUrl\":\"www.joomla.org\",\"version\":\"3.0.0\",\"description\":\"MOD_LATEST_NEWS_XML_DESCRIPTION\",\"group\":\"\",\"filename\":\"mod_articles_latest\"}', '', '', '', 0, '0000-00-00 00:00:00', 0, 0),
(202, 0, 'mod_articles_popular', 'module', 'mod_articles_popular', '', 0, 1, 1, 0, '{\"name\":\"mod_articles_popular\",\"type\":\"module\",\"creationDate\":\"July 2006\",\"author\":\"Joomla! Project\",\"copyright\":\"Copyright (C) 2005 - 2018 Open Source Matters. All rights reserved.\",\"authorEmail\":\"admin@joomla.org\",\"authorUrl\":\"www.joomla.org\",\"version\":\"3.0.0\",\"description\":\"MOD_POPULAR_XML_DESCRIPTION\",\"group\":\"\",\"filename\":\"mod_articles_popular\"}', '', '', '', 0, '0000-00-00 00:00:00', 0, 0),
(203, 0, 'mod_banners', 'module', 'mod_banners', '', 0, 1, 1, 0, '{\"name\":\"mod_banners\",\"type\":\"module\",\"creationDate\":\"July 2006\",\"author\":\"Joomla! Project\",\"copyright\":\"Copyright (C) 2005 - 2018 Open Source Matters. All rights reserved.\",\"authorEmail\":\"admin@joomla.org\",\"authorUrl\":\"www.joomla.org\",\"version\":\"3.0.0\",\"description\":\"MOD_BANNERS_XML_DESCRIPTION\",\"group\":\"\",\"filename\":\"mod_banners\"}', '', '', '', 0, '0000-00-00 00:00:00', 0, 0),
(204, 0, 'mod_breadcrumbs', 'module', 'mod_breadcrumbs', '', 0, 1, 1, 1, '{\"name\":\"mod_breadcrumbs\",\"type\":\"module\",\"creationDate\":\"July 2006\",\"author\":\"Joomla! Project\",\"copyright\":\"Copyright (C) 2005 - 2018 Open Source Matters. All rights reserved.\",\"authorEmail\":\"admin@joomla.org\",\"authorUrl\":\"www.joomla.org\",\"version\":\"3.0.0\",\"description\":\"MOD_BREADCRUMBS_XML_DESCRIPTION\",\"group\":\"\",\"filename\":\"mod_breadcrumbs\"}', '', '', '', 0, '0000-00-00 00:00:00', 0, 0),
(205, 0, 'mod_custom', 'module', 'mod_custom', '', 0, 1, 1, 1, '{\"name\":\"mod_custom\",\"type\":\"module\",\"creationDate\":\"July 2004\",\"author\":\"Joomla! Project\",\"copyright\":\"Copyright (C) 2005 - 2018 Open Source Matters. All rights reserved.\",\"authorEmail\":\"admin@joomla.org\",\"authorUrl\":\"www.joomla.org\",\"version\":\"3.0.0\",\"description\":\"MOD_CUSTOM_XML_DESCRIPTION\",\"group\":\"\",\"filename\":\"mod_custom\"}', '', '', '', 0, '0000-00-00 00:00:00', 0, 0),
(206, 0, 'mod_feed', 'module', 'mod_feed', '', 0, 1, 1, 0, '{\"name\":\"mod_feed\",\"type\":\"module\",\"creationDate\":\"July 2005\",\"author\":\"Joomla! Project\",\"copyright\":\"Copyright (C) 2005 - 2018 Open Source Matters. All rights reserved.\",\"authorEmail\":\"admin@joomla.org\",\"authorUrl\":\"www.joomla.org\",\"version\":\"3.0.0\",\"description\":\"MOD_FEED_XML_DESCRIPTION\",\"group\":\"\",\"filename\":\"mod_feed\"}', '', '', '', 0, '0000-00-00 00:00:00', 0, 0),
(207, 0, 'mod_footer', 'module', 'mod_footer', '', 0, 1, 1, 0, '{\"name\":\"mod_footer\",\"type\":\"module\",\"creationDate\":\"July 2006\",\"author\":\"Joomla! Project\",\"copyright\":\"Copyright (C) 2005 - 2018 Open Source Matters. All rights reserved.\",\"authorEmail\":\"admin@joomla.org\",\"authorUrl\":\"www.joomla.org\",\"version\":\"3.0.0\",\"description\":\"MOD_FOOTER_XML_DESCRIPTION\",\"group\":\"\",\"filename\":\"mod_footer\"}', '', '', '', 0, '0000-00-00 00:00:00', 0, 0),
(208, 0, 'mod_login', 'module', 'mod_login', '', 0, 1, 1, 1, '{\"name\":\"mod_login\",\"type\":\"module\",\"creationDate\":\"July 2006\",\"author\":\"Joomla! Project\",\"copyright\":\"Copyright (C) 2005 - 2018 Open Source Matters. All rights reserved.\",\"authorEmail\":\"admin@joomla.org\",\"authorUrl\":\"www.joomla.org\",\"version\":\"3.0.0\",\"description\":\"MOD_LOGIN_XML_DESCRIPTION\",\"group\":\"\",\"filename\":\"mod_login\"}', '', '', '', 0, '0000-00-00 00:00:00', 0, 0),
(209, 0, 'mod_menu', 'module', 'mod_menu', '', 0, 1, 1, 1, '{\"name\":\"mod_menu\",\"type\":\"module\",\"creationDate\":\"July 2004\",\"author\":\"Joomla! Project\",\"copyright\":\"Copyright (C) 2005 - 2018 Open Source Matters. All rights reserved.\",\"authorEmail\":\"admin@joomla.org\",\"authorUrl\":\"www.joomla.org\",\"version\":\"3.0.0\",\"description\":\"MOD_MENU_XML_DESCRIPTION\",\"group\":\"\",\"filename\":\"mod_menu\"}', '', '', '', 0, '0000-00-00 00:00:00', 0, 0),
(210, 0, 'mod_articles_news', 'module', 'mod_articles_news', '', 0, 1, 1, 0, '{\"name\":\"mod_articles_news\",\"type\":\"module\",\"creationDate\":\"July 2006\",\"author\":\"Joomla! Project\",\"copyright\":\"Copyright (C) 2005 - 2018 Open Source Matters. All rights reserved.\",\"authorEmail\":\"admin@joomla.org\",\"authorUrl\":\"www.joomla.org\",\"version\":\"3.0.0\",\"description\":\"MOD_ARTICLES_NEWS_XML_DESCRIPTION\",\"group\":\"\",\"filename\":\"mod_articles_news\"}', '', '', '', 0, '0000-00-00 00:00:00', 0, 0),
(211, 0, 'mod_random_image', 'module', 'mod_random_image', '', 0, 1, 1, 0, '{\"name\":\"mod_random_image\",\"type\":\"module\",\"creationDate\":\"July 2006\",\"author\":\"Joomla! Project\",\"copyright\":\"Copyright (C) 2005 - 2018 Open Source Matters. All rights reserved.\",\"authorEmail\":\"admin@joomla.org\",\"authorUrl\":\"www.joomla.org\",\"version\":\"3.0.0\",\"description\":\"MOD_RANDOM_IMAGE_XML_DESCRIPTION\",\"group\":\"\",\"filename\":\"mod_random_image\"}', '', '', '', 0, '0000-00-00 00:00:00', 0, 0),
(212, 0, 'mod_related_items', 'module', 'mod_related_items', '', 0, 1, 1, 0, '{\"name\":\"mod_related_items\",\"type\":\"module\",\"creationDate\":\"July 2004\",\"author\":\"Joomla! Project\",\"copyright\":\"Copyright (C) 2005 - 2018 Open Source Matters. All rights reserved.\",\"authorEmail\":\"admin@joomla.org\",\"authorUrl\":\"www.joomla.org\",\"version\":\"3.0.0\",\"description\":\"MOD_RELATED_XML_DESCRIPTION\",\"group\":\"\",\"filename\":\"mod_related_items\"}', '', '', '', 0, '0000-00-00 00:00:00', 0, 0),
(213, 0, 'mod_search', 'module', 'mod_search', '', 0, 1, 1, 0, '{\"name\":\"mod_search\",\"type\":\"module\",\"creationDate\":\"July 2004\",\"author\":\"Joomla! Project\",\"copyright\":\"Copyright (C) 2005 - 2018 Open Source Matters. All rights reserved.\",\"authorEmail\":\"admin@joomla.org\",\"authorUrl\":\"www.joomla.org\",\"version\":\"3.0.0\",\"description\":\"MOD_SEARCH_XML_DESCRIPTION\",\"group\":\"\",\"filename\":\"mod_search\"}', '', '', '', 0, '0000-00-00 00:00:00', 0, 0),
(214, 0, 'mod_stats', 'module', 'mod_stats', '', 0, 1, 1, 0, '{\"name\":\"mod_stats\",\"type\":\"module\",\"creationDate\":\"July 2004\",\"author\":\"Joomla! Project\",\"copyright\":\"Copyright (C) 2005 - 2018 Open Source Matters. All rights reserved.\",\"authorEmail\":\"admin@joomla.org\",\"authorUrl\":\"www.joomla.org\",\"version\":\"3.0.0\",\"description\":\"MOD_STATS_XML_DESCRIPTION\",\"group\":\"\",\"filename\":\"mod_stats\"}', '', '', '', 0, '0000-00-00 00:00:00', 0, 0),
(215, 0, 'mod_syndicate', 'module', 'mod_syndicate', '', 0, 1, 1, 1, '{\"name\":\"mod_syndicate\",\"type\":\"module\",\"creationDate\":\"May 2006\",\"author\":\"Joomla! Project\",\"copyright\":\"Copyright (C) 2005 - 2018 Open Source Matters. All rights reserved.\",\"authorEmail\":\"admin@joomla.org\",\"authorUrl\":\"www.joomla.org\",\"version\":\"3.0.0\",\"description\":\"MOD_SYNDICATE_XML_DESCRIPTION\",\"group\":\"\",\"filename\":\"mod_syndicate\"}', '', '', '', 0, '0000-00-00 00:00:00', 0, 0),
(216, 0, 'mod_users_latest', 'module', 'mod_users_latest', '', 0, 1, 1, 0, '{\"name\":\"mod_users_latest\",\"type\":\"module\",\"creationDate\":\"December 2009\",\"author\":\"Joomla! Project\",\"copyright\":\"Copyright (C) 2005 - 2018 Open Source Matters. All rights reserved.\",\"authorEmail\":\"admin@joomla.org\",\"authorUrl\":\"www.joomla.org\",\"version\":\"3.0.0\",\"description\":\"MOD_USERS_LATEST_XML_DESCRIPTION\",\"group\":\"\",\"filename\":\"mod_users_latest\"}', '', '', '', 0, '0000-00-00 00:00:00', 0, 0),
(218, 0, 'mod_whosonline', 'module', 'mod_whosonline', '', 0, 1, 1, 0, '{\"name\":\"mod_whosonline\",\"type\":\"module\",\"creationDate\":\"July 2004\",\"author\":\"Joomla! Project\",\"copyright\":\"Copyright (C) 2005 - 2018 Open Source Matters. All rights reserved.\",\"authorEmail\":\"admin@joomla.org\",\"authorUrl\":\"www.joomla.org\",\"version\":\"3.0.0\",\"description\":\"MOD_WHOSONLINE_XML_DESCRIPTION\",\"group\":\"\",\"filename\":\"mod_whosonline\"}', '', '', '', 0, '0000-00-00 00:00:00', 0, 0),
(219, 0, 'mod_wrapper', 'module', 'mod_wrapper', '', 0, 1, 1, 0, '{\"name\":\"mod_wrapper\",\"type\":\"module\",\"creationDate\":\"October 2004\",\"author\":\"Joomla! Project\",\"copyright\":\"Copyright (C) 2005 - 2018 Open Source Matters. All rights reserved.\",\"authorEmail\":\"admin@joomla.org\",\"authorUrl\":\"www.joomla.org\",\"version\":\"3.0.0\",\"description\":\"MOD_WRAPPER_XML_DESCRIPTION\",\"group\":\"\",\"filename\":\"mod_wrapper\"}', '', '', '', 0, '0000-00-00 00:00:00', 0, 0),
(220, 0, 'mod_articles_category', 'module', 'mod_articles_category', '', 0, 1, 1, 0, '{\"name\":\"mod_articles_category\",\"type\":\"module\",\"creationDate\":\"February 2010\",\"author\":\"Joomla! Project\",\"copyright\":\"Copyright (C) 2005 - 2018 Open Source Matters. All rights reserved.\",\"authorEmail\":\"admin@joomla.org\",\"authorUrl\":\"www.joomla.org\",\"version\":\"3.0.0\",\"description\":\"MOD_ARTICLES_CATEGORY_XML_DESCRIPTION\",\"group\":\"\",\"filename\":\"mod_articles_category\"}', '', '', '', 0, '0000-00-00 00:00:00', 0, 0),
(221, 0, 'mod_articles_categories', 'module', 'mod_articles_categories', '', 0, 1, 1, 0, '{\"name\":\"mod_articles_categories\",\"type\":\"module\",\"creationDate\":\"February 2010\",\"author\":\"Joomla! Project\",\"copyright\":\"Copyright (C) 2005 - 2018 Open Source Matters. All rights reserved.\",\"authorEmail\":\"admin@joomla.org\",\"authorUrl\":\"www.joomla.org\",\"version\":\"3.0.0\",\"description\":\"MOD_ARTICLES_CATEGORIES_XML_DESCRIPTION\",\"group\":\"\",\"filename\":\"mod_articles_categories\"}', '', '', '', 0, '0000-00-00 00:00:00', 0, 0),
(222, 0, 'mod_languages', 'module', 'mod_languages', '', 0, 1, 1, 1, '{\"name\":\"mod_languages\",\"type\":\"module\",\"creationDate\":\"February 2010\",\"author\":\"Joomla! Project\",\"copyright\":\"Copyright (C) 2005 - 2018 Open Source Matters. All rights reserved.\",\"authorEmail\":\"admin@joomla.org\",\"authorUrl\":\"www.joomla.org\",\"version\":\"3.5.0\",\"description\":\"MOD_LANGUAGES_XML_DESCRIPTION\",\"group\":\"\",\"filename\":\"mod_languages\"}', '', '', '', 0, '0000-00-00 00:00:00', 0, 0),
(223, 0, 'mod_finder', 'module', 'mod_finder', '', 0, 1, 0, 0, '{\"name\":\"mod_finder\",\"type\":\"module\",\"creationDate\":\"August 2011\",\"author\":\"Joomla! Project\",\"copyright\":\"(C) 2005 - 2018 Open Source Matters. All rights reserved.\",\"authorEmail\":\"admin@joomla.org\",\"authorUrl\":\"www.joomla.org\",\"version\":\"3.0.0\",\"description\":\"MOD_FINDER_XML_DESCRIPTION\",\"group\":\"\",\"filename\":\"mod_finder\"}', '', '', '', 0, '0000-00-00 00:00:00', 0, 0),
(300, 0, 'mod_custom', 'module', 'mod_custom', '', 1, 1, 1, 1, '{\"name\":\"mod_custom\",\"type\":\"module\",\"creationDate\":\"July 2004\",\"author\":\"Joomla! Project\",\"copyright\":\"Copyright (C) 2005 - 2018 Open Source Matters. All rights reserved.\",\"authorEmail\":\"admin@joomla.org\",\"authorUrl\":\"www.joomla.org\",\"version\":\"3.0.0\",\"description\":\"MOD_CUSTOM_XML_DESCRIPTION\",\"group\":\"\",\"filename\":\"mod_custom\"}', '', '', '', 0, '0000-00-00 00:00:00', 0, 0),
(301, 0, 'mod_feed', 'module', 'mod_feed', '', 1, 1, 1, 0, '{\"name\":\"mod_feed\",\"type\":\"module\",\"creationDate\":\"July 2005\",\"author\":\"Joomla! Project\",\"copyright\":\"Copyright (C) 2005 - 2018 Open Source Matters. All rights reserved.\",\"authorEmail\":\"admin@joomla.org\",\"authorUrl\":\"www.joomla.org\",\"version\":\"3.0.0\",\"description\":\"MOD_FEED_XML_DESCRIPTION\",\"group\":\"\",\"filename\":\"mod_feed\"}', '', '', '', 0, '0000-00-00 00:00:00', 0, 0),
(302, 0, 'mod_latest', 'module', 'mod_latest', '', 1, 1, 1, 0, '{\"name\":\"mod_latest\",\"type\":\"module\",\"creationDate\":\"July 2004\",\"author\":\"Joomla! Project\",\"copyright\":\"Copyright (C) 2005 - 2018 Open Source Matters. All rights reserved.\",\"authorEmail\":\"admin@joomla.org\",\"authorUrl\":\"www.joomla.org\",\"version\":\"3.0.0\",\"description\":\"MOD_LATEST_XML_DESCRIPTION\",\"group\":\"\",\"filename\":\"mod_latest\"}', '', '', '', 0, '0000-00-00 00:00:00', 0, 0),
(303, 0, 'mod_logged', 'module', 'mod_logged', '', 1, 1, 1, 0, '{\"name\":\"mod_logged\",\"type\":\"module\",\"creationDate\":\"January 2005\",\"author\":\"Joomla! Project\",\"copyright\":\"Copyright (C) 2005 - 2018 Open Source Matters. All rights reserved.\",\"authorEmail\":\"admin@joomla.org\",\"authorUrl\":\"www.joomla.org\",\"version\":\"3.0.0\",\"description\":\"MOD_LOGGED_XML_DESCRIPTION\",\"group\":\"\",\"filename\":\"mod_logged\"}', '', '', '', 0, '0000-00-00 00:00:00', 0, 0),
(304, 0, 'mod_login', 'module', 'mod_login', '', 1, 1, 1, 1, '{\"name\":\"mod_login\",\"type\":\"module\",\"creationDate\":\"March 2005\",\"author\":\"Joomla! Project\",\"copyright\":\"Copyright (C) 2005 - 2018 Open Source Matters. All rights reserved.\",\"authorEmail\":\"admin@joomla.org\",\"authorUrl\":\"www.joomla.org\",\"version\":\"3.0.0\",\"description\":\"MOD_LOGIN_XML_DESCRIPTION\",\"group\":\"\",\"filename\":\"mod_login\"}', '', '', '', 0, '0000-00-00 00:00:00', 0, 0),
(305, 0, 'mod_menu', 'module', 'mod_menu', '', 1, 1, 1, 0, '{\"name\":\"mod_menu\",\"type\":\"module\",\"creationDate\":\"March 2006\",\"author\":\"Joomla! Project\",\"copyright\":\"Copyright (C) 2005 - 2018 Open Source Matters. All rights reserved.\",\"authorEmail\":\"admin@joomla.org\",\"authorUrl\":\"www.joomla.org\",\"version\":\"3.0.0\",\"description\":\"MOD_MENU_XML_DESCRIPTION\",\"group\":\"\",\"filename\":\"mod_menu\"}', '', '', '', 0, '0000-00-00 00:00:00', 0, 0),
(307, 0, 'mod_popular', 'module', 'mod_popular', '', 1, 1, 1, 0, '{\"name\":\"mod_popular\",\"type\":\"module\",\"creationDate\":\"July 2004\",\"author\":\"Joomla! Project\",\"copyright\":\"Copyright (C) 2005 - 2018 Open Source Matters. All rights reserved.\",\"authorEmail\":\"admin@joomla.org\",\"authorUrl\":\"www.joomla.org\",\"version\":\"3.0.0\",\"description\":\"MOD_POPULAR_XML_DESCRIPTION\",\"group\":\"\",\"filename\":\"mod_popular\"}', '', '', '', 0, '0000-00-00 00:00:00', 0, 0),
(308, 0, 'mod_quickicon', 'module', 'mod_quickicon', '', 1, 1, 1, 1, '{\"name\":\"mod_quickicon\",\"type\":\"module\",\"creationDate\":\"Nov 2005\",\"author\":\"Joomla! Project\",\"copyright\":\"Copyright (C) 2005 - 2018 Open Source Matters. All rights reserved.\",\"authorEmail\":\"admin@joomla.org\",\"authorUrl\":\"www.joomla.org\",\"version\":\"3.0.0\",\"description\":\"MOD_QUICKICON_XML_DESCRIPTION\",\"group\":\"\",\"filename\":\"mod_quickicon\"}', '', '', '', 0, '0000-00-00 00:00:00', 0, 0),
(309, 0, 'mod_status', 'module', 'mod_status', '', 1, 1, 1, 0, '{\"name\":\"mod_status\",\"type\":\"module\",\"creationDate\":\"Feb 2006\",\"author\":\"Joomla! Project\",\"copyright\":\"(C) 2005 - 2018 Open Source Matters. All rights reserved.\",\"authorEmail\":\"admin@joomla.org\",\"authorUrl\":\"www.joomla.org\",\"version\":\"3.0.0\",\"description\":\"MOD_STATUS_XML_DESCRIPTION\",\"group\":\"\",\"filename\":\"mod_status\"}', '', '', '', 0, '0000-00-00 00:00:00', 0, 0),
(310, 0, 'mod_submenu', 'module', 'mod_submenu', '', 1, 1, 1, 0, '{\"name\":\"mod_submenu\",\"type\":\"module\",\"creationDate\":\"Feb 2006\",\"author\":\"Joomla! Project\",\"copyright\":\"Copyright (C) 2005 - 2018 Open Source Matters. All rights reserved.\",\"authorEmail\":\"admin@joomla.org\",\"authorUrl\":\"www.joomla.org\",\"version\":\"3.0.0\",\"description\":\"MOD_SUBMENU_XML_DESCRIPTION\",\"group\":\"\",\"filename\":\"mod_submenu\"}', '', '', '', 0, '0000-00-00 00:00:00', 0, 0),
(311, 0, 'mod_title', 'module', 'mod_title', '', 1, 1, 1, 0, '{\"name\":\"mod_title\",\"type\":\"module\",\"creationDate\":\"Nov 2005\",\"author\":\"Joomla! Project\",\"copyright\":\"Copyright (C) 2005 - 2018 Open Source Matters. All rights reserved.\",\"authorEmail\":\"admin@joomla.org\",\"authorUrl\":\"www.joomla.org\",\"version\":\"3.0.0\",\"description\":\"MOD_TITLE_XML_DESCRIPTION\",\"group\":\"\",\"filename\":\"mod_title\"}', '', '', '', 0, '0000-00-00 00:00:00', 0, 0),
(312, 0, 'mod_toolbar', 'module', 'mod_toolbar', '', 1, 1, 1, 1, '{\"name\":\"mod_toolbar\",\"type\":\"module\",\"creationDate\":\"Nov 2005\",\"author\":\"Joomla! Project\",\"copyright\":\"Copyright (C) 2005 - 2018 Open Source Matters. All rights reserved.\",\"authorEmail\":\"admin@joomla.org\",\"authorUrl\":\"www.joomla.org\",\"version\":\"3.0.0\",\"description\":\"MOD_TOOLBAR_XML_DESCRIPTION\",\"group\":\"\",\"filename\":\"mod_toolbar\"}', '', '', '', 0, '0000-00-00 00:00:00', 0, 0),
(313, 0, 'mod_multilangstatus', 'module', 'mod_multilangstatus', '', 1, 1, 1, 0, '{\"name\":\"mod_multilangstatus\",\"type\":\"module\",\"creationDate\":\"September 2011\",\"author\":\"Joomla! Project\",\"copyright\":\"Copyright (C) 2005 - 2018 Open Source Matters. All rights reserved.\",\"authorEmail\":\"admin@joomla.org\",\"authorUrl\":\"www.joomla.org\",\"version\":\"3.0.0\",\"description\":\"MOD_MULTILANGSTATUS_XML_DESCRIPTION\",\"group\":\"\",\"filename\":\"mod_multilangstatus\"}', '{\"cache\":\"0\"}', '', '', 0, '0000-00-00 00:00:00', 0, 0),
(314, 0, 'mod_version', 'module', 'mod_version', '', 1, 1, 1, 0, '{\"name\":\"mod_version\",\"type\":\"module\",\"creationDate\":\"January 2012\",\"author\":\"Joomla! Project\",\"copyright\":\"Copyright (C) 2005 - 2018 Open Source Matters. All rights reserved.\",\"authorEmail\":\"admin@joomla.org\",\"authorUrl\":\"www.joomla.org\",\"version\":\"3.0.0\",\"description\":\"MOD_VERSION_XML_DESCRIPTION\",\"group\":\"\",\"filename\":\"mod_version\"}', '{\"format\":\"short\",\"product\":\"1\",\"cache\":\"0\"}', '', '', 0, '0000-00-00 00:00:00', 0, 0),
(315, 0, 'mod_stats_admin', 'module', 'mod_stats_admin', '', 1, 1, 1, 0, '{\"name\":\"mod_stats_admin\",\"type\":\"module\",\"creationDate\":\"July 2004\",\"author\":\"Joomla! Project\",\"copyright\":\"Copyright (C) 2005 - 2018 Open Source Matters. All rights reserved.\",\"authorEmail\":\"admin@joomla.org\",\"authorUrl\":\"www.joomla.org\",\"version\":\"3.0.0\",\"description\":\"MOD_STATS_XML_DESCRIPTION\",\"group\":\"\",\"filename\":\"mod_stats_admin\"}', '{\"serverinfo\":\"0\",\"siteinfo\":\"0\",\"counter\":\"0\",\"increase\":\"0\",\"cache\":\"1\",\"cache_time\":\"900\",\"cachemode\":\"static\"}', '', '', 0, '0000-00-00 00:00:00', 0, 0),
(316, 0, 'mod_tags_popular', 'module', 'mod_tags_popular', '', 0, 1, 1, 0, '{\"name\":\"mod_tags_popular\",\"type\":\"module\",\"creationDate\":\"January 2013\",\"author\":\"Joomla! Project\",\"copyright\":\"Copyright (C) 2005 - 2018 Open Source Matters. All rights reserved.\",\"authorEmail\":\"admin@joomla.org\",\"authorUrl\":\"www.joomla.org\",\"version\":\"3.1.0\",\"description\":\"MOD_TAGS_POPULAR_XML_DESCRIPTION\",\"group\":\"\",\"filename\":\"mod_tags_popular\"}', '{\"maximum\":\"5\",\"timeframe\":\"alltime\",\"owncache\":\"1\"}', '', '', 0, '0000-00-00 00:00:00', 0, 0),
(317, 0, 'mod_tags_similar', 'module', 'mod_tags_similar', '', 0, 1, 1, 0, '{\"name\":\"mod_tags_similar\",\"type\":\"module\",\"creationDate\":\"January 2013\",\"author\":\"Joomla! Project\",\"copyright\":\"Copyright (C) 2005 - 2018 Open Source Matters. All rights reserved.\",\"authorEmail\":\"admin@joomla.org\",\"authorUrl\":\"www.joomla.org\",\"version\":\"3.1.0\",\"description\":\"MOD_TAGS_SIMILAR_XML_DESCRIPTION\",\"group\":\"\",\"filename\":\"mod_tags_similar\"}', '{\"maximum\":\"5\",\"matchtype\":\"any\",\"owncache\":\"1\"}', '', '', 0, '0000-00-00 00:00:00', 0, 0),
(318, 0, 'mod_sampledata', 'module', 'mod_sampledata', '', 1, 1, 1, 0, '{\"name\":\"mod_sampledata\",\"type\":\"module\",\"creationDate\":\"July 2017\",\"author\":\"Joomla! Project\",\"copyright\":\"Copyright (C) 2005 - 2018 Open Source Matters. All rights reserved.\",\"authorEmail\":\"admin@joomla.org\",\"authorUrl\":\"www.joomla.org\",\"version\":\"3.8.0\",\"description\":\"MOD_SAMPLEDATA_XML_DESCRIPTION\",\"group\":\"\",\"filename\":\"mod_sampledata\"}', '{}', '', '', 0, '0000-00-00 00:00:00', 0, 0),
(319, 0, 'mod_latestactions', 'module', 'mod_latestactions', '', 1, 1, 1, 0, '{\"name\":\"mod_latestactions\",\"type\":\"module\",\"creationDate\":\"May 2018\",\"author\":\"Joomla! Project\",\"copyright\":\"Copyright (C) 2005 - 2018 Open Source Matters. All rights reserved.\",\"authorEmail\":\"admin@joomla.org\",\"authorUrl\":\"www.joomla.org\",\"version\":\"3.9.0\",\"description\":\"MOD_LATESTACTIONS_XML_DESCRIPTION\",\"group\":\"\",\"filename\":\"mod_latestactions\"}', '{}', '', '', 0, '1970-01-01 00:00:00', 0, 0);
INSERT INTO `footregion_extensions` (`extension_id`, `package_id`, `name`, `type`, `element`, `folder`, `client_id`, `enabled`, `access`, `protected`, `manifest_cache`, `params`, `custom_data`, `system_data`, `checked_out`, `checked_out_time`, `ordering`, `state`) VALUES
(320, 0, 'mod_privacy_dashboard', 'module', 'mod_privacy_dashboard', '', 1, 1, 1, 0, '{\"name\":\"mod_privacy_dashboard\",\"type\":\"module\",\"creationDate\":\"June 2018\",\"author\":\"Joomla! Project\",\"copyright\":\"Copyright (C) 2005 - 2018 Open Source Matters. All rights reserved.\",\"authorEmail\":\"admin@joomla.org\",\"authorUrl\":\"www.joomla.org\",\"version\":\"3.9.0\",\"description\":\"MOD_PRIVACY_DASHBOARD_XML_DESCRIPTION\",\"group\":\"\",\"filename\":\"mod_privacy_dashboard\"}', '{}', '', '', 0, '1970-01-01 00:00:00', 0, 0),
(400, 0, 'plg_authentication_gmail', 'plugin', 'gmail', 'authentication', 0, 0, 1, 0, '{\"name\":\"plg_authentication_gmail\",\"type\":\"plugin\",\"creationDate\":\"February 2006\",\"author\":\"Joomla! Project\",\"copyright\":\"Copyright (C) 2005 - 2018 Open Source Matters. All rights reserved.\",\"authorEmail\":\"admin@joomla.org\",\"authorUrl\":\"www.joomla.org\",\"version\":\"3.0.0\",\"description\":\"PLG_GMAIL_XML_DESCRIPTION\",\"group\":\"\",\"filename\":\"gmail\"}', '{\"applysuffix\":\"0\",\"suffix\":\"\",\"verifypeer\":\"1\",\"user_blacklist\":\"\"}', '', '', 0, '0000-00-00 00:00:00', 1, 0),
(401, 0, 'plg_authentication_joomla', 'plugin', 'joomla', 'authentication', 0, 1, 1, 1, '{\"name\":\"plg_authentication_joomla\",\"type\":\"plugin\",\"creationDate\":\"November 2005\",\"author\":\"Joomla! Project\",\"copyright\":\"Copyright (C) 2005 - 2018 Open Source Matters. All rights reserved.\",\"authorEmail\":\"admin@joomla.org\",\"authorUrl\":\"www.joomla.org\",\"version\":\"3.0.0\",\"description\":\"PLG_AUTH_JOOMLA_XML_DESCRIPTION\",\"group\":\"\",\"filename\":\"joomla\"}', '', '', '', 0, '0000-00-00 00:00:00', 0, 0),
(402, 0, 'plg_authentication_ldap', 'plugin', 'ldap', 'authentication', 0, 0, 1, 0, '{\"name\":\"plg_authentication_ldap\",\"type\":\"plugin\",\"creationDate\":\"November 2005\",\"author\":\"Joomla! Project\",\"copyright\":\"Copyright (C) 2005 - 2018 Open Source Matters. All rights reserved.\",\"authorEmail\":\"admin@joomla.org\",\"authorUrl\":\"www.joomla.org\",\"version\":\"3.0.0\",\"description\":\"PLG_LDAP_XML_DESCRIPTION\",\"group\":\"\",\"filename\":\"ldap\"}', '{\"host\":\"\",\"port\":\"389\",\"use_ldapV3\":\"0\",\"negotiate_tls\":\"0\",\"no_referrals\":\"0\",\"auth_method\":\"bind\",\"base_dn\":\"\",\"search_string\":\"\",\"users_dn\":\"\",\"username\":\"admin\",\"password\":\"bobby7\",\"ldap_fullname\":\"fullName\",\"ldap_email\":\"mail\",\"ldap_uid\":\"uid\"}', '', '', 0, '0000-00-00 00:00:00', 3, 0),
(403, 0, 'plg_content_contact', 'plugin', 'contact', 'content', 0, 1, 1, 0, '{\"name\":\"plg_content_contact\",\"type\":\"plugin\",\"creationDate\":\"January 2014\",\"author\":\"Joomla! Project\",\"copyright\":\"Copyright (C) 2005 - 2018 Open Source Matters. All rights reserved.\",\"authorEmail\":\"admin@joomla.org\",\"authorUrl\":\"www.joomla.org\",\"version\":\"3.2.2\",\"description\":\"PLG_CONTENT_CONTACT_XML_DESCRIPTION\",\"group\":\"\",\"filename\":\"contact\"}', '', '', '', 0, '0000-00-00 00:00:00', 1, 0),
(404, 0, 'plg_content_emailcloak', 'plugin', 'emailcloak', 'content', 0, 1, 1, 0, '{\"name\":\"plg_content_emailcloak\",\"type\":\"plugin\",\"creationDate\":\"November 2005\",\"author\":\"Joomla! Project\",\"copyright\":\"Copyright (C) 2005 - 2018 Open Source Matters. All rights reserved.\",\"authorEmail\":\"admin@joomla.org\",\"authorUrl\":\"www.joomla.org\",\"version\":\"3.0.0\",\"description\":\"PLG_CONTENT_EMAILCLOAK_XML_DESCRIPTION\",\"group\":\"\",\"filename\":\"emailcloak\"}', '{\"mode\":\"1\"}', '', '', 0, '0000-00-00 00:00:00', 1, 0),
(406, 0, 'plg_content_loadmodule', 'plugin', 'loadmodule', 'content', 0, 1, 1, 0, '{\"name\":\"plg_content_loadmodule\",\"type\":\"plugin\",\"creationDate\":\"November 2005\",\"author\":\"Joomla! Project\",\"copyright\":\"Copyright (C) 2005 - 2018 Open Source Matters. All rights reserved.\",\"authorEmail\":\"admin@joomla.org\",\"authorUrl\":\"www.joomla.org\",\"version\":\"3.0.0\",\"description\":\"PLG_LOADMODULE_XML_DESCRIPTION\",\"group\":\"\",\"filename\":\"loadmodule\"}', '{\"style\":\"xhtml\"}', '', '', 0, '2011-09-18 15:22:50', 0, 0),
(407, 0, 'plg_content_pagebreak', 'plugin', 'pagebreak', 'content', 0, 1, 1, 0, '{\"name\":\"plg_content_pagebreak\",\"type\":\"plugin\",\"creationDate\":\"November 2005\",\"author\":\"Joomla! Project\",\"copyright\":\"Copyright (C) 2005 - 2018 Open Source Matters. All rights reserved.\",\"authorEmail\":\"admin@joomla.org\",\"authorUrl\":\"www.joomla.org\",\"version\":\"3.0.0\",\"description\":\"PLG_CONTENT_PAGEBREAK_XML_DESCRIPTION\",\"group\":\"\",\"filename\":\"pagebreak\"}', '{\"title\":\"1\",\"multipage_toc\":\"1\",\"showall\":\"1\"}', '', '', 0, '0000-00-00 00:00:00', 4, 0),
(408, 0, 'plg_content_pagenavigation', 'plugin', 'pagenavigation', 'content', 0, 1, 1, 0, '{\"name\":\"plg_content_pagenavigation\",\"type\":\"plugin\",\"creationDate\":\"January 2006\",\"author\":\"Joomla! Project\",\"copyright\":\"Copyright (C) 2005 - 2018 Open Source Matters. All rights reserved.\",\"authorEmail\":\"admin@joomla.org\",\"authorUrl\":\"www.joomla.org\",\"version\":\"3.0.0\",\"description\":\"PLG_PAGENAVIGATION_XML_DESCRIPTION\",\"group\":\"\",\"filename\":\"pagenavigation\"}', '{\"position\":\"1\"}', '', '', 0, '0000-00-00 00:00:00', 5, 0),
(409, 0, 'plg_content_vote', 'plugin', 'vote', 'content', 0, 0, 1, 0, '{\"name\":\"plg_content_vote\",\"type\":\"plugin\",\"creationDate\":\"November 2005\",\"author\":\"Joomla! Project\",\"copyright\":\"Copyright (C) 2005 - 2018 Open Source Matters. All rights reserved.\",\"authorEmail\":\"admin@joomla.org\",\"authorUrl\":\"www.joomla.org\",\"version\":\"3.0.0\",\"description\":\"PLG_VOTE_XML_DESCRIPTION\",\"group\":\"\",\"filename\":\"vote\"}', '', '', '', 0, '0000-00-00 00:00:00', 6, 0),
(410, 0, 'plg_editors_codemirror', 'plugin', 'codemirror', 'editors', 0, 1, 1, 1, '{\"name\":\"plg_editors_codemirror\",\"type\":\"plugin\",\"creationDate\":\"28 March 2011\",\"author\":\"Marijn Haverbeke\",\"copyright\":\"Copyright (C) 2014 - 2017 by Marijn Haverbeke <marijnh@gmail.com> and others\",\"authorEmail\":\"marijnh@gmail.com\",\"authorUrl\":\"http:\\/\\/codemirror.net\\/\",\"version\":\"5.40.0\",\"description\":\"PLG_CODEMIRROR_XML_DESCRIPTION\",\"group\":\"\",\"filename\":\"codemirror\"}', '{\"lineNumbers\":\"1\",\"lineWrapping\":\"1\",\"matchTags\":\"1\",\"matchBrackets\":\"1\",\"marker-gutter\":\"1\",\"autoCloseTags\":\"1\",\"autoCloseBrackets\":\"1\",\"autoFocus\":\"1\",\"theme\":\"default\",\"tabmode\":\"indent\"}', '', '', 0, '0000-00-00 00:00:00', 1, 0),
(411, 0, 'plg_editors_none', 'plugin', 'none', 'editors', 0, 1, 1, 1, '{\"name\":\"plg_editors_none\",\"type\":\"plugin\",\"creationDate\":\"September 2005\",\"author\":\"Joomla! Project\",\"copyright\":\"Copyright (C) 2005 - 2018 Open Source Matters. All rights reserved.\",\"authorEmail\":\"admin@joomla.org\",\"authorUrl\":\"www.joomla.org\",\"version\":\"3.0.0\",\"description\":\"PLG_NONE_XML_DESCRIPTION\",\"group\":\"\",\"filename\":\"none\"}', '', '', '', 0, '0000-00-00 00:00:00', 2, 0),
(412, 0, 'plg_editors_tinymce', 'plugin', 'tinymce', 'editors', 0, 1, 1, 0, '{\"name\":\"plg_editors_tinymce\",\"type\":\"plugin\",\"creationDate\":\"2005-2017\",\"author\":\"Ephox Corporation\",\"copyright\":\"Ephox Corporation\",\"authorEmail\":\"N\\/A\",\"authorUrl\":\"http:\\/\\/www.tinymce.com\",\"version\":\"4.5.8\",\"description\":\"PLG_TINY_XML_DESCRIPTION\",\"group\":\"\",\"filename\":\"tinymce\"}', '{\"configuration\":{\"toolbars\":{\"2\":{\"toolbar1\":[\"bold\",\"underline\",\"strikethrough\",\"|\",\"undo\",\"redo\",\"|\",\"bullist\",\"numlist\",\"|\",\"pastetext\"]},\"1\":{\"menu\":[\"edit\",\"insert\",\"view\",\"format\",\"table\",\"tools\"],\"toolbar1\":[\"bold\",\"italic\",\"underline\",\"strikethrough\",\"|\",\"alignleft\",\"aligncenter\",\"alignright\",\"alignjustify\",\"|\",\"formatselect\",\"|\",\"bullist\",\"numlist\",\"|\",\"outdent\",\"indent\",\"|\",\"undo\",\"redo\",\"|\",\"link\",\"unlink\",\"anchor\",\"code\",\"|\",\"hr\",\"table\",\"|\",\"subscript\",\"superscript\",\"|\",\"charmap\",\"pastetext\",\"preview\"]},\"0\":{\"menu\":[\"edit\",\"insert\",\"view\",\"format\",\"table\",\"tools\"],\"toolbar1\":[\"bold\",\"italic\",\"underline\",\"strikethrough\",\"|\",\"alignleft\",\"aligncenter\",\"alignright\",\"alignjustify\",\"|\",\"styleselect\",\"|\",\"formatselect\",\"fontselect\",\"fontsizeselect\",\"|\",\"searchreplace\",\"|\",\"bullist\",\"numlist\",\"|\",\"outdent\",\"indent\",\"|\",\"undo\",\"redo\",\"|\",\"link\",\"unlink\",\"anchor\",\"image\",\"|\",\"code\",\"|\",\"forecolor\",\"backcolor\",\"|\",\"fullscreen\",\"|\",\"table\",\"|\",\"subscript\",\"superscript\",\"|\",\"charmap\",\"emoticons\",\"media\",\"hr\",\"ltr\",\"rtl\",\"|\",\"cut\",\"copy\",\"paste\",\"pastetext\",\"|\",\"visualchars\",\"visualblocks\",\"nonbreaking\",\"blockquote\",\"template\",\"|\",\"print\",\"preview\",\"codesample\",\"insertdatetime\",\"removeformat\"]}},\"setoptions\":{\"2\":{\"access\":[\"1\"],\"skin\":\"0\",\"skin_admin\":\"0\",\"mobile\":\"0\",\"drag_drop\":\"1\",\"path\":\"\",\"entity_encoding\":\"raw\",\"lang_mode\":\"1\",\"text_direction\":\"ltr\",\"content_css\":\"1\",\"content_css_custom\":\"\",\"relative_urls\":\"1\",\"newlines\":\"0\",\"use_config_textfilters\":\"0\",\"invalid_elements\":\"script,applet,iframe\",\"valid_elements\":\"\",\"extended_elements\":\"\",\"resizing\":\"1\",\"resize_horizontal\":\"1\",\"element_path\":\"1\",\"wordcount\":\"1\",\"image_advtab\":\"0\",\"advlist\":\"1\",\"autosave\":\"1\",\"contextmenu\":\"1\",\"custom_plugin\":\"\",\"custom_button\":\"\"},\"1\":{\"access\":[\"6\",\"2\"],\"skin\":\"0\",\"skin_admin\":\"0\",\"mobile\":\"0\",\"drag_drop\":\"1\",\"path\":\"\",\"entity_encoding\":\"raw\",\"lang_mode\":\"1\",\"text_direction\":\"ltr\",\"content_css\":\"1\",\"content_css_custom\":\"\",\"relative_urls\":\"1\",\"newlines\":\"0\",\"use_config_textfilters\":\"0\",\"invalid_elements\":\"script,applet,iframe\",\"valid_elements\":\"\",\"extended_elements\":\"\",\"resizing\":\"1\",\"resize_horizontal\":\"1\",\"element_path\":\"1\",\"wordcount\":\"1\",\"image_advtab\":\"0\",\"advlist\":\"1\",\"autosave\":\"1\",\"contextmenu\":\"1\",\"custom_plugin\":\"\",\"custom_button\":\"\"},\"0\":{\"access\":[\"7\",\"4\",\"8\"],\"skin\":\"0\",\"skin_admin\":\"0\",\"mobile\":\"0\",\"drag_drop\":\"1\",\"path\":\"\",\"entity_encoding\":\"raw\",\"lang_mode\":\"1\",\"text_direction\":\"ltr\",\"content_css\":\"1\",\"content_css_custom\":\"\",\"relative_urls\":\"1\",\"newlines\":\"0\",\"use_config_textfilters\":\"0\",\"invalid_elements\":\"script,applet,iframe\",\"valid_elements\":\"\",\"extended_elements\":\"\",\"resizing\":\"1\",\"resize_horizontal\":\"1\",\"element_path\":\"1\",\"wordcount\":\"1\",\"image_advtab\":\"1\",\"advlist\":\"1\",\"autosave\":\"1\",\"contextmenu\":\"1\",\"custom_plugin\":\"\",\"custom_button\":\"\"}}},\"sets_amount\":3,\"html_height\":\"550\",\"html_width\":\"750\"}', '', '', 0, '0000-00-00 00:00:00', 3, 0),
(413, 0, 'plg_editors-xtd_article', 'plugin', 'article', 'editors-xtd', 0, 1, 1, 0, '{\"name\":\"plg_editors-xtd_article\",\"type\":\"plugin\",\"creationDate\":\"October 2009\",\"author\":\"Joomla! Project\",\"copyright\":\"Copyright (C) 2005 - 2018 Open Source Matters. All rights reserved.\",\"authorEmail\":\"admin@joomla.org\",\"authorUrl\":\"www.joomla.org\",\"version\":\"3.0.0\",\"description\":\"PLG_ARTICLE_XML_DESCRIPTION\",\"group\":\"\",\"filename\":\"article\"}', '', '', '', 0, '0000-00-00 00:00:00', 1, 0),
(414, 0, 'plg_editors-xtd_image', 'plugin', 'image', 'editors-xtd', 0, 1, 1, 0, '{\"name\":\"plg_editors-xtd_image\",\"type\":\"plugin\",\"creationDate\":\"August 2004\",\"author\":\"Joomla! Project\",\"copyright\":\"Copyright (C) 2005 - 2018 Open Source Matters. All rights reserved.\",\"authorEmail\":\"admin@joomla.org\",\"authorUrl\":\"www.joomla.org\",\"version\":\"3.0.0\",\"description\":\"PLG_IMAGE_XML_DESCRIPTION\",\"group\":\"\",\"filename\":\"image\"}', '', '', '', 0, '0000-00-00 00:00:00', 2, 0),
(415, 0, 'plg_editors-xtd_pagebreak', 'plugin', 'pagebreak', 'editors-xtd', 0, 1, 1, 0, '{\"name\":\"plg_editors-xtd_pagebreak\",\"type\":\"plugin\",\"creationDate\":\"August 2004\",\"author\":\"Joomla! Project\",\"copyright\":\"Copyright (C) 2005 - 2018 Open Source Matters. All rights reserved.\",\"authorEmail\":\"admin@joomla.org\",\"authorUrl\":\"www.joomla.org\",\"version\":\"3.0.0\",\"description\":\"PLG_EDITORSXTD_PAGEBREAK_XML_DESCRIPTION\",\"group\":\"\",\"filename\":\"pagebreak\"}', '', '', '', 0, '0000-00-00 00:00:00', 3, 0),
(416, 0, 'plg_editors-xtd_readmore', 'plugin', 'readmore', 'editors-xtd', 0, 1, 1, 0, '{\"name\":\"plg_editors-xtd_readmore\",\"type\":\"plugin\",\"creationDate\":\"March 2006\",\"author\":\"Joomla! Project\",\"copyright\":\"Copyright (C) 2005 - 2018 Open Source Matters. All rights reserved.\",\"authorEmail\":\"admin@joomla.org\",\"authorUrl\":\"www.joomla.org\",\"version\":\"3.0.0\",\"description\":\"PLG_READMORE_XML_DESCRIPTION\",\"group\":\"\",\"filename\":\"readmore\"}', '', '', '', 0, '0000-00-00 00:00:00', 4, 0),
(417, 0, 'plg_search_categories', 'plugin', 'categories', 'search', 0, 1, 1, 0, '{\"name\":\"plg_search_categories\",\"type\":\"plugin\",\"creationDate\":\"November 2005\",\"author\":\"Joomla! Project\",\"copyright\":\"Copyright (C) 2005 - 2018 Open Source Matters. All rights reserved.\",\"authorEmail\":\"admin@joomla.org\",\"authorUrl\":\"www.joomla.org\",\"version\":\"3.0.0\",\"description\":\"PLG_SEARCH_CATEGORIES_XML_DESCRIPTION\",\"group\":\"\",\"filename\":\"categories\"}', '{\"search_limit\":\"50\",\"search_content\":\"1\",\"search_archived\":\"1\"}', '', '', 0, '0000-00-00 00:00:00', 0, 0),
(418, 0, 'plg_search_contacts', 'plugin', 'contacts', 'search', 0, 1, 1, 0, '{\"name\":\"plg_search_contacts\",\"type\":\"plugin\",\"creationDate\":\"November 2005\",\"author\":\"Joomla! Project\",\"copyright\":\"Copyright (C) 2005 - 2018 Open Source Matters. All rights reserved.\",\"authorEmail\":\"admin@joomla.org\",\"authorUrl\":\"www.joomla.org\",\"version\":\"3.0.0\",\"description\":\"PLG_SEARCH_CONTACTS_XML_DESCRIPTION\",\"group\":\"\",\"filename\":\"contacts\"}', '{\"search_limit\":\"50\",\"search_content\":\"1\",\"search_archived\":\"1\"}', '', '', 0, '0000-00-00 00:00:00', 0, 0),
(419, 0, 'plg_search_content', 'plugin', 'content', 'search', 0, 1, 1, 0, '{\"name\":\"plg_search_content\",\"type\":\"plugin\",\"creationDate\":\"November 2005\",\"author\":\"Joomla! Project\",\"copyright\":\"Copyright (C) 2005 - 2018 Open Source Matters. All rights reserved.\",\"authorEmail\":\"admin@joomla.org\",\"authorUrl\":\"www.joomla.org\",\"version\":\"3.0.0\",\"description\":\"PLG_SEARCH_CONTENT_XML_DESCRIPTION\",\"group\":\"\",\"filename\":\"content\"}', '{\"search_limit\":\"50\",\"search_content\":\"1\",\"search_archived\":\"1\"}', '', '', 0, '0000-00-00 00:00:00', 0, 0),
(420, 0, 'plg_search_newsfeeds', 'plugin', 'newsfeeds', 'search', 0, 1, 1, 0, '{\"name\":\"plg_search_newsfeeds\",\"type\":\"plugin\",\"creationDate\":\"November 2005\",\"author\":\"Joomla! Project\",\"copyright\":\"Copyright (C) 2005 - 2018 Open Source Matters. All rights reserved.\",\"authorEmail\":\"admin@joomla.org\",\"authorUrl\":\"www.joomla.org\",\"version\":\"3.0.0\",\"description\":\"PLG_SEARCH_NEWSFEEDS_XML_DESCRIPTION\",\"group\":\"\",\"filename\":\"newsfeeds\"}', '{\"search_limit\":\"50\",\"search_content\":\"1\",\"search_archived\":\"1\"}', '', '', 0, '0000-00-00 00:00:00', 0, 0),
(422, 0, 'plg_system_languagefilter', 'plugin', 'languagefilter', 'system', 0, 0, 1, 1, '{\"name\":\"plg_system_languagefilter\",\"type\":\"plugin\",\"creationDate\":\"July 2010\",\"author\":\"Joomla! Project\",\"copyright\":\"Copyright (C) 2005 - 2018 Open Source Matters. All rights reserved.\",\"authorEmail\":\"admin@joomla.org\",\"authorUrl\":\"www.joomla.org\",\"version\":\"3.0.0\",\"description\":\"PLG_SYSTEM_LANGUAGEFILTER_XML_DESCRIPTION\",\"group\":\"\",\"filename\":\"languagefilter\"}', '', '', '', 0, '0000-00-00 00:00:00', 1, 0),
(423, 0, 'plg_system_p3p', 'plugin', 'p3p', 'system', 0, 0, 1, 0, '{\"name\":\"plg_system_p3p\",\"type\":\"plugin\",\"creationDate\":\"September 2010\",\"author\":\"Joomla! Project\",\"copyright\":\"Copyright (C) 2005 - 2018 Open Source Matters. All rights reserved.\",\"authorEmail\":\"admin@joomla.org\",\"authorUrl\":\"www.joomla.org\",\"version\":\"3.0.0\",\"description\":\"PLG_P3P_XML_DESCRIPTION\",\"group\":\"\",\"filename\":\"p3p\"}', '{\"headers\":\"NOI ADM DEV PSAi COM NAV OUR OTRo STP IND DEM\"}', '', '', 0, '0000-00-00 00:00:00', 2, 0),
(424, 0, 'plg_system_cache', 'plugin', 'cache', 'system', 0, 0, 1, 1, '{\"name\":\"plg_system_cache\",\"type\":\"plugin\",\"creationDate\":\"February 2007\",\"author\":\"Joomla! Project\",\"copyright\":\"Copyright (C) 2005 - 2018 Open Source Matters. All rights reserved.\",\"authorEmail\":\"admin@joomla.org\",\"authorUrl\":\"www.joomla.org\",\"version\":\"3.0.0\",\"description\":\"PLG_CACHE_XML_DESCRIPTION\",\"group\":\"\",\"filename\":\"cache\"}', '{\"browsercache\":\"0\",\"cachetime\":\"15\"}', '', '', 0, '0000-00-00 00:00:00', 9, 0),
(425, 0, 'plg_system_debug', 'plugin', 'debug', 'system', 0, 1, 1, 0, '{\"name\":\"plg_system_debug\",\"type\":\"plugin\",\"creationDate\":\"December 2006\",\"author\":\"Joomla! Project\",\"copyright\":\"Copyright (C) 2005 - 2018 Open Source Matters. All rights reserved.\",\"authorEmail\":\"admin@joomla.org\",\"authorUrl\":\"www.joomla.org\",\"version\":\"3.0.0\",\"description\":\"PLG_DEBUG_XML_DESCRIPTION\",\"group\":\"\",\"filename\":\"debug\"}', '{\"profile\":\"1\",\"queries\":\"1\",\"memory\":\"1\",\"language_files\":\"1\",\"language_strings\":\"1\",\"strip-first\":\"1\",\"strip-prefix\":\"\",\"strip-suffix\":\"\"}', '', '', 0, '0000-00-00 00:00:00', 4, 0),
(426, 0, 'plg_system_log', 'plugin', 'log', 'system', 0, 1, 1, 1, '{\"name\":\"plg_system_log\",\"type\":\"plugin\",\"creationDate\":\"April 2007\",\"author\":\"Joomla! Project\",\"copyright\":\"Copyright (C) 2005 - 2018 Open Source Matters. All rights reserved.\",\"authorEmail\":\"admin@joomla.org\",\"authorUrl\":\"www.joomla.org\",\"version\":\"3.0.0\",\"description\":\"PLG_LOG_XML_DESCRIPTION\",\"group\":\"\",\"filename\":\"log\"}', '', '', '', 0, '0000-00-00 00:00:00', 5, 0),
(427, 0, 'plg_system_redirect', 'plugin', 'redirect', 'system', 0, 0, 1, 1, '{\"name\":\"plg_system_redirect\",\"type\":\"plugin\",\"creationDate\":\"April 2009\",\"author\":\"Joomla! Project\",\"copyright\":\"Copyright (C) 2005 - 2018 Open Source Matters. All rights reserved.\",\"authorEmail\":\"admin@joomla.org\",\"authorUrl\":\"www.joomla.org\",\"version\":\"3.0.0\",\"description\":\"PLG_SYSTEM_REDIRECT_XML_DESCRIPTION\",\"group\":\"\",\"filename\":\"redirect\"}', '', '', '', 0, '0000-00-00 00:00:00', 3, 0),
(428, 0, 'plg_system_remember', 'plugin', 'remember', 'system', 0, 1, 1, 1, '{\"name\":\"plg_system_remember\",\"type\":\"plugin\",\"creationDate\":\"April 2007\",\"author\":\"Joomla! Project\",\"copyright\":\"Copyright (C) 2005 - 2018 Open Source Matters. All rights reserved.\",\"authorEmail\":\"admin@joomla.org\",\"authorUrl\":\"www.joomla.org\",\"version\":\"3.0.0\",\"description\":\"PLG_REMEMBER_XML_DESCRIPTION\",\"group\":\"\",\"filename\":\"remember\"}', '', '', '', 0, '0000-00-00 00:00:00', 7, 0),
(429, 0, 'plg_system_sef', 'plugin', 'sef', 'system', 0, 1, 1, 0, '{\"name\":\"plg_system_sef\",\"type\":\"plugin\",\"creationDate\":\"December 2007\",\"author\":\"Joomla! Project\",\"copyright\":\"Copyright (C) 2005 - 2018 Open Source Matters. All rights reserved.\",\"authorEmail\":\"admin@joomla.org\",\"authorUrl\":\"www.joomla.org\",\"version\":\"3.0.0\",\"description\":\"PLG_SEF_XML_DESCRIPTION\",\"group\":\"\",\"filename\":\"sef\"}', '', '', '', 0, '0000-00-00 00:00:00', 8, 0),
(430, 0, 'plg_system_logout', 'plugin', 'logout', 'system', 0, 1, 1, 1, '{\"name\":\"plg_system_logout\",\"type\":\"plugin\",\"creationDate\":\"April 2009\",\"author\":\"Joomla! Project\",\"copyright\":\"Copyright (C) 2005 - 2018 Open Source Matters. All rights reserved.\",\"authorEmail\":\"admin@joomla.org\",\"authorUrl\":\"www.joomla.org\",\"version\":\"3.0.0\",\"description\":\"PLG_SYSTEM_LOGOUT_XML_DESCRIPTION\",\"group\":\"\",\"filename\":\"logout\"}', '', '', '', 0, '0000-00-00 00:00:00', 6, 0),
(431, 0, 'plg_user_contactcreator', 'plugin', 'contactcreator', 'user', 0, 0, 1, 0, '{\"name\":\"plg_user_contactcreator\",\"type\":\"plugin\",\"creationDate\":\"August 2009\",\"author\":\"Joomla! Project\",\"copyright\":\"(C) 2005 - 2018 Open Source Matters. All rights reserved.\",\"authorEmail\":\"admin@joomla.org\",\"authorUrl\":\"www.joomla.org\",\"version\":\"3.0.0\",\"description\":\"PLG_CONTACTCREATOR_XML_DESCRIPTION\",\"group\":\"\",\"filename\":\"contactcreator\"}', '{\"autowebpage\":\"\",\"category\":\"34\",\"autopublish\":\"0\"}', '', '', 0, '0000-00-00 00:00:00', 1, 0),
(432, 0, 'plg_user_joomla', 'plugin', 'joomla', 'user', 0, 1, 1, 0, '{\"name\":\"plg_user_joomla\",\"type\":\"plugin\",\"creationDate\":\"December 2006\",\"author\":\"Joomla! Project\",\"copyright\":\"(C) 2005 - 2018 Open Source Matters. All rights reserved.\",\"authorEmail\":\"admin@joomla.org\",\"authorUrl\":\"www.joomla.org\",\"version\":\"3.0.0\",\"description\":\"PLG_USER_JOOMLA_XML_DESCRIPTION\",\"group\":\"\",\"filename\":\"joomla\"}', '{\"autoregister\":\"1\",\"mail_to_user\":\"1\",\"forceLogout\":\"1\"}', '', '', 0, '0000-00-00 00:00:00', 2, 0),
(433, 0, 'plg_user_profile', 'plugin', 'profile', 'user', 0, 0, 1, 0, '{\"name\":\"plg_user_profile\",\"type\":\"plugin\",\"creationDate\":\"January 2008\",\"author\":\"Joomla! Project\",\"copyright\":\"(C) 2005 - 2018 Open Source Matters. All rights reserved.\",\"authorEmail\":\"admin@joomla.org\",\"authorUrl\":\"www.joomla.org\",\"version\":\"3.0.0\",\"description\":\"PLG_USER_PROFILE_XML_DESCRIPTION\",\"group\":\"\",\"filename\":\"profile\"}', '{\"register-require_address1\":\"1\",\"register-require_address2\":\"1\",\"register-require_city\":\"1\",\"register-require_region\":\"1\",\"register-require_country\":\"1\",\"register-require_postal_code\":\"1\",\"register-require_phone\":\"1\",\"register-require_website\":\"1\",\"register-require_favoritebook\":\"1\",\"register-require_aboutme\":\"1\",\"register-require_tos\":\"1\",\"register-require_dob\":\"1\",\"profile-require_address1\":\"1\",\"profile-require_address2\":\"1\",\"profile-require_city\":\"1\",\"profile-require_region\":\"1\",\"profile-require_country\":\"1\",\"profile-require_postal_code\":\"1\",\"profile-require_phone\":\"1\",\"profile-require_website\":\"1\",\"profile-require_favoritebook\":\"1\",\"profile-require_aboutme\":\"1\",\"profile-require_tos\":\"1\",\"profile-require_dob\":\"1\"}', '', '', 0, '0000-00-00 00:00:00', 0, 0),
(434, 0, 'plg_extension_joomla', 'plugin', 'joomla', 'extension', 0, 1, 1, 1, '{\"name\":\"plg_extension_joomla\",\"type\":\"plugin\",\"creationDate\":\"May 2010\",\"author\":\"Joomla! Project\",\"copyright\":\"Copyright (C) 2005 - 2018 Open Source Matters. All rights reserved.\",\"authorEmail\":\"admin@joomla.org\",\"authorUrl\":\"www.joomla.org\",\"version\":\"3.0.0\",\"description\":\"PLG_EXTENSION_JOOMLA_XML_DESCRIPTION\",\"group\":\"\",\"filename\":\"joomla\"}', '', '', '', 0, '0000-00-00 00:00:00', 1, 0),
(435, 0, 'plg_content_joomla', 'plugin', 'joomla', 'content', 0, 1, 1, 0, '{\"name\":\"plg_content_joomla\",\"type\":\"plugin\",\"creationDate\":\"November 2010\",\"author\":\"Joomla! Project\",\"copyright\":\"Copyright (C) 2005 - 2018 Open Source Matters. All rights reserved.\",\"authorEmail\":\"admin@joomla.org\",\"authorUrl\":\"www.joomla.org\",\"version\":\"3.0.0\",\"description\":\"PLG_CONTENT_JOOMLA_XML_DESCRIPTION\",\"group\":\"\",\"filename\":\"joomla\"}', '', '', '', 0, '0000-00-00 00:00:00', 0, 0),
(436, 0, 'plg_system_languagecode', 'plugin', 'languagecode', 'system', 0, 0, 1, 0, '{\"name\":\"plg_system_languagecode\",\"type\":\"plugin\",\"creationDate\":\"November 2011\",\"author\":\"Joomla! Project\",\"copyright\":\"Copyright (C) 2005 - 2018 Open Source Matters. All rights reserved.\",\"authorEmail\":\"admin@joomla.org\",\"authorUrl\":\"www.joomla.org\",\"version\":\"3.0.0\",\"description\":\"PLG_SYSTEM_LANGUAGECODE_XML_DESCRIPTION\",\"group\":\"\",\"filename\":\"languagecode\"}', '', '', '', 0, '0000-00-00 00:00:00', 10, 0),
(437, 0, 'plg_quickicon_joomlaupdate', 'plugin', 'joomlaupdate', 'quickicon', 0, 1, 1, 1, '{\"name\":\"plg_quickicon_joomlaupdate\",\"type\":\"plugin\",\"creationDate\":\"August 2011\",\"author\":\"Joomla! Project\",\"copyright\":\"Copyright (C) 2005 - 2018 Open Source Matters. All rights reserved.\",\"authorEmail\":\"admin@joomla.org\",\"authorUrl\":\"www.joomla.org\",\"version\":\"3.0.0\",\"description\":\"PLG_QUICKICON_JOOMLAUPDATE_XML_DESCRIPTION\",\"group\":\"\",\"filename\":\"joomlaupdate\"}', '', '', '', 0, '0000-00-00 00:00:00', 0, 0),
(438, 0, 'plg_quickicon_extensionupdate', 'plugin', 'extensionupdate', 'quickicon', 0, 1, 1, 1, '{\"name\":\"plg_quickicon_extensionupdate\",\"type\":\"plugin\",\"creationDate\":\"August 2011\",\"author\":\"Joomla! Project\",\"copyright\":\"Copyright (C) 2005 - 2018 Open Source Matters. All rights reserved.\",\"authorEmail\":\"admin@joomla.org\",\"authorUrl\":\"www.joomla.org\",\"version\":\"3.0.0\",\"description\":\"PLG_QUICKICON_EXTENSIONUPDATE_XML_DESCRIPTION\",\"group\":\"\",\"filename\":\"extensionupdate\"}', '', '', '', 0, '0000-00-00 00:00:00', 0, 0),
(439, 0, 'plg_captcha_recaptcha', 'plugin', 'recaptcha', 'captcha', 0, 0, 1, 0, '{\"name\":\"plg_captcha_recaptcha\",\"type\":\"plugin\",\"creationDate\":\"December 2011\",\"author\":\"Joomla! Project\",\"copyright\":\"Copyright (C) 2005 - 2018 Open Source Matters. All rights reserved.\",\"authorEmail\":\"admin@joomla.org\",\"authorUrl\":\"www.joomla.org\",\"version\":\"3.4.0\",\"description\":\"PLG_CAPTCHA_RECAPTCHA_XML_DESCRIPTION\",\"group\":\"\",\"filename\":\"recaptcha\"}', '{\"public_key\":\"\",\"private_key\":\"\",\"theme\":\"clean\"}', '', '', 0, '0000-00-00 00:00:00', 0, 0),
(440, 0, 'plg_system_highlight', 'plugin', 'highlight', 'system', 0, 1, 1, 0, '{\"name\":\"plg_system_highlight\",\"type\":\"plugin\",\"creationDate\":\"August 2011\",\"author\":\"Joomla! Project\",\"copyright\":\"(C) 2005 - 2018 Open Source Matters. All rights reserved.\",\"authorEmail\":\"admin@joomla.org\",\"authorUrl\":\"www.joomla.org\",\"version\":\"3.0.0\",\"description\":\"PLG_SYSTEM_HIGHLIGHT_XML_DESCRIPTION\",\"group\":\"\",\"filename\":\"highlight\"}', '', '', '', 0, '0000-00-00 00:00:00', 7, 0),
(441, 0, 'plg_content_finder', 'plugin', 'finder', 'content', 0, 0, 1, 0, '{\"name\":\"plg_content_finder\",\"type\":\"plugin\",\"creationDate\":\"December 2011\",\"author\":\"Joomla! Project\",\"copyright\":\"Copyright (C) 2005 - 2018 Open Source Matters. All rights reserved.\",\"authorEmail\":\"admin@joomla.org\",\"authorUrl\":\"www.joomla.org\",\"version\":\"3.0.0\",\"description\":\"PLG_CONTENT_FINDER_XML_DESCRIPTION\",\"group\":\"\",\"filename\":\"finder\"}', '', '', '', 0, '0000-00-00 00:00:00', 0, 0),
(442, 0, 'plg_finder_categories', 'plugin', 'categories', 'finder', 0, 1, 1, 0, '{\"name\":\"plg_finder_categories\",\"type\":\"plugin\",\"creationDate\":\"August 2011\",\"author\":\"Joomla! Project\",\"copyright\":\"(C) 2005 - 2018 Open Source Matters. All rights reserved.\",\"authorEmail\":\"admin@joomla.org\",\"authorUrl\":\"www.joomla.org\",\"version\":\"3.0.0\",\"description\":\"PLG_FINDER_CATEGORIES_XML_DESCRIPTION\",\"group\":\"\",\"filename\":\"categories\"}', '', '', '', 0, '0000-00-00 00:00:00', 1, 0),
(443, 0, 'plg_finder_contacts', 'plugin', 'contacts', 'finder', 0, 1, 1, 0, '{\"name\":\"plg_finder_contacts\",\"type\":\"plugin\",\"creationDate\":\"August 2011\",\"author\":\"Joomla! Project\",\"copyright\":\"(C) 2005 - 2018 Open Source Matters. All rights reserved.\",\"authorEmail\":\"admin@joomla.org\",\"authorUrl\":\"www.joomla.org\",\"version\":\"3.0.0\",\"description\":\"PLG_FINDER_CONTACTS_XML_DESCRIPTION\",\"group\":\"\",\"filename\":\"contacts\"}', '', '', '', 0, '0000-00-00 00:00:00', 2, 0),
(444, 0, 'plg_finder_content', 'plugin', 'content', 'finder', 0, 1, 1, 0, '{\"name\":\"plg_finder_content\",\"type\":\"plugin\",\"creationDate\":\"August 2011\",\"author\":\"Joomla! Project\",\"copyright\":\"(C) 2005 - 2018 Open Source Matters. All rights reserved.\",\"authorEmail\":\"admin@joomla.org\",\"authorUrl\":\"www.joomla.org\",\"version\":\"3.0.0\",\"description\":\"PLG_FINDER_CONTENT_XML_DESCRIPTION\",\"group\":\"\",\"filename\":\"content\"}', '', '', '', 0, '0000-00-00 00:00:00', 3, 0),
(445, 0, 'plg_finder_newsfeeds', 'plugin', 'newsfeeds', 'finder', 0, 1, 1, 0, '{\"name\":\"plg_finder_newsfeeds\",\"type\":\"plugin\",\"creationDate\":\"August 2011\",\"author\":\"Joomla! Project\",\"copyright\":\"(C) 2005 - 2018 Open Source Matters. All rights reserved.\",\"authorEmail\":\"admin@joomla.org\",\"authorUrl\":\"www.joomla.org\",\"version\":\"3.0.0\",\"description\":\"PLG_FINDER_NEWSFEEDS_XML_DESCRIPTION\",\"group\":\"\",\"filename\":\"newsfeeds\"}', '', '', '', 0, '0000-00-00 00:00:00', 4, 0),
(447, 0, 'plg_finder_tags', 'plugin', 'tags', 'finder', 0, 1, 1, 0, '{\"name\":\"plg_finder_tags\",\"type\":\"plugin\",\"creationDate\":\"February 2013\",\"author\":\"Joomla! Project\",\"copyright\":\"(C) 2005 - 2018 Open Source Matters. All rights reserved.\",\"authorEmail\":\"admin@joomla.org\",\"authorUrl\":\"www.joomla.org\",\"version\":\"3.0.0\",\"description\":\"PLG_FINDER_TAGS_XML_DESCRIPTION\",\"group\":\"\",\"filename\":\"tags\"}', '', '', '', 0, '0000-00-00 00:00:00', 0, 0),
(448, 0, 'plg_twofactorauth_totp', 'plugin', 'totp', 'twofactorauth', 0, 0, 1, 0, '{\"name\":\"plg_twofactorauth_totp\",\"type\":\"plugin\",\"creationDate\":\"August 2013\",\"author\":\"Joomla! Project\",\"copyright\":\"Copyright (C) 2005 - 2018 Open Source Matters. All rights reserved.\",\"authorEmail\":\"admin@joomla.org\",\"authorUrl\":\"www.joomla.org\",\"version\":\"3.2.0\",\"description\":\"PLG_TWOFACTORAUTH_TOTP_XML_DESCRIPTION\",\"group\":\"\",\"filename\":\"totp\"}', '', '', '', 0, '0000-00-00 00:00:00', 0, 0),
(449, 0, 'plg_authentication_cookie', 'plugin', 'cookie', 'authentication', 0, 1, 1, 0, '{\"name\":\"plg_authentication_cookie\",\"type\":\"plugin\",\"creationDate\":\"July 2013\",\"author\":\"Joomla! Project\",\"copyright\":\"Copyright (C) 2005 - 2018 Open Source Matters. All rights reserved.\",\"authorEmail\":\"admin@joomla.org\",\"authorUrl\":\"www.joomla.org\",\"version\":\"3.0.0\",\"description\":\"PLG_AUTH_COOKIE_XML_DESCRIPTION\",\"group\":\"\",\"filename\":\"cookie\"}', '', '', '', 0, '0000-00-00 00:00:00', 0, 0),
(450, 0, 'plg_twofactorauth_yubikey', 'plugin', 'yubikey', 'twofactorauth', 0, 0, 1, 0, '{\"name\":\"plg_twofactorauth_yubikey\",\"type\":\"plugin\",\"creationDate\":\"September 2013\",\"author\":\"Joomla! Project\",\"copyright\":\"Copyright (C) 2005 - 2018 Open Source Matters. All rights reserved.\",\"authorEmail\":\"admin@joomla.org\",\"authorUrl\":\"www.joomla.org\",\"version\":\"3.2.0\",\"description\":\"PLG_TWOFACTORAUTH_YUBIKEY_XML_DESCRIPTION\",\"group\":\"\",\"filename\":\"yubikey\"}', '', '', '', 0, '0000-00-00 00:00:00', 0, 0),
(451, 0, 'plg_search_tags', 'plugin', 'tags', 'search', 0, 1, 1, 0, '{\"name\":\"plg_search_tags\",\"type\":\"plugin\",\"creationDate\":\"March 2014\",\"author\":\"Joomla! Project\",\"copyright\":\"Copyright (C) 2005 - 2018 Open Source Matters. All rights reserved.\",\"authorEmail\":\"admin@joomla.org\",\"authorUrl\":\"www.joomla.org\",\"version\":\"3.0.0\",\"description\":\"PLG_SEARCH_TAGS_XML_DESCRIPTION\",\"group\":\"\",\"filename\":\"tags\"}', '{\"search_limit\":\"50\",\"show_tagged_items\":\"1\"}', '', '', 0, '0000-00-00 00:00:00', 0, 0),
(452, 0, 'plg_system_updatenotification', 'plugin', 'updatenotification', 'system', 0, 1, 1, 0, '{\"name\":\"plg_system_updatenotification\",\"type\":\"plugin\",\"creationDate\":\"May 2015\",\"author\":\"Joomla! Project\",\"copyright\":\"Copyright (C) 2005 - 2018 Open Source Matters. All rights reserved.\",\"authorEmail\":\"admin@joomla.org\",\"authorUrl\":\"www.joomla.org\",\"version\":\"3.5.0\",\"description\":\"PLG_SYSTEM_UPDATENOTIFICATION_XML_DESCRIPTION\",\"group\":\"\",\"filename\":\"updatenotification\"}', '{\"lastrun\":1555311733}', '', '', 0, '0000-00-00 00:00:00', 0, 0),
(453, 0, 'plg_editors-xtd_module', 'plugin', 'module', 'editors-xtd', 0, 1, 1, 0, '{\"name\":\"plg_editors-xtd_module\",\"type\":\"plugin\",\"creationDate\":\"October 2015\",\"author\":\"Joomla! Project\",\"copyright\":\"Copyright (C) 2005 - 2018 Open Source Matters. All rights reserved.\",\"authorEmail\":\"admin@joomla.org\",\"authorUrl\":\"www.joomla.org\",\"version\":\"3.5.0\",\"description\":\"PLG_MODULE_XML_DESCRIPTION\",\"group\":\"\",\"filename\":\"module\"}', '', '', '', 0, '0000-00-00 00:00:00', 0, 0),
(454, 0, 'plg_system_stats', 'plugin', 'stats', 'system', 0, 0, 1, 0, '{\"name\":\"plg_system_stats\",\"type\":\"plugin\",\"creationDate\":\"November 2013\",\"author\":\"Joomla! Project\",\"copyright\":\"Copyright (C) 2005 - 2018 Open Source Matters. All rights reserved.\",\"authorEmail\":\"admin@joomla.org\",\"authorUrl\":\"www.joomla.org\",\"version\":\"3.5.0\",\"description\":\"PLG_SYSTEM_STATS_XML_DESCRIPTION\",\"group\":\"\",\"filename\":\"stats\"}', '{\"mode\":3,\"lastrun\":\"\",\"unique_id\":\"d28c6cf7ac9fe5bcd5f11b16123b6cce8813712a\",\"interval\":12}', '', '', 0, '0000-00-00 00:00:00', 0, 0),
(455, 0, 'plg_installer_packageinstaller', 'plugin', 'packageinstaller', 'installer', 0, 1, 1, 1, '{\"name\":\"plg_installer_packageinstaller\",\"type\":\"plugin\",\"creationDate\":\"May 2016\",\"author\":\"Joomla! Project\",\"copyright\":\"Copyright (C) 2005 - 2018 Open Source Matters. All rights reserved.\",\"authorEmail\":\"admin@joomla.org\",\"authorUrl\":\"www.joomla.org\",\"version\":\"3.6.0\",\"description\":\"PLG_INSTALLER_PACKAGEINSTALLER_PLUGIN_XML_DESCRIPTION\",\"group\":\"\",\"filename\":\"packageinstaller\"}', '', '', '', 0, '0000-00-00 00:00:00', 1, 0),
(456, 0, 'PLG_INSTALLER_FOLDERINSTALLER', 'plugin', 'folderinstaller', 'installer', 0, 1, 1, 1, '{\"name\":\"PLG_INSTALLER_FOLDERINSTALLER\",\"type\":\"plugin\",\"creationDate\":\"May 2016\",\"author\":\"Joomla! Project\",\"copyright\":\"Copyright (C) 2005 - 2018 Open Source Matters. All rights reserved.\",\"authorEmail\":\"admin@joomla.org\",\"authorUrl\":\"www.joomla.org\",\"version\":\"3.6.0\",\"description\":\"PLG_INSTALLER_FOLDERINSTALLER_PLUGIN_XML_DESCRIPTION\",\"group\":\"\",\"filename\":\"folderinstaller\"}', '', '', '', 0, '0000-00-00 00:00:00', 2, 0),
(457, 0, 'PLG_INSTALLER_URLINSTALLER', 'plugin', 'urlinstaller', 'installer', 0, 1, 1, 1, '{\"name\":\"PLG_INSTALLER_URLINSTALLER\",\"type\":\"plugin\",\"creationDate\":\"May 2016\",\"author\":\"Joomla! Project\",\"copyright\":\"Copyright (C) 2005 - 2018 Open Source Matters. All rights reserved.\",\"authorEmail\":\"admin@joomla.org\",\"authorUrl\":\"www.joomla.org\",\"version\":\"3.6.0\",\"description\":\"PLG_INSTALLER_URLINSTALLER_PLUGIN_XML_DESCRIPTION\",\"group\":\"\",\"filename\":\"urlinstaller\"}', '', '', '', 0, '0000-00-00 00:00:00', 3, 0),
(458, 0, 'plg_quickicon_phpversioncheck', 'plugin', 'phpversioncheck', 'quickicon', 0, 1, 1, 1, '{\"name\":\"plg_quickicon_phpversioncheck\",\"type\":\"plugin\",\"creationDate\":\"August 2016\",\"author\":\"Joomla! Project\",\"copyright\":\"Copyright (C) 2005 - 2018 Open Source Matters. All rights reserved.\",\"authorEmail\":\"admin@joomla.org\",\"authorUrl\":\"www.joomla.org\",\"version\":\"3.7.0\",\"description\":\"PLG_QUICKICON_PHPVERSIONCHECK_XML_DESCRIPTION\",\"group\":\"\",\"filename\":\"phpversioncheck\"}', '', '', '', 0, '0000-00-00 00:00:00', 0, 0),
(459, 0, 'plg_editors-xtd_menu', 'plugin', 'menu', 'editors-xtd', 0, 1, 1, 0, '{\"name\":\"plg_editors-xtd_menu\",\"type\":\"plugin\",\"creationDate\":\"August 2016\",\"author\":\"Joomla! Project\",\"copyright\":\"Copyright (C) 2005 - 2018 Open Source Matters. All rights reserved.\",\"authorEmail\":\"admin@joomla.org\",\"authorUrl\":\"www.joomla.org\",\"version\":\"3.7.0\",\"description\":\"PLG_EDITORS-XTD_MENU_XML_DESCRIPTION\",\"group\":\"\",\"filename\":\"menu\"}', '', '', '', 0, '0000-00-00 00:00:00', 0, 0),
(460, 0, 'plg_editors-xtd_contact', 'plugin', 'contact', 'editors-xtd', 0, 1, 1, 0, '{\"name\":\"plg_editors-xtd_contact\",\"type\":\"plugin\",\"creationDate\":\"October 2016\",\"author\":\"Joomla! Project\",\"copyright\":\"Copyright (C) 2005 - 2018 Open Source Matters. All rights reserved.\",\"authorEmail\":\"admin@joomla.org\",\"authorUrl\":\"www.joomla.org\",\"version\":\"3.7.0\",\"description\":\"PLG_EDITORS-XTD_CONTACT_XML_DESCRIPTION\",\"group\":\"\",\"filename\":\"contact\"}', '', '', '', 0, '0000-00-00 00:00:00', 0, 0),
(461, 0, 'plg_system_fields', 'plugin', 'fields', 'system', 0, 1, 1, 0, '{\"name\":\"plg_system_fields\",\"type\":\"plugin\",\"creationDate\":\"March 2016\",\"author\":\"Joomla! Project\",\"copyright\":\"Copyright (C) 2005 - 2018 Open Source Matters. All rights reserved.\",\"authorEmail\":\"admin@joomla.org\",\"authorUrl\":\"www.joomla.org\",\"version\":\"3.7.0\",\"description\":\"PLG_SYSTEM_FIELDS_XML_DESCRIPTION\",\"group\":\"\",\"filename\":\"fields\"}', '', '', '', 0, '0000-00-00 00:00:00', 0, 0),
(462, 0, 'plg_fields_calendar', 'plugin', 'calendar', 'fields', 0, 1, 1, 0, '{\"name\":\"plg_fields_calendar\",\"type\":\"plugin\",\"creationDate\":\"March 2016\",\"author\":\"Joomla! Project\",\"copyright\":\"Copyright (C) 2005 - 2018 Open Source Matters. All rights reserved.\",\"authorEmail\":\"admin@joomla.org\",\"authorUrl\":\"www.joomla.org\",\"version\":\"3.7.0\",\"description\":\"PLG_FIELDS_CALENDAR_XML_DESCRIPTION\",\"group\":\"\",\"filename\":\"calendar\"}', '', '', '', 0, '0000-00-00 00:00:00', 0, 0),
(463, 0, 'plg_fields_checkboxes', 'plugin', 'checkboxes', 'fields', 0, 1, 1, 0, '{\"name\":\"plg_fields_checkboxes\",\"type\":\"plugin\",\"creationDate\":\"March 2016\",\"author\":\"Joomla! Project\",\"copyright\":\"Copyright (C) 2005 - 2018 Open Source Matters. All rights reserved.\",\"authorEmail\":\"admin@joomla.org\",\"authorUrl\":\"www.joomla.org\",\"version\":\"3.7.0\",\"description\":\"PLG_FIELDS_CHECKBOXES_XML_DESCRIPTION\",\"group\":\"\",\"filename\":\"checkboxes\"}', '', '', '', 0, '0000-00-00 00:00:00', 0, 0),
(464, 0, 'plg_fields_color', 'plugin', 'color', 'fields', 0, 1, 1, 0, '{\"name\":\"plg_fields_color\",\"type\":\"plugin\",\"creationDate\":\"March 2016\",\"author\":\"Joomla! Project\",\"copyright\":\"Copyright (C) 2005 - 2018 Open Source Matters. All rights reserved.\",\"authorEmail\":\"admin@joomla.org\",\"authorUrl\":\"www.joomla.org\",\"version\":\"3.7.0\",\"description\":\"PLG_FIELDS_COLOR_XML_DESCRIPTION\",\"group\":\"\",\"filename\":\"color\"}', '', '', '', 0, '0000-00-00 00:00:00', 0, 0),
(465, 0, 'plg_fields_editor', 'plugin', 'editor', 'fields', 0, 1, 1, 0, '{\"name\":\"plg_fields_editor\",\"type\":\"plugin\",\"creationDate\":\"March 2016\",\"author\":\"Joomla! Project\",\"copyright\":\"Copyright (C) 2005 - 2018 Open Source Matters. All rights reserved.\",\"authorEmail\":\"admin@joomla.org\",\"authorUrl\":\"www.joomla.org\",\"version\":\"3.7.0\",\"description\":\"PLG_FIELDS_EDITOR_XML_DESCRIPTION\",\"group\":\"\",\"filename\":\"editor\"}', '', '', '', 0, '0000-00-00 00:00:00', 0, 0),
(466, 0, 'plg_fields_imagelist', 'plugin', 'imagelist', 'fields', 0, 1, 1, 0, '{\"name\":\"plg_fields_imagelist\",\"type\":\"plugin\",\"creationDate\":\"March 2016\",\"author\":\"Joomla! Project\",\"copyright\":\"Copyright (C) 2005 - 2018 Open Source Matters. All rights reserved.\",\"authorEmail\":\"admin@joomla.org\",\"authorUrl\":\"www.joomla.org\",\"version\":\"3.7.0\",\"description\":\"PLG_FIELDS_IMAGELIST_XML_DESCRIPTION\",\"group\":\"\",\"filename\":\"imagelist\"}', '', '', '', 0, '0000-00-00 00:00:00', 0, 0),
(467, 0, 'plg_fields_integer', 'plugin', 'integer', 'fields', 0, 1, 1, 0, '{\"name\":\"plg_fields_integer\",\"type\":\"plugin\",\"creationDate\":\"March 2016\",\"author\":\"Joomla! Project\",\"copyright\":\"Copyright (C) 2005 - 2018 Open Source Matters. All rights reserved.\",\"authorEmail\":\"admin@joomla.org\",\"authorUrl\":\"www.joomla.org\",\"version\":\"3.7.0\",\"description\":\"PLG_FIELDS_INTEGER_XML_DESCRIPTION\",\"group\":\"\",\"filename\":\"integer\"}', '{\"multiple\":\"0\",\"first\":\"1\",\"last\":\"100\",\"step\":\"1\"}', '', '', 0, '0000-00-00 00:00:00', 0, 0),
(468, 0, 'plg_fields_list', 'plugin', 'list', 'fields', 0, 1, 1, 0, '{\"name\":\"plg_fields_list\",\"type\":\"plugin\",\"creationDate\":\"March 2016\",\"author\":\"Joomla! Project\",\"copyright\":\"Copyright (C) 2005 - 2018 Open Source Matters. All rights reserved.\",\"authorEmail\":\"admin@joomla.org\",\"authorUrl\":\"www.joomla.org\",\"version\":\"3.7.0\",\"description\":\"PLG_FIELDS_LIST_XML_DESCRIPTION\",\"group\":\"\",\"filename\":\"list\"}', '', '', '', 0, '0000-00-00 00:00:00', 0, 0),
(469, 0, 'plg_fields_media', 'plugin', 'media', 'fields', 0, 1, 1, 0, '{\"name\":\"plg_fields_media\",\"type\":\"plugin\",\"creationDate\":\"March 2016\",\"author\":\"Joomla! Project\",\"copyright\":\"Copyright (C) 2005 - 2018 Open Source Matters. All rights reserved.\",\"authorEmail\":\"admin@joomla.org\",\"authorUrl\":\"www.joomla.org\",\"version\":\"3.7.0\",\"description\":\"PLG_FIELDS_MEDIA_XML_DESCRIPTION\",\"group\":\"\",\"filename\":\"media\"}', '', '', '', 0, '0000-00-00 00:00:00', 0, 0),
(470, 0, 'plg_fields_radio', 'plugin', 'radio', 'fields', 0, 1, 1, 0, '{\"name\":\"plg_fields_radio\",\"type\":\"plugin\",\"creationDate\":\"March 2016\",\"author\":\"Joomla! Project\",\"copyright\":\"Copyright (C) 2005 - 2018 Open Source Matters. All rights reserved.\",\"authorEmail\":\"admin@joomla.org\",\"authorUrl\":\"www.joomla.org\",\"version\":\"3.7.0\",\"description\":\"PLG_FIELDS_RADIO_XML_DESCRIPTION\",\"group\":\"\",\"filename\":\"radio\"}', '', '', '', 0, '0000-00-00 00:00:00', 0, 0),
(471, 0, 'plg_fields_sql', 'plugin', 'sql', 'fields', 0, 1, 1, 0, '{\"name\":\"plg_fields_sql\",\"type\":\"plugin\",\"creationDate\":\"March 2016\",\"author\":\"Joomla! Project\",\"copyright\":\"Copyright (C) 2005 - 2018 Open Source Matters. All rights reserved.\",\"authorEmail\":\"admin@joomla.org\",\"authorUrl\":\"www.joomla.org\",\"version\":\"3.7.0\",\"description\":\"PLG_FIELDS_SQL_XML_DESCRIPTION\",\"group\":\"\",\"filename\":\"sql\"}', '', '', '', 0, '0000-00-00 00:00:00', 0, 0),
(472, 0, 'plg_fields_text', 'plugin', 'text', 'fields', 0, 1, 1, 0, '{\"name\":\"plg_fields_text\",\"type\":\"plugin\",\"creationDate\":\"March 2016\",\"author\":\"Joomla! Project\",\"copyright\":\"Copyright (C) 2005 - 2018 Open Source Matters. All rights reserved.\",\"authorEmail\":\"admin@joomla.org\",\"authorUrl\":\"www.joomla.org\",\"version\":\"3.7.0\",\"description\":\"PLG_FIELDS_TEXT_XML_DESCRIPTION\",\"group\":\"\",\"filename\":\"text\"}', '', '', '', 0, '0000-00-00 00:00:00', 0, 0),
(473, 0, 'plg_fields_textarea', 'plugin', 'textarea', 'fields', 0, 1, 1, 0, '{\"name\":\"plg_fields_textarea\",\"type\":\"plugin\",\"creationDate\":\"March 2016\",\"author\":\"Joomla! Project\",\"copyright\":\"Copyright (C) 2005 - 2018 Open Source Matters. All rights reserved.\",\"authorEmail\":\"admin@joomla.org\",\"authorUrl\":\"www.joomla.org\",\"version\":\"3.7.0\",\"description\":\"PLG_FIELDS_TEXTAREA_XML_DESCRIPTION\",\"group\":\"\",\"filename\":\"textarea\"}', '', '', '', 0, '0000-00-00 00:00:00', 0, 0),
(474, 0, 'plg_fields_url', 'plugin', 'url', 'fields', 0, 1, 1, 0, '{\"name\":\"plg_fields_url\",\"type\":\"plugin\",\"creationDate\":\"March 2016\",\"author\":\"Joomla! Project\",\"copyright\":\"Copyright (C) 2005 - 2018 Open Source Matters. All rights reserved.\",\"authorEmail\":\"admin@joomla.org\",\"authorUrl\":\"www.joomla.org\",\"version\":\"3.7.0\",\"description\":\"PLG_FIELDS_URL_XML_DESCRIPTION\",\"group\":\"\",\"filename\":\"url\"}', '', '', '', 0, '0000-00-00 00:00:00', 0, 0),
(475, 0, 'plg_fields_user', 'plugin', 'user', 'fields', 0, 1, 1, 0, '{\"name\":\"plg_fields_user\",\"type\":\"plugin\",\"creationDate\":\"March 2016\",\"author\":\"Joomla! Project\",\"copyright\":\"Copyright (C) 2005 - 2018 Open Source Matters. All rights reserved.\",\"authorEmail\":\"admin@joomla.org\",\"authorUrl\":\"www.joomla.org\",\"version\":\"3.7.0\",\"description\":\"PLG_FIELDS_USER_XML_DESCRIPTION\",\"group\":\"\",\"filename\":\"user\"}', '', '', '', 0, '0000-00-00 00:00:00', 0, 0),
(476, 0, 'plg_fields_usergrouplist', 'plugin', 'usergrouplist', 'fields', 0, 1, 1, 0, '{\"name\":\"plg_fields_usergrouplist\",\"type\":\"plugin\",\"creationDate\":\"March 2016\",\"author\":\"Joomla! Project\",\"copyright\":\"Copyright (C) 2005 - 2018 Open Source Matters. All rights reserved.\",\"authorEmail\":\"admin@joomla.org\",\"authorUrl\":\"www.joomla.org\",\"version\":\"3.7.0\",\"description\":\"PLG_FIELDS_USERGROUPLIST_XML_DESCRIPTION\",\"group\":\"\",\"filename\":\"usergrouplist\"}', '', '', '', 0, '0000-00-00 00:00:00', 0, 0),
(477, 0, 'plg_content_fields', 'plugin', 'fields', 'content', 0, 1, 1, 0, '{\"name\":\"plg_content_fields\",\"type\":\"plugin\",\"creationDate\":\"February 2017\",\"author\":\"Joomla! Project\",\"copyright\":\"Copyright (C) 2005 - 2018 Open Source Matters. All rights reserved.\",\"authorEmail\":\"admin@joomla.org\",\"authorUrl\":\"www.joomla.org\",\"version\":\"3.7.0\",\"description\":\"PLG_CONTENT_FIELDS_XML_DESCRIPTION\",\"group\":\"\",\"filename\":\"fields\"}', '', '', '', 0, '0000-00-00 00:00:00', 0, 0),
(478, 0, 'plg_editors-xtd_fields', 'plugin', 'fields', 'editors-xtd', 0, 1, 1, 0, '{\"name\":\"plg_editors-xtd_fields\",\"type\":\"plugin\",\"creationDate\":\"February 2017\",\"author\":\"Joomla! Project\",\"copyright\":\"Copyright (C) 2005 - 2018 Open Source Matters. All rights reserved.\",\"authorEmail\":\"admin@joomla.org\",\"authorUrl\":\"www.joomla.org\",\"version\":\"3.7.0\",\"description\":\"PLG_EDITORS-XTD_FIELDS_XML_DESCRIPTION\",\"group\":\"\",\"filename\":\"fields\"}', '', '', '', 0, '0000-00-00 00:00:00', 0, 0),
(479, 0, 'plg_sampledata_blog', 'plugin', 'blog', 'sampledata', 0, 1, 1, 0, '{\"name\":\"plg_sampledata_blog\",\"type\":\"plugin\",\"creationDate\":\"July 2017\",\"author\":\"Joomla! Project\",\"copyright\":\"Copyright (C) 2005 - 2018 Open Source Matters. All rights reserved.\",\"authorEmail\":\"admin@joomla.org\",\"authorUrl\":\"www.joomla.org\",\"version\":\"3.8.0\",\"description\":\"PLG_SAMPLEDATA_BLOG_XML_DESCRIPTION\",\"group\":\"\",\"filename\":\"blog\"}', '', '', '', 0, '0000-00-00 00:00:00', 0, 0),
(480, 0, 'plg_system_sessiongc', 'plugin', 'sessiongc', 'system', 0, 1, 1, 0, '{\"name\":\"plg_system_sessiongc\",\"type\":\"plugin\",\"creationDate\":\"February 2018\",\"author\":\"Joomla! Project\",\"copyright\":\"Copyright (C) 2005 - 2018 Open Source Matters. All rights reserved.\",\"authorEmail\":\"admin@joomla.org\",\"authorUrl\":\"www.joomla.org\",\"version\":\"3.8.6\",\"description\":\"PLG_SYSTEM_SESSIONGC_XML_DESCRIPTION\",\"group\":\"\",\"filename\":\"sessiongc\"}', '', '', '', 0, '0000-00-00 00:00:00', 0, 0),
(481, 0, 'plg_fields_repeatable', 'plugin', 'repeatable', 'fields', 0, 1, 1, 0, '{\"name\":\"plg_fields_repeatable\",\"type\":\"plugin\",\"creationDate\":\"April 2018\",\"author\":\"Joomla! Project\",\"copyright\":\"Copyright (C) 2005 - 2018 Open Source Matters. All rights reserved.\",\"authorEmail\":\"admin@joomla.org\",\"authorUrl\":\"www.joomla.org\",\"version\":\"3.9.0\",\"description\":\"PLG_FIELDS_REPEATABLE_XML_DESCRIPTION\",\"group\":\"\",\"filename\":\"repeatable\"}', '', '', '', 0, '0000-00-00 00:00:00', 0, 0),
(482, 0, 'plg_content_confirmconsent', 'plugin', 'confirmconsent', 'content', 0, 0, 1, 0, '{\"name\":\"plg_content_confirmconsent\",\"type\":\"plugin\",\"creationDate\":\"May 2018\",\"author\":\"Joomla! Project\",\"copyright\":\"Copyright (C) 2005 - 2018 Open Source Matters. All rights reserved.\",\"authorEmail\":\"admin@joomla.org\",\"authorUrl\":\"www.joomla.org\",\"version\":\"3.9.0\",\"description\":\"PLG_CONTENT_CONFIRMCONSENT_XML_DESCRIPTION\",\"group\":\"\",\"filename\":\"confirmconsent\"}', '{}', '', '', 0, '0000-00-00 00:00:00', 0, 0),
(483, 0, 'PLG_SYSTEM_ACTIONLOGS', 'plugin', 'actionlogs', 'system', 0, 0, 1, 0, '{\"name\":\"PLG_SYSTEM_ACTIONLOGS\",\"type\":\"plugin\",\"creationDate\":\"May 2018\",\"author\":\"Joomla! Project\",\"copyright\":\"Copyright (C) 2005 - 2018 Open Source Matters. All rights reserved.\",\"authorEmail\":\"admin@joomla.org\",\"authorUrl\":\"www.joomla.org\",\"version\":\"3.9.0\",\"description\":\"PLG_SYSTEM_ACTIONLOGS_XML_DESCRIPTION\",\"group\":\"\",\"filename\":\"actionlogs\"}', '{}', '', '', 0, '0000-00-00 00:00:00', 0, 0),
(484, 0, 'PLG_ACTIONLOG_JOOMLA', 'plugin', 'joomla', 'actionlog', 0, 1, 1, 0, '{\"name\":\"PLG_ACTIONLOG_JOOMLA\",\"type\":\"plugin\",\"creationDate\":\"May 2018\",\"author\":\"Joomla! Project\",\"copyright\":\"Copyright (C) 2005 - 2018 Open Source Matters. All rights reserved.\",\"authorEmail\":\"admin@joomla.org\",\"authorUrl\":\"www.joomla.org\",\"version\":\"3.9.0\",\"description\":\"PLG_ACTIONLOG_JOOMLA_XML_DESCRIPTION\",\"group\":\"\",\"filename\":\"joomla\"}', '{}', '', '', 0, '0000-00-00 00:00:00', 0, 0),
(485, 0, 'plg_system_privacyconsent', 'plugin', 'privacyconsent', 'system', 0, 0, 1, 0, '{\"name\":\"plg_system_privacyconsent\",\"type\":\"plugin\",\"creationDate\":\"April 2018\",\"author\":\"Joomla! Project\",\"copyright\":\"(C) 2005 - 2018 Open Source Matters. All rights reserved.\",\"authorEmail\":\"admin@joomla.org\",\"authorUrl\":\"www.joomla.org\",\"version\":\"3.9.0\",\"description\":\"PLG_SYSTEM_PRIVACYCONSENT_XML_DESCRIPTION\",\"group\":\"\",\"filename\":\"privacyconsent\"}', '{}', '', '', 0, '0000-00-00 00:00:00', 0, 0);
INSERT INTO `footregion_extensions` (`extension_id`, `package_id`, `name`, `type`, `element`, `folder`, `client_id`, `enabled`, `access`, `protected`, `manifest_cache`, `params`, `custom_data`, `system_data`, `checked_out`, `checked_out_time`, `ordering`, `state`) VALUES
(486, 0, 'plg_system_logrotation', 'plugin', 'logrotation', 'system', 0, 1, 1, 0, '{\"name\":\"plg_system_logrotation\",\"type\":\"plugin\",\"creationDate\":\"May 2018\",\"author\":\"Joomla! Project\",\"copyright\":\"Copyright (C) 2005 - 2018 Open Source Matters. All rights reserved.\",\"authorEmail\":\"admin@joomla.org\",\"authorUrl\":\"www.joomla.org\",\"version\":\"3.9.0\",\"description\":\"PLG_SYSTEM_LOGROTATION_XML_DESCRIPTION\",\"group\":\"\",\"filename\":\"logrotation\"}', '{\"lastrun\":1555054897}', '', '', 0, '0000-00-00 00:00:00', 0, 0),
(487, 0, 'plg_privacy_user', 'plugin', 'user', 'privacy', 0, 1, 1, 0, '{\"name\":\"plg_privacy_user\",\"type\":\"plugin\",\"creationDate\":\"May 2018\",\"author\":\"Joomla! Project\",\"copyright\":\"(C) 2005 - 2018 Open Source Matters. All rights reserved.\",\"authorEmail\":\"admin@joomla.org\",\"authorUrl\":\"www.joomla.org\",\"version\":\"3.9.0\",\"description\":\"PLG_PRIVACY_USER_XML_DESCRIPTION\",\"group\":\"\",\"filename\":\"user\"}', '{}', '', '', 0, '0000-00-00 00:00:00', 0, 0),
(488, 0, 'plg_quickicon_privacycheck', 'plugin', 'privacycheck', 'quickicon', 0, 1, 1, 0, '{\"name\":\"plg_quickicon_privacycheck\",\"type\":\"plugin\",\"creationDate\":\"June 2018\",\"author\":\"Joomla! Project\",\"copyright\":\"Copyright (C) 2005 - 2018 Open Source Matters. All rights reserved.\",\"authorEmail\":\"admin@joomla.org\",\"authorUrl\":\"www.joomla.org\",\"version\":\"3.9.0\",\"description\":\"PLG_QUICKICON_PRIVACYCHECK_XML_DESCRIPTION\",\"group\":\"\",\"filename\":\"privacycheck\"}', '{}', '', '', 0, '0000-00-00 00:00:00', 0, 0),
(489, 0, 'plg_user_terms', 'plugin', 'terms', 'user', 0, 0, 1, 0, '{\"name\":\"plg_user_terms\",\"type\":\"plugin\",\"creationDate\":\"June 2018\",\"author\":\"Joomla! Project\",\"copyright\":\"(C) 2005 - 2018 Open Source Matters. All rights reserved.\",\"authorEmail\":\"admin@joomla.org\",\"authorUrl\":\"www.joomla.org\",\"version\":\"3.9.0\",\"description\":\"PLG_USER_TERMS_XML_DESCRIPTION\",\"group\":\"\",\"filename\":\"terms\"}', '{}', '', '', 0, '0000-00-00 00:00:00', 0, 0),
(490, 0, 'plg_privacy_contact', 'plugin', 'contact', 'privacy', 0, 1, 1, 0, '{\"name\":\"plg_privacy_contact\",\"type\":\"plugin\",\"creationDate\":\"July 2018\",\"author\":\"Joomla! Project\",\"copyright\":\"(C) 2005 - 2018 Open Source Matters. All rights reserved.\",\"authorEmail\":\"admin@joomla.org\",\"authorUrl\":\"www.joomla.org\",\"version\":\"3.9.0\",\"description\":\"PLG_PRIVACY_CONTACT_XML_DESCRIPTION\",\"group\":\"\",\"filename\":\"contact\"}', '{}', '', '', 0, '0000-00-00 00:00:00', 0, 0),
(491, 0, 'plg_privacy_content', 'plugin', 'content', 'privacy', 0, 1, 1, 0, '{\"name\":\"plg_privacy_content\",\"type\":\"plugin\",\"creationDate\":\"July 2018\",\"author\":\"Joomla! Project\",\"copyright\":\"(C) 2005 - 2018 Open Source Matters. All rights reserved.\",\"authorEmail\":\"admin@joomla.org\",\"authorUrl\":\"www.joomla.org\",\"version\":\"3.9.0\",\"description\":\"PLG_PRIVACY_CONTENT_XML_DESCRIPTION\",\"group\":\"\",\"filename\":\"content\"}', '{}', '', '', 0, '0000-00-00 00:00:00', 0, 0),
(492, 0, 'plg_privacy_message', 'plugin', 'message', 'privacy', 0, 1, 1, 0, '{\"name\":\"plg_privacy_message\",\"type\":\"plugin\",\"creationDate\":\"July 2018\",\"author\":\"Joomla! Project\",\"copyright\":\"(C) 2005 - 2018 Open Source Matters. All rights reserved.\",\"authorEmail\":\"admin@joomla.org\",\"authorUrl\":\"www.joomla.org\",\"version\":\"3.9.0\",\"description\":\"PLG_PRIVACY_MESSAGE_XML_DESCRIPTION\",\"group\":\"\",\"filename\":\"message\"}', '{}', '', '', 0, '0000-00-00 00:00:00', 0, 0),
(493, 0, 'plg_privacy_actionlogs', 'plugin', 'actionlogs', 'privacy', 0, 1, 1, 0, '{\"name\":\"plg_privacy_actionlogs\",\"type\":\"plugin\",\"creationDate\":\"July 2018\",\"author\":\"Joomla! Project\",\"copyright\":\"(C) 2005 - 2018 Open Source Matters. All rights reserved.\",\"authorEmail\":\"admin@joomla.org\",\"authorUrl\":\"www.joomla.org\",\"version\":\"3.9.0\",\"description\":\"PLG_PRIVACY_ACTIONLOGS_XML_DESCRIPTION\",\"group\":\"\",\"filename\":\"actionlogs\"}', '{}', '', '', 0, '0000-00-00 00:00:00', 0, 0),
(494, 0, 'plg_captcha_recaptcha_invisible', 'plugin', 'recaptcha_invisible', 'captcha', 0, 0, 1, 0, '{\"name\":\"plg_captcha_recaptcha_invisible\",\"type\":\"plugin\",\"creationDate\":\"November 2017\",\"author\":\"Joomla! Project\",\"copyright\":\"Copyright (C) 2005 - 2018 Open Source Matters. All rights reserved.\",\"authorEmail\":\"admin@joomla.org\",\"authorUrl\":\"www.joomla.org\",\"version\":\"3.8\",\"description\":\"PLG_CAPTCHA_RECAPTCHA_INVISIBLE_XML_DESCRIPTION\",\"group\":\"\",\"filename\":\"recaptcha_invisible\"}', '{\"public_key\":\"\",\"private_key\":\"\",\"theme\":\"clean\"}', '', '', 0, '0000-00-00 00:00:00', 0, 0),
(495, 0, 'plg_privacy_consents', 'plugin', 'consents', 'privacy', 0, 1, 1, 0, '{\"name\":\"plg_privacy_consents\",\"type\":\"plugin\",\"creationDate\":\"July 2018\",\"author\":\"Joomla! Project\",\"copyright\":\"(C) 2005 - 2018 Open Source Matters. All rights reserved.\",\"authorEmail\":\"admin@joomla.org\",\"authorUrl\":\"www.joomla.org\",\"version\":\"3.9.0\",\"description\":\"PLG_PRIVACY_CONSENTS_XML_DESCRIPTION\",\"group\":\"\",\"filename\":\"consents\"}', '{}', '', '', 0, '0000-00-00 00:00:00', 0, 0),
(503, 0, 'beez3', 'template', 'beez3', '', 0, 1, 1, 0, '{\"name\":\"beez3\",\"type\":\"template\",\"creationDate\":\"25 November 2009\",\"author\":\"Angie Radtke\",\"copyright\":\"Copyright (C) 2005 - 2018 Open Source Matters, Inc. All rights reserved.\",\"authorEmail\":\"a.radtke@derauftritt.de\",\"authorUrl\":\"http:\\/\\/www.der-auftritt.de\",\"version\":\"3.1.0\",\"description\":\"TPL_BEEZ3_XML_DESCRIPTION\",\"group\":\"\",\"filename\":\"templateDetails\"}', '{\"wrapperSmall\":\"53\",\"wrapperLarge\":\"72\",\"sitetitle\":\"\",\"sitedescription\":\"\",\"navposition\":\"center\",\"templatecolor\":\"nature\"}', '', '', 0, '0000-00-00 00:00:00', 0, 0),
(504, 0, 'hathor', 'template', 'hathor', '', 1, 1, 1, 0, '{\"name\":\"hathor\",\"type\":\"template\",\"creationDate\":\"May 2010\",\"author\":\"Andrea Tarr\",\"copyright\":\"Copyright (C) 2005 - 2018 Open Source Matters, Inc. All rights reserved.\",\"authorEmail\":\"admin@joomla.org\",\"authorUrl\":\"\",\"version\":\"3.0.0\",\"description\":\"TPL_HATHOR_XML_DESCRIPTION\",\"group\":\"\",\"filename\":\"templateDetails\"}', '{\"showSiteName\":\"0\",\"colourChoice\":\"0\",\"boldText\":\"0\"}', '', '', 0, '0000-00-00 00:00:00', 0, 0),
(506, 0, 'protostar', 'template', 'protostar', '', 0, 1, 1, 0, '{\"name\":\"protostar\",\"type\":\"template\",\"creationDate\":\"4\\/30\\/2012\",\"author\":\"Kyle Ledbetter\",\"copyright\":\"Copyright (C) 2005 - 2018 Open Source Matters, Inc. All rights reserved.\",\"authorEmail\":\"admin@joomla.org\",\"authorUrl\":\"\",\"version\":\"1.0\",\"description\":\"TPL_PROTOSTAR_XML_DESCRIPTION\",\"group\":\"\",\"filename\":\"templateDetails\"}', '{\"templateColor\":\"\",\"logoFile\":\"\",\"googleFont\":\"1\",\"googleFontName\":\"Open+Sans\",\"fluidContainer\":\"0\"}', '', '', 0, '0000-00-00 00:00:00', 0, 0),
(507, 0, 'isis', 'template', 'isis', '', 1, 1, 1, 0, '{\"name\":\"isis\",\"type\":\"template\",\"creationDate\":\"3\\/30\\/2012\",\"author\":\"Kyle Ledbetter\",\"copyright\":\"Copyright (C) 2005 - 2018 Open Source Matters, Inc. All rights reserved.\",\"authorEmail\":\"admin@joomla.org\",\"authorUrl\":\"\",\"version\":\"1.0\",\"description\":\"TPL_ISIS_XML_DESCRIPTION\",\"group\":\"\",\"filename\":\"templateDetails\"}', '{\"templateColor\":\"\",\"logoFile\":\"\"}', '', '', 0, '0000-00-00 00:00:00', 0, 0),
(600, 802, 'English (en-GB)', 'language', 'en-GB', '', 0, 1, 1, 1, '{\"name\":\"English (en-GB)\",\"type\":\"language\",\"creationDate\":\"October 2018\",\"author\":\"Joomla! Project\",\"copyright\":\"Copyright (C) 2005 - 2018 Open Source Matters. All rights reserved.\",\"authorEmail\":\"admin@joomla.org\",\"authorUrl\":\"www.joomla.org\",\"version\":\"3.9.0\",\"description\":\"en-GB site language\",\"group\":\"\"}', '', '', '', 0, '0000-00-00 00:00:00', 0, 0),
(601, 802, 'English (en-GB)', 'language', 'en-GB', '', 1, 1, 1, 1, '{\"name\":\"English (en-GB)\",\"type\":\"language\",\"creationDate\":\"October 2018\",\"author\":\"Joomla! Project\",\"copyright\":\"Copyright (C) 2005 - 2018 Open Source Matters. All rights reserved.\",\"authorEmail\":\"admin@joomla.org\",\"authorUrl\":\"www.joomla.org\",\"version\":\"3.9.0\",\"description\":\"en-GB administrator language\",\"group\":\"\"}', '', '', '', 0, '0000-00-00 00:00:00', 0, 0),
(602, 803, 'FrenchFR', 'language', 'fr-FR', '', 0, 1, 0, 0, '{\"name\":\"French (FR)\",\"type\":\"language\",\"creationDate\":\"07\\/11\\/2018\",\"author\":\"French translation team : joomla.fr\",\"copyright\":\"Copyright (C) 2005 - 2018 Joomla.fr and Open Source Matters, Inc. All rights reserved.\",\"authorEmail\":\"traduction@joomla.fr\",\"authorUrl\":\"http:\\/\\/joomla.fr\",\"version\":\"3.9.0.3\",\"description\":\"fr-FR - Site language\",\"group\":\"\",\"filename\":\"install\"}', '', '', '', 0, '0000-00-00 00:00:00', 0, 0),
(603, 803, 'FrenchFR', 'language', 'fr-FR', '', 1, 1, 0, 0, '{\"name\":\"French (FR)\",\"type\":\"language\",\"creationDate\":\"07\\/11\\/2018\",\"author\":\"French translation team : joomla.fr\",\"copyright\":\"Copyright (C) 2005 - 2018 Joomla.fr and Open Source Matters, Inc. All rights reserved.\",\"authorEmail\":\"traduction@joomla.fr\",\"authorUrl\":\"http:\\/\\/joomla.fr\",\"version\":\"3.9.0.3\",\"description\":\"fr-FR - Administration language\",\"group\":\"\",\"filename\":\"install\"}', '', '', '', 0, '0000-00-00 00:00:00', 0, 0),
(700, 0, 'files_joomla', 'file', 'joomla', '', 0, 1, 1, 1, '{\"name\":\"files_joomla\",\"type\":\"file\",\"creationDate\":\"October 2018\",\"author\":\"Joomla! Project\",\"copyright\":\"(C) 2005 - 2018 Open Source Matters. All rights reserved\",\"authorEmail\":\"admin@joomla.org\",\"authorUrl\":\"www.joomla.org\",\"version\":\"3.9.0\",\"description\":\"FILES_JOOMLA_XML_DESCRIPTION\",\"group\":\"\"}', '', '', '', 0, '0000-00-00 00:00:00', 0, 0),
(802, 0, 'English (en-GB) Language Pack', 'package', 'pkg_en-GB', '', 0, 1, 1, 1, '{\"name\":\"English (en-GB) Language Pack\",\"type\":\"package\",\"creationDate\":\"October 2018\",\"author\":\"Joomla! Project\",\"copyright\":\"Copyright (C) 2005 - 2018 Open Source Matters, Inc. All rights reserved.\",\"authorEmail\":\"admin@joomla.org\",\"authorUrl\":\"www.joomla.org\",\"version\":\"3.9.0.1\",\"description\":\"en-GB language pack\",\"group\":\"\",\"filename\":\"pkg_en-GB\"}', '', '', '', 0, '0000-00-00 00:00:00', 0, 0),
(803, 0, 'French Language pack', 'package', 'pkg_fr-FR', '', 0, 1, 1, 0, '{\"name\":\"French Language pack\",\"type\":\"package\",\"creationDate\":\"07\\/11\\/2018\",\"author\":\"French translation team : joomla.fr\",\"copyright\":\"Copyright (C) 2005 - 2018 Joomla.fr and Open Source Matters, Inc. All rights reserved.\",\"authorEmail\":\"traduction@joomla.fr\",\"authorUrl\":\"http:\\/\\/joomla.fr\",\"version\":\"3.9.0.3\",\"description\":\"<div style=\\\"text-align:left;\\\">\\n\\n<h3>Joomla! 3.9.0 Full French (fr-FR) Language Package - Version 3.9.0.3<\\/h3>\\n\\n<h3>Paquet de langue Joomla! 3.9.0 fran\\u00e7ais (fr-FR) complet - Version 3.9.0.3<\\/h3>\\n\\n<\\/div>\",\"group\":\"\",\"filename\":\"pkg_fr-FR\"}', '', '', '', 0, '0000-00-00 00:00:00', 0, 0),
(817, 0, 'com_annuaire', 'component', 'com_annuaire', '', 1, 1, 0, 0, '{\"name\":\"com_annuaire\",\"type\":\"component\",\"creationDate\":\"Octobre 2018\",\"author\":\"Emmanuel DEROME\",\"copyright\":\"All rights reserved\",\"authorEmail\":\"emmanuel.derome@gmail.com\",\"authorUrl\":\"\",\"version\":\"2.5\",\"description\":\"com_annuaire_descr\",\"group\":\"\",\"filename\":\"annuaire\"}', '{\"show_title\":\"1\",\"link_titles\":\"1\"}', '', '', 0, '0000-00-00 00:00:00', 0, 0),
(818, 0, 'com_footregion', 'component', 'com_footregion', '', 1, 1, 0, 0, '{\"name\":\"com_footregion\",\"type\":\"component\",\"creationDate\":\"Novembre 2018\",\"author\":\"Emmanuel DEROME\",\"copyright\":\"All rights reserved\",\"authorEmail\":\"emmanuel.derome@gmail.com\",\"authorUrl\":\"\",\"version\":\"0.4\",\"description\":\"com_footregion_descr\",\"group\":\"\",\"filename\":\"footregion\"}', '{}', '', '', 0, '0000-00-00 00:00:00', 0, 0);

-- --------------------------------------------------------

--
-- Structure de la table `footregion_fields`
--

CREATE TABLE `footregion_fields` (
  `id` int(10) UNSIGNED NOT NULL,
  `asset_id` int(10) UNSIGNED NOT NULL DEFAULT '0',
  `context` varchar(255) COLLATE utf8mb4_unicode_ci NOT NULL DEFAULT '',
  `group_id` int(10) UNSIGNED NOT NULL DEFAULT '0',
  `title` varchar(255) COLLATE utf8mb4_unicode_ci NOT NULL DEFAULT '',
  `name` varchar(255) COLLATE utf8mb4_unicode_ci NOT NULL DEFAULT '',
  `label` varchar(255) COLLATE utf8mb4_unicode_ci NOT NULL DEFAULT '',
  `default_value` text COLLATE utf8mb4_unicode_ci NOT NULL,
  `type` varchar(255) COLLATE utf8mb4_unicode_ci NOT NULL DEFAULT 'text',
  `note` varchar(255) COLLATE utf8mb4_unicode_ci NOT NULL DEFAULT '',
  `description` text COLLATE utf8mb4_unicode_ci NOT NULL,
  `state` tinyint(1) NOT NULL DEFAULT '0',
  `required` tinyint(1) NOT NULL DEFAULT '0',
  `checked_out` int(11) NOT NULL DEFAULT '0',
  `checked_out_time` datetime NOT NULL DEFAULT '0000-00-00 00:00:00',
  `ordering` int(11) NOT NULL DEFAULT '0',
  `params` text COLLATE utf8mb4_unicode_ci NOT NULL,
  `fieldparams` text COLLATE utf8mb4_unicode_ci NOT NULL,
  `language` char(7) COLLATE utf8mb4_unicode_ci NOT NULL DEFAULT '',
  `created_time` datetime NOT NULL DEFAULT '0000-00-00 00:00:00',
  `created_user_id` int(10) UNSIGNED NOT NULL DEFAULT '0',
  `modified_time` datetime NOT NULL DEFAULT '0000-00-00 00:00:00',
  `modified_by` int(10) UNSIGNED NOT NULL DEFAULT '0',
  `access` int(11) NOT NULL DEFAULT '1'
) ENGINE=InnoDB DEFAULT CHARSET=utf8mb4 COLLATE=utf8mb4_unicode_ci;

-- --------------------------------------------------------

--
-- Structure de la table `footregion_fields_categories`
--

CREATE TABLE `footregion_fields_categories` (
  `field_id` int(11) NOT NULL DEFAULT '0',
  `category_id` int(11) NOT NULL DEFAULT '0'
) ENGINE=InnoDB DEFAULT CHARSET=utf8mb4 COLLATE=utf8mb4_unicode_ci;

-- --------------------------------------------------------

--
-- Structure de la table `footregion_fields_groups`
--

CREATE TABLE `footregion_fields_groups` (
  `id` int(10) UNSIGNED NOT NULL,
  `asset_id` int(10) UNSIGNED NOT NULL DEFAULT '0',
  `context` varchar(255) COLLATE utf8mb4_unicode_ci NOT NULL DEFAULT '',
  `title` varchar(255) COLLATE utf8mb4_unicode_ci NOT NULL DEFAULT '',
  `note` varchar(255) COLLATE utf8mb4_unicode_ci NOT NULL DEFAULT '',
  `description` text COLLATE utf8mb4_unicode_ci NOT NULL,
  `state` tinyint(1) NOT NULL DEFAULT '0',
  `checked_out` int(11) NOT NULL DEFAULT '0',
  `checked_out_time` datetime NOT NULL DEFAULT '0000-00-00 00:00:00',
  `ordering` int(11) NOT NULL DEFAULT '0',
  `params` text COLLATE utf8mb4_unicode_ci NOT NULL,
  `language` char(7) COLLATE utf8mb4_unicode_ci NOT NULL DEFAULT '',
  `created` datetime NOT NULL DEFAULT '0000-00-00 00:00:00',
  `created_by` int(10) UNSIGNED NOT NULL DEFAULT '0',
  `modified` datetime NOT NULL DEFAULT '0000-00-00 00:00:00',
  `modified_by` int(10) UNSIGNED NOT NULL DEFAULT '0',
  `access` int(11) NOT NULL DEFAULT '1'
) ENGINE=InnoDB DEFAULT CHARSET=utf8mb4 COLLATE=utf8mb4_unicode_ci;

-- --------------------------------------------------------

--
-- Structure de la table `footregion_fields_values`
--

CREATE TABLE `footregion_fields_values` (
  `field_id` int(10) UNSIGNED NOT NULL,
  `item_id` varchar(255) COLLATE utf8mb4_unicode_ci NOT NULL COMMENT 'Allow references to items which have strings as ids, eg. none db systems.',
  `value` text COLLATE utf8mb4_unicode_ci NOT NULL
) ENGINE=InnoDB DEFAULT CHARSET=utf8mb4 COLLATE=utf8mb4_unicode_ci;

-- --------------------------------------------------------

--
-- Structure de la table `footregion_finder_filters`
--

CREATE TABLE `footregion_finder_filters` (
  `filter_id` int(10) UNSIGNED NOT NULL,
  `title` varchar(255) NOT NULL,
  `alias` varchar(255) NOT NULL,
  `state` tinyint(1) NOT NULL DEFAULT '1',
  `created` datetime NOT NULL DEFAULT '0000-00-00 00:00:00',
  `created_by` int(10) UNSIGNED NOT NULL,
  `created_by_alias` varchar(255) NOT NULL,
  `modified` datetime NOT NULL DEFAULT '0000-00-00 00:00:00',
  `modified_by` int(10) UNSIGNED NOT NULL DEFAULT '0',
  `checked_out` int(10) UNSIGNED NOT NULL DEFAULT '0',
  `checked_out_time` datetime NOT NULL DEFAULT '0000-00-00 00:00:00',
  `map_count` int(10) UNSIGNED NOT NULL DEFAULT '0',
  `data` text NOT NULL,
  `params` mediumtext
) ENGINE=InnoDB DEFAULT CHARSET=utf8mb4;

-- --------------------------------------------------------

--
-- Structure de la table `footregion_finder_links`
--

CREATE TABLE `footregion_finder_links` (
  `link_id` int(10) UNSIGNED NOT NULL,
  `url` varchar(255) NOT NULL,
  `route` varchar(255) NOT NULL,
  `title` varchar(400) DEFAULT NULL,
  `description` text,
  `indexdate` datetime NOT NULL DEFAULT '0000-00-00 00:00:00',
  `md5sum` varchar(32) DEFAULT NULL,
  `published` tinyint(1) NOT NULL DEFAULT '1',
  `state` int(5) DEFAULT '1',
  `access` int(5) DEFAULT '0',
  `language` varchar(8) NOT NULL,
  `publish_start_date` datetime NOT NULL DEFAULT '0000-00-00 00:00:00',
  `publish_end_date` datetime NOT NULL DEFAULT '0000-00-00 00:00:00',
  `start_date` datetime NOT NULL DEFAULT '0000-00-00 00:00:00',
  `end_date` datetime NOT NULL DEFAULT '0000-00-00 00:00:00',
  `list_price` double UNSIGNED NOT NULL DEFAULT '0',
  `sale_price` double UNSIGNED NOT NULL DEFAULT '0',
  `type_id` int(11) NOT NULL,
  `object` mediumblob NOT NULL
) ENGINE=InnoDB DEFAULT CHARSET=utf8mb4;

-- --------------------------------------------------------

--
-- Structure de la table `footregion_finder_links_terms0`
--

CREATE TABLE `footregion_finder_links_terms0` (
  `link_id` int(10) UNSIGNED NOT NULL,
  `term_id` int(10) UNSIGNED NOT NULL,
  `weight` float UNSIGNED NOT NULL
) ENGINE=InnoDB DEFAULT CHARSET=utf8mb4;

-- --------------------------------------------------------

--
-- Structure de la table `footregion_finder_links_terms1`
--

CREATE TABLE `footregion_finder_links_terms1` (
  `link_id` int(10) UNSIGNED NOT NULL,
  `term_id` int(10) UNSIGNED NOT NULL,
  `weight` float UNSIGNED NOT NULL
) ENGINE=InnoDB DEFAULT CHARSET=utf8mb4;

-- --------------------------------------------------------

--
-- Structure de la table `footregion_finder_links_terms2`
--

CREATE TABLE `footregion_finder_links_terms2` (
  `link_id` int(10) UNSIGNED NOT NULL,
  `term_id` int(10) UNSIGNED NOT NULL,
  `weight` float UNSIGNED NOT NULL
) ENGINE=InnoDB DEFAULT CHARSET=utf8mb4;

-- --------------------------------------------------------

--
-- Structure de la table `footregion_finder_links_terms3`
--

CREATE TABLE `footregion_finder_links_terms3` (
  `link_id` int(10) UNSIGNED NOT NULL,
  `term_id` int(10) UNSIGNED NOT NULL,
  `weight` float UNSIGNED NOT NULL
) ENGINE=InnoDB DEFAULT CHARSET=utf8mb4;

-- --------------------------------------------------------

--
-- Structure de la table `footregion_finder_links_terms4`
--

CREATE TABLE `footregion_finder_links_terms4` (
  `link_id` int(10) UNSIGNED NOT NULL,
  `term_id` int(10) UNSIGNED NOT NULL,
  `weight` float UNSIGNED NOT NULL
) ENGINE=InnoDB DEFAULT CHARSET=utf8mb4;

-- --------------------------------------------------------

--
-- Structure de la table `footregion_finder_links_terms5`
--

CREATE TABLE `footregion_finder_links_terms5` (
  `link_id` int(10) UNSIGNED NOT NULL,
  `term_id` int(10) UNSIGNED NOT NULL,
  `weight` float UNSIGNED NOT NULL
) ENGINE=InnoDB DEFAULT CHARSET=utf8mb4;

-- --------------------------------------------------------

--
-- Structure de la table `footregion_finder_links_terms6`
--

CREATE TABLE `footregion_finder_links_terms6` (
  `link_id` int(10) UNSIGNED NOT NULL,
  `term_id` int(10) UNSIGNED NOT NULL,
  `weight` float UNSIGNED NOT NULL
) ENGINE=InnoDB DEFAULT CHARSET=utf8mb4;

-- --------------------------------------------------------

--
-- Structure de la table `footregion_finder_links_terms7`
--

CREATE TABLE `footregion_finder_links_terms7` (
  `link_id` int(10) UNSIGNED NOT NULL,
  `term_id` int(10) UNSIGNED NOT NULL,
  `weight` float UNSIGNED NOT NULL
) ENGINE=InnoDB DEFAULT CHARSET=utf8mb4;

-- --------------------------------------------------------

--
-- Structure de la table `footregion_finder_links_terms8`
--

CREATE TABLE `footregion_finder_links_terms8` (
  `link_id` int(10) UNSIGNED NOT NULL,
  `term_id` int(10) UNSIGNED NOT NULL,
  `weight` float UNSIGNED NOT NULL
) ENGINE=InnoDB DEFAULT CHARSET=utf8mb4;

-- --------------------------------------------------------

--
-- Structure de la table `footregion_finder_links_terms9`
--

CREATE TABLE `footregion_finder_links_terms9` (
  `link_id` int(10) UNSIGNED NOT NULL,
  `term_id` int(10) UNSIGNED NOT NULL,
  `weight` float UNSIGNED NOT NULL
) ENGINE=InnoDB DEFAULT CHARSET=utf8mb4;

-- --------------------------------------------------------

--
-- Structure de la table `footregion_finder_links_termsa`
--

CREATE TABLE `footregion_finder_links_termsa` (
  `link_id` int(10) UNSIGNED NOT NULL,
  `term_id` int(10) UNSIGNED NOT NULL,
  `weight` float UNSIGNED NOT NULL
) ENGINE=InnoDB DEFAULT CHARSET=utf8mb4;

-- --------------------------------------------------------

--
-- Structure de la table `footregion_finder_links_termsb`
--

CREATE TABLE `footregion_finder_links_termsb` (
  `link_id` int(10) UNSIGNED NOT NULL,
  `term_id` int(10) UNSIGNED NOT NULL,
  `weight` float UNSIGNED NOT NULL
) ENGINE=InnoDB DEFAULT CHARSET=utf8mb4;

-- --------------------------------------------------------

--
-- Structure de la table `footregion_finder_links_termsc`
--

CREATE TABLE `footregion_finder_links_termsc` (
  `link_id` int(10) UNSIGNED NOT NULL,
  `term_id` int(10) UNSIGNED NOT NULL,
  `weight` float UNSIGNED NOT NULL
) ENGINE=InnoDB DEFAULT CHARSET=utf8mb4;

-- --------------------------------------------------------

--
-- Structure de la table `footregion_finder_links_termsd`
--

CREATE TABLE `footregion_finder_links_termsd` (
  `link_id` int(10) UNSIGNED NOT NULL,
  `term_id` int(10) UNSIGNED NOT NULL,
  `weight` float UNSIGNED NOT NULL
) ENGINE=InnoDB DEFAULT CHARSET=utf8mb4;

-- --------------------------------------------------------

--
-- Structure de la table `footregion_finder_links_termse`
--

CREATE TABLE `footregion_finder_links_termse` (
  `link_id` int(10) UNSIGNED NOT NULL,
  `term_id` int(10) UNSIGNED NOT NULL,
  `weight` float UNSIGNED NOT NULL
) ENGINE=InnoDB DEFAULT CHARSET=utf8mb4;

-- --------------------------------------------------------

--
-- Structure de la table `footregion_finder_links_termsf`
--

CREATE TABLE `footregion_finder_links_termsf` (
  `link_id` int(10) UNSIGNED NOT NULL,
  `term_id` int(10) UNSIGNED NOT NULL,
  `weight` float UNSIGNED NOT NULL
) ENGINE=InnoDB DEFAULT CHARSET=utf8mb4;

-- --------------------------------------------------------

--
-- Structure de la table `footregion_finder_taxonomy`
--

CREATE TABLE `footregion_finder_taxonomy` (
  `id` int(10) UNSIGNED NOT NULL,
  `parent_id` int(10) UNSIGNED NOT NULL DEFAULT '0',
  `title` varchar(255) NOT NULL,
  `state` tinyint(1) UNSIGNED NOT NULL DEFAULT '1',
  `access` tinyint(1) UNSIGNED NOT NULL DEFAULT '0',
  `ordering` tinyint(1) UNSIGNED NOT NULL DEFAULT '0'
) ENGINE=InnoDB DEFAULT CHARSET=utf8mb4;

--
-- Déchargement des données de la table `footregion_finder_taxonomy`
--

INSERT INTO `footregion_finder_taxonomy` (`id`, `parent_id`, `title`, `state`, `access`, `ordering`) VALUES
(1, 0, 'ROOT', 0, 0, 0);

-- --------------------------------------------------------

--
-- Structure de la table `footregion_finder_taxonomy_map`
--

CREATE TABLE `footregion_finder_taxonomy_map` (
  `link_id` int(10) UNSIGNED NOT NULL,
  `node_id` int(10) UNSIGNED NOT NULL
) ENGINE=InnoDB DEFAULT CHARSET=utf8mb4;

-- --------------------------------------------------------

--
-- Structure de la table `footregion_finder_terms`
--

CREATE TABLE `footregion_finder_terms` (
  `term_id` int(10) UNSIGNED NOT NULL,
  `term` varchar(75) NOT NULL,
  `stem` varchar(75) NOT NULL,
  `common` tinyint(1) UNSIGNED NOT NULL DEFAULT '0',
  `phrase` tinyint(1) UNSIGNED NOT NULL DEFAULT '0',
  `weight` float UNSIGNED NOT NULL DEFAULT '0',
  `soundex` varchar(75) NOT NULL,
  `links` int(10) NOT NULL DEFAULT '0',
  `language` char(3) NOT NULL DEFAULT ''
) ENGINE=InnoDB DEFAULT CHARSET=utf8mb4;

-- --------------------------------------------------------

--
-- Structure de la table `footregion_finder_terms_common`
--

CREATE TABLE `footregion_finder_terms_common` (
  `term` varchar(75) NOT NULL,
  `language` varchar(3) NOT NULL
) ENGINE=InnoDB DEFAULT CHARSET=utf8mb4;

--
-- Déchargement des données de la table `footregion_finder_terms_common`
--

INSERT INTO `footregion_finder_terms_common` (`term`, `language`) VALUES
('a', 'en'),
('about', 'en'),
('after', 'en'),
('ago', 'en'),
('all', 'en'),
('am', 'en'),
('an', 'en'),
('and', 'en'),
('any', 'en'),
('are', 'en'),
('aren\'t', 'en'),
('as', 'en'),
('at', 'en'),
('be', 'en'),
('but', 'en'),
('by', 'en'),
('for', 'en'),
('from', 'en'),
('get', 'en'),
('go', 'en'),
('how', 'en'),
('if', 'en'),
('in', 'en'),
('into', 'en'),
('is', 'en'),
('isn\'t', 'en'),
('it', 'en'),
('its', 'en'),
('me', 'en'),
('more', 'en'),
('most', 'en'),
('must', 'en'),
('my', 'en'),
('new', 'en'),
('no', 'en'),
('none', 'en'),
('not', 'en'),
('nothing', 'en'),
('of', 'en'),
('off', 'en'),
('often', 'en'),
('old', 'en'),
('on', 'en'),
('onc', 'en'),
('once', 'en'),
('only', 'en'),
('or', 'en'),
('other', 'en'),
('our', 'en'),
('ours', 'en'),
('out', 'en'),
('over', 'en'),
('page', 'en'),
('she', 'en'),
('should', 'en'),
('small', 'en'),
('so', 'en'),
('some', 'en'),
('than', 'en'),
('thank', 'en'),
('that', 'en'),
('the', 'en'),
('their', 'en'),
('theirs', 'en'),
('them', 'en'),
('then', 'en'),
('there', 'en'),
('these', 'en'),
('they', 'en'),
('this', 'en'),
('those', 'en'),
('thus', 'en'),
('time', 'en'),
('times', 'en'),
('to', 'en'),
('too', 'en'),
('true', 'en'),
('under', 'en'),
('until', 'en'),
('up', 'en'),
('upon', 'en'),
('use', 'en'),
('user', 'en'),
('users', 'en'),
('version', 'en'),
('very', 'en'),
('via', 'en'),
('want', 'en'),
('was', 'en'),
('way', 'en'),
('were', 'en'),
('what', 'en'),
('when', 'en'),
('where', 'en'),
('which', 'en'),
('who', 'en'),
('whom', 'en'),
('whose', 'en'),
('why', 'en'),
('wide', 'en'),
('will', 'en'),
('with', 'en'),
('within', 'en'),
('without', 'en'),
('would', 'en'),
('yes', 'en'),
('yet', 'en'),
('you', 'en'),
('your', 'en'),
('yours', 'en');

-- --------------------------------------------------------

--
-- Structure de la table `footregion_finder_tokens`
--

CREATE TABLE `footregion_finder_tokens` (
  `term` varchar(75) NOT NULL,
  `stem` varchar(75) NOT NULL,
  `common` tinyint(1) UNSIGNED NOT NULL DEFAULT '0',
  `phrase` tinyint(1) UNSIGNED NOT NULL DEFAULT '0',
  `weight` float UNSIGNED NOT NULL DEFAULT '1',
  `context` tinyint(1) UNSIGNED NOT NULL DEFAULT '2',
  `language` char(3) NOT NULL DEFAULT ''
) ENGINE=MEMORY DEFAULT CHARSET=utf8mb4;

-- --------------------------------------------------------

--
-- Structure de la table `footregion_finder_tokens_aggregate`
--

CREATE TABLE `footregion_finder_tokens_aggregate` (
  `term_id` int(10) UNSIGNED NOT NULL,
  `map_suffix` char(1) NOT NULL,
  `term` varchar(75) NOT NULL,
  `stem` varchar(75) NOT NULL,
  `common` tinyint(1) UNSIGNED NOT NULL DEFAULT '0',
  `phrase` tinyint(1) UNSIGNED NOT NULL DEFAULT '0',
  `term_weight` float UNSIGNED NOT NULL,
  `context` tinyint(1) UNSIGNED NOT NULL DEFAULT '2',
  `context_weight` float UNSIGNED NOT NULL,
  `total_weight` float UNSIGNED NOT NULL,
  `language` char(3) NOT NULL DEFAULT ''
) ENGINE=MEMORY DEFAULT CHARSET=utf8mb4;

-- --------------------------------------------------------

--
-- Structure de la table `footregion_finder_types`
--

CREATE TABLE `footregion_finder_types` (
  `id` int(10) UNSIGNED NOT NULL,
  `title` varchar(100) NOT NULL,
  `mime` varchar(100) NOT NULL
) ENGINE=InnoDB DEFAULT CHARSET=utf8mb4;

-- --------------------------------------------------------

--
-- Structure de la table `footregion_footregion_arbitres`
--

CREATE TABLE `footregion_footregion_arbitres` (
  `id` int(11) NOT NULL,
  `email` varchar(100) NOT NULL,
  `alias` varchar(255) CHARACTER SET utf8 COLLATE utf8_bin NOT NULL DEFAULT '',
  `published` tinyint(1) NOT NULL DEFAULT '1',
  `created` datetime NOT NULL DEFAULT '0000-00-00 00:00:00',
  `created_by` int(11) NOT NULL DEFAULT '0',
  `modified` datetime NOT NULL DEFAULT '0000-00-00 00:00:00',
  `modified_by` int(11) NOT NULL DEFAULT '0',
  `hits` int(11) UNSIGNED NOT NULL DEFAULT '0'
) ENGINE=InnoDB DEFAULT CHARSET=utf8;

--
-- Déchargement des données de la table `footregion_footregion_arbitres`
--

INSERT INTO `footregion_footregion_arbitres` (`id`, `email`, `alias`, `published`, `created`, `created_by`, `modified`, `modified_by`, `hits`) VALUES
(1, '-', '', 1, '2018-10-24 00:00:00', 45, '0000-00-00 00:00:00', 0, 0),
(2, 'phochon@footregion.fr', '', 1, '2018-10-24 00:00:00', 45, '0000-00-00 00:00:00', 0, 0),
(3, 'ipage@footregion.fr', '', 1, '0000-00-00 00:00:00', 0, '0000-00-00 00:00:00', 0, 0),
(4, 'aball@footregion.fr', '', 1, '0000-00-00 00:00:00', 0, '0000-00-00 00:00:00', 0, 0),
(5, 'mlance@footregion.fr', '', 1, '0000-00-00 00:00:00', 0, '0000-00-00 00:00:00', 0, 0),
(6, 'arange@footregion.fr', '', 1, '0000-00-00 00:00:00', 0, '0000-00-00 00:00:00', 0, 0);

-- --------------------------------------------------------

--
-- Structure de la table `footregion_footregion_categories`
--

CREATE TABLE `footregion_footregion_categories` (
  `id` int(11) NOT NULL,
  `nom` varchar(50) NOT NULL,
  `alias` varchar(255) CHARACTER SET utf8 COLLATE utf8_bin NOT NULL DEFAULT '',
  `published` tinyint(1) NOT NULL DEFAULT '1',
  `created` datetime NOT NULL DEFAULT '0000-00-00 00:00:00',
  `created_by` int(11) NOT NULL DEFAULT '0',
  `modified` datetime NOT NULL DEFAULT '0000-00-00 00:00:00',
  `modified_by` int(11) NOT NULL DEFAULT '0',
  `hits` int(11) UNSIGNED NOT NULL DEFAULT '0'
) ENGINE=InnoDB DEFAULT CHARSET=utf8;

--
-- Déchargement des données de la table `footregion_footregion_categories`
--

INSERT INTO `footregion_footregion_categories` (`id`, `nom`, `alias`, `published`, `created`, `created_by`, `modified`, `modified_by`, `hits`) VALUES
(1, '-', '', 1, '2018-10-24 00:00:00', 45, '0000-00-00 00:00:00', 0, 0),
(2, 'U10-U11', '', 1, '2018-10-24 00:00:00', 45, '0000-00-00 00:00:00', 0, 0),
(3, 'U12-U13', '', 1, '2018-10-24 00:00:00', 45, '0000-00-00 00:00:00', 0, 0),
(4, 'U14-U15', '', 1, '2018-10-24 00:00:00', 45, '0000-00-00 00:00:00', 0, 0),
(5, 'U16-U17', '', 1, '2018-10-24 00:00:00', 45, '0000-00-00 00:00:00', 0, 0),
(6, 'U18-U19', '', 1, '2018-10-24 00:00:00', 45, '0000-00-00 00:00:00', 0, 0),
(7, 'Seniors', '', 1, '2018-10-24 00:00:00', 45, '0000-00-00 00:00:00', 0, 0),
(8, 'Vétérans', '', 1, '2018-10-24 00:00:00', 45, '0000-00-00 00:00:00', 0, 0),
(9, 'Vétérans +45', '', 1, '2018-10-24 00:00:00', 45, '0000-00-00 00:00:00', 0, 0);

-- --------------------------------------------------------

--
-- Structure de la table `footregion_footregion_clubs`
--

CREATE TABLE `footregion_footregion_clubs` (
  `id` int(11) NOT NULL,
  `sigle` varchar(50) NOT NULL,
  `nom` varchar(255) NOT NULL,
  `adr_rue` varchar(50) NOT NULL,
  `adr_ville` varchar(50) NOT NULL,
  `adr_cp` varchar(10) NOT NULL,
  `directeurs_id` int(11) NOT NULL DEFAULT '1',
  `alias` varchar(255) CHARACTER SET utf8 COLLATE utf8_bin NOT NULL DEFAULT '',
  `published` tinyint(1) NOT NULL DEFAULT '1',
  `created` datetime NOT NULL DEFAULT '0000-00-00 00:00:00',
  `created_by` int(11) NOT NULL DEFAULT '0',
  `modified` datetime NOT NULL DEFAULT '0000-00-00 00:00:00',
  `modified_by` int(11) NOT NULL DEFAULT '0',
  `hits` int(11) UNSIGNED NOT NULL DEFAULT '0'
) ENGINE=InnoDB DEFAULT CHARSET=utf8;

--
-- Déchargement des données de la table `footregion_footregion_clubs`
--

INSERT INTO `footregion_footregion_clubs` (`id`, `sigle`, `nom`, `adr_rue`, `adr_ville`, `adr_cp`, `directeurs_id`, `alias`, `published`, `created`, `created_by`, `modified`, `modified_by`, `hits`) VALUES
(1, '-', '', '', '', '', 1, '', 1, '2018-10-24 00:00:00', 45, '0000-00-00 00:00:00', 0, 0),
(2, 'UFBSJA', 'Union Football Belleville Saint Jean d\'Ardières', '', '', '', 2, '', 1, '2018-10-24 00:00:00', 45, '0000-00-00 00:00:00', 0, 0),
(3, 'FCA', 'FC Annecy', '24 Rue du Commandant Guilbaud', 'Annecy', '74000', 2, 'fc-annecy', 1, '2018-11-08 13:17:24', 35, '2018-11-08 13:30:58', 35, 0),
(4, 'FSR', 'Fréjus-Saint-Raphaél', '10 Avenue Simone Veil ', 'Saint-Raphaêl', '83600', 2, 'frejus-saint-raphael', 1, '2018-11-08 13:19:02', 35, '2018-11-08 13:31:07', 35, 0),
(5, 'HFC', 'Hyéres FC', '24 Rue Charles de Gaulle', 'Hyéres', '83400', 3, 'hyeres-fc', 1, '2018-11-08 13:20:07', 35, '2018-11-08 13:31:15', 35, 0),
(6, 'CPP', 'CA Pontarlier', '54 Rue Marpaud', 'Pontarlier', '25300', 2, 'ca-pontarlier', 1, '2018-11-08 13:21:11', 35, '2018-12-11 16:30:04', 39, 0),
(7, 'TFC', 'Trélissac', '13 Avenue Jean Jaurès', 'Trélissac', '24750', 2, 'trelissac', 1, '2018-11-08 13:22:43', 35, '2018-11-08 13:31:30', 35, 0),
(8, 'RMN', 'Real Mandarine', '11 rue jeanne d\'arc', 'Clichy', '92410', 3, '', 1, '0000-00-00 00:00:00', 0, '0000-00-00 00:00:00', 0, 0);

-- --------------------------------------------------------

--
-- Structure de la table `footregion_footregion_directeurs`
--

CREATE TABLE `footregion_footregion_directeurs` (
  `id` int(11) NOT NULL,
  `email` varchar(100) NOT NULL,
  `date_affectation` date NOT NULL DEFAULT '0000-00-00',
  `alias` varchar(255) CHARACTER SET utf8 COLLATE utf8_bin NOT NULL DEFAULT '',
  `published` tinyint(1) NOT NULL DEFAULT '1',
  `created` datetime NOT NULL DEFAULT '0000-00-00 00:00:00',
  `created_by` int(11) NOT NULL DEFAULT '0',
  `modified` datetime NOT NULL DEFAULT '0000-00-00 00:00:00',
  `modified_by` int(11) NOT NULL DEFAULT '0',
  `hits` int(11) UNSIGNED NOT NULL DEFAULT '0'
) ENGINE=InnoDB DEFAULT CHARSET=utf8;

--
-- Déchargement des données de la table `footregion_footregion_directeurs`
--

INSERT INTO `footregion_footregion_directeurs` (`id`, `email`, `date_affectation`, `alias`, `published`, `created`, `created_by`, `modified`, `modified_by`, `hits`) VALUES
(1, '-', '0000-00-00', '', 1, '2018-10-24 00:00:00', 45, '0000-00-00 00:00:00', 0, 0),
(2, 'hboss@footregion.fr', '0000-00-00', '', 1, '2018-10-24 00:00:00', 45, '0000-00-00 00:00:00', 0, 0),
(3, 'lleclerc@footregion.fr', '0000-00-00', '', 1, '0000-00-00 00:00:00', 0, '0000-00-00 00:00:00', 0, 0);

-- --------------------------------------------------------

--
-- Structure de la table `footregion_footregion_discussions`
--

CREATE TABLE `footregion_footregion_discussions` (
  `id` int(11) NOT NULL,
  `theme` varchar(50) NOT NULL,
  `utilisateurs_id` int(11) NOT NULL DEFAULT '1',
  `alias` varchar(255) CHARACTER SET utf8 COLLATE utf8_bin NOT NULL DEFAULT '',
  `published` tinyint(1) NOT NULL DEFAULT '1',
  `created` datetime NOT NULL DEFAULT '0000-00-00 00:00:00',
  `created_by` int(11) NOT NULL DEFAULT '0',
  `modified` datetime NOT NULL DEFAULT '0000-00-00 00:00:00',
  `modified_by` int(11) NOT NULL DEFAULT '0',
  `hits` int(11) UNSIGNED NOT NULL DEFAULT '0'
) ENGINE=InnoDB DEFAULT CHARSET=utf8;

--
-- Déchargement des données de la table `footregion_footregion_discussions`
--

INSERT INTO `footregion_footregion_discussions` (`id`, `theme`, `utilisateurs_id`, `alias`, `published`, `created`, `created_by`, `modified`, `modified_by`, `hits`) VALUES
(1, '-', 1, '', 1, '2018-10-24 00:00:00', 45, '0000-00-00 00:00:00', 0, 0),
(2, 'Covoiturage samedi 27/10 équipe UFBSJA-Seniors-1', 8, '', 1, '2018-10-26 00:00:00', 42, '0000-00-00 00:00:00', 0, 0),
(3, 'La meilleure celle la', 2, '', 1, '0000-00-00 00:00:00', 0, '0000-00-00 00:00:00', 0, 0),
(4, 'Les bests', 3, '', 1, '0000-00-00 00:00:00', 0, '0000-00-00 00:00:00', 0, 0),
(5, 'La team qui tue', 4, '', 1, '0000-00-00 00:00:00', 0, '0000-00-00 00:00:00', 0, 0),
(6, 'Nature Rouge', 5, '', 1, '0000-00-00 00:00:00', 0, '0000-00-00 00:00:00', 0, 0),
(7, 'Gazelle Plage', 6, '', 1, '0000-00-00 00:00:00', 0, '0000-00-00 00:00:00', 0, 0),
(8, 'Pour Tous Alpha', 7, '', 1, '0000-00-00 00:00:00', 0, '0000-00-00 00:00:00', 0, 0),
(9, 'Renard Gamma', 8, '', 1, '0000-00-00 00:00:00', 0, '0000-00-00 00:00:00', 0, 0),
(10, 'Tonnerre Avenue', 9, '', 1, '0000-00-00 00:00:00', 0, '0000-00-00 00:00:00', 0, 0),
(11, 'Royale En Boite', 10, '', 1, '0000-00-00 00:00:00', 0, '0000-00-00 00:00:00', 0, 0),
(12, 'Attaque Infernale', 2, '', 1, '0000-00-00 00:00:00', 0, '0000-00-00 00:00:00', 0, 0),
(13, 'Pro Bronze', 2, '', 1, '0000-00-00 00:00:00', 0, '0000-00-00 00:00:00', 0, 0),
(14, 'Atelier Rouge', 3, '', 1, '0000-00-00 00:00:00', 0, '0000-00-00 00:00:00', 0, 0),
(15, 'Laboratoire Extasy', 4, '', 1, '0000-00-00 00:00:00', 0, '0000-00-00 00:00:00', 0, 0);

-- --------------------------------------------------------

--
-- Structure de la table `footregion_footregion_entraineurs`
--

CREATE TABLE `footregion_footregion_entraineurs` (
  `id` int(11) NOT NULL,
  `email` varchar(100) NOT NULL,
  `num_licence` varchar(255) NOT NULL,
  `alias` varchar(255) CHARACTER SET utf8 COLLATE utf8_bin NOT NULL DEFAULT '',
  `published` tinyint(1) NOT NULL DEFAULT '1',
  `created` datetime NOT NULL DEFAULT '0000-00-00 00:00:00',
  `created_by` int(11) NOT NULL DEFAULT '0',
  `modified` datetime NOT NULL DEFAULT '0000-00-00 00:00:00',
  `modified_by` int(11) NOT NULL DEFAULT '0',
  `hits` int(11) UNSIGNED NOT NULL DEFAULT '0'
) ENGINE=InnoDB DEFAULT CHARSET=utf8;

--
-- Déchargement des données de la table `footregion_footregion_entraineurs`
--

INSERT INTO `footregion_footregion_entraineurs` (`id`, `email`, `num_licence`, `alias`, `published`, `created`, `created_by`, `modified`, `modified_by`, `hits`) VALUES
(1, '-', '', '', 1, '2018-10-24 00:00:00', 45, '0000-00-00 00:00:00', 0, 0),
(2, 'inote@footregion.fr', '', '', 1, '2018-10-24 00:00:00', 45, '0000-00-00 00:00:00', 0, 0),
(3, 'sfrais@footregion.fr', '', '', 1, '2018-10-24 00:00:00', 45, '0000-00-00 00:00:00', 0, 0),
(4, 'aubinlacaze@footregion.fr', '0444754781', '', 1, '0000-00-00 00:00:00', 0, '0000-00-00 00:00:00', 0, 0),
(5, 'lorrainmartin@footregion.fr', '0164648210', '', 1, '0000-00-00 00:00:00', 0, '0000-00-00 00:00:00', 0, 0),
(6, 'gauthiersamuel@footregion.fr', '0567514968', '', 1, '0000-00-00 00:00:00', 0, '0000-00-00 00:00:00', 0, 0);

-- --------------------------------------------------------

--
-- Structure de la table `footregion_footregion_equipes`
--

CREATE TABLE `footregion_footregion_equipes` (
  `id` int(11) NOT NULL,
  `nom` varchar(50) NOT NULL,
  `clubs_id` int(11) NOT NULL DEFAULT '1',
  `categories_id` int(11) NOT NULL DEFAULT '1',
  `entraineurs_id` int(11) NOT NULL DEFAULT '1',
  `alias` varchar(255) CHARACTER SET utf8 COLLATE utf8_bin NOT NULL DEFAULT '',
  `published` tinyint(1) NOT NULL DEFAULT '1',
  `created` datetime NOT NULL DEFAULT '0000-00-00 00:00:00',
  `created_by` int(11) NOT NULL DEFAULT '0',
  `modified` datetime NOT NULL DEFAULT '0000-00-00 00:00:00',
  `modified_by` int(11) NOT NULL DEFAULT '0',
  `hits` int(11) UNSIGNED NOT NULL DEFAULT '0'
) ENGINE=InnoDB DEFAULT CHARSET=utf8;

--
-- Déchargement des données de la table `footregion_footregion_equipes`
--

INSERT INTO `footregion_footregion_equipes` (`id`, `nom`, `clubs_id`, `categories_id`, `entraineurs_id`, `alias`, `published`, `created`, `created_by`, `modified`, `modified_by`, `hits`) VALUES
(1, '-', 1, 1, 1, '', 1, '2018-10-24 00:00:00', 45, '0000-00-00 00:00:00', 0, 0),
(2, 'UFBSJA-Seniors-1', 2, 7, 2, '', 1, '2018-10-24 00:00:00', 45, '0000-00-00 00:00:00', 0, 0),
(3, 'FCA-U18-U19-1', 3, 6, 4, '', 1, '0000-00-00 00:00:00', 0, '0000-00-00 00:00:00', 0, 0),
(4, 'FCA-U14-U15-1', 3, 4, 4, '', 1, '0000-00-00 00:00:00', 0, '0000-00-00 00:00:00', 0, 0),
(5, 'FSR-U10-U11-1', 4, 2, 5, '', 1, '0000-00-00 00:00:00', 0, '0000-00-00 00:00:00', 0, 0),
(6, 'FSR-U10-U11-2', 4, 2, 5, '', 1, '0000-00-00 00:00:00', 0, '0000-00-00 00:00:00', 0, 0),
(7, 'HFC-Vétérans-1', 5, 8, 6, '', 1, '0000-00-00 00:00:00', 0, '0000-00-00 00:00:00', 0, 0),
(8, 'HFC-Vétérans+45-1', 5, 9, 6, '', 1, '0000-00-00 00:00:00', 0, '0000-00-00 00:00:00', 0, 0);

-- --------------------------------------------------------

--
-- Structure de la table `footregion_footregion_joueurs`
--

CREATE TABLE `footregion_footregion_joueurs` (
  `id` int(11) NOT NULL,
  `email` varchar(100) NOT NULL,
  `poste` varchar(50) NOT NULL,
  `num_licence` varchar(50) NOT NULL,
  `date_naiss` date NOT NULL DEFAULT '0000-00-00',
  `equipes_id` int(11) NOT NULL DEFAULT '1',
  `alias` varchar(255) CHARACTER SET utf8 COLLATE utf8_bin NOT NULL DEFAULT '',
  `published` tinyint(1) NOT NULL DEFAULT '1',
  `created` datetime NOT NULL DEFAULT '0000-00-00 00:00:00',
  `created_by` int(11) NOT NULL DEFAULT '0',
  `modified` datetime NOT NULL DEFAULT '0000-00-00 00:00:00',
  `modified_by` int(11) NOT NULL DEFAULT '0',
  `hits` int(11) UNSIGNED NOT NULL DEFAULT '0'
) ENGINE=InnoDB DEFAULT CHARSET=utf8;

--
-- Déchargement des données de la table `footregion_footregion_joueurs`
--

INSERT INTO `footregion_footregion_joueurs` (`id`, `email`, `poste`, `num_licence`, `date_naiss`, `equipes_id`, `alias`, `published`, `created`, `created_by`, `modified`, `modified_by`, `hits`) VALUES
(1, '-', '', '', '2000-10-24', 1, '', 1, '2018-10-24 00:00:00', 45, '0000-00-00 00:00:00', 0, 0),
(2, 'jmarque@footregion.fr', '', '', '2000-10-21', 2, '', 1, '2018-10-24 00:00:00', 45, '0000-00-00 00:00:00', 0, 0),
(3, 'tbut@footregion.fr', '', '', '2000-10-07', 2, '', 1, '2018-10-24 00:00:00', 45, '0000-00-00 00:00:00', 0, 0),
(5, 'adurand@footregion.fr', '', '', '2000-05-12', 2, '', 1, '2018-10-24 00:00:00', 45, '0000-00-00 00:00:00', 0, 0),
(6, 'mdupond@footregion.fr', '', '', '2000-04-25', 2, '', 1, '2018-10-24 00:00:00', 45, '0000-00-00 00:00:00', 0, 0),
(7, 'pnalty@footregion.fr', '', '', '2000-02-04', 2, '', 1, '2018-10-24 00:00:00', 45, '0000-00-00 00:00:00', 0, 0),
(8, 'gastondamien@footregion.fr', 'Gardien', '0105754281', '0000-00-00', 3, '', 1, '0000-00-00 00:00:00', 0, '0000-00-00 00:00:00', 0, 0),
(9, 'demangeyannick@footregion.fr', 'Défenseur', '0248453216', '0000-00-00', 3, '', 1, '0000-00-00 00:00:00', 0, '0000-00-00 00:00:00', 0, 0),
(10, 'guyparenteau@footregion.fr', 'Milieu', '0444897789', '0000-00-00', 3, '', 1, '0000-00-00 00:00:00', 0, '0000-00-00 00:00:00', 0, 0),
(11, 'vadendavignon@footregion.fr', 'Attaquant', '0164974410', '0000-00-00', 3, '', 1, '0000-00-00 00:00:00', 0, '0000-00-00 00:00:00', 0, 0),
(12, 'mauricebarrientos@footregion.fr', 'Gardien', '0563550978', '0000-00-00', 4, '', 1, '0000-00-00 00:00:00', 0, '0000-00-00 00:00:00', 0, 0),
(13, 'aleronayot@footregion.fr', 'Défenseur', '0105573281', '0000-00-00', 4, '', 1, '0000-00-00 00:00:00', 0, '0000-00-00 00:00:00', 0, 0),
(14, 'artuscaron@footregion.fr', 'Milieu', '0247002196', '0000-00-00', 5, '', 1, '0000-00-00 00:00:00', 0, '0000-00-00 00:00:00', 0, 0),
(15, 'JoshuaBarker@footregion.fr', 'Attaquant', '0463446310', '0000-00-00', 6, '', 1, '0000-00-00 00:00:00', 0, '0000-00-00 00:00:00', 0, 0),
(16, 'ChristopherMorton@footregion.fr', 'Défenseur', '0240835925', '0000-00-00', 7, '', 1, '0000-00-00 00:00:00', 0, '0000-00-00 00:00:00', 0, 0),
(17, 'JasonMitchell@footregion.fr', 'Milieu', '0423670188', '0000-00-00', 7, '', 1, '0000-00-00 00:00:00', 0, '0000-00-00 00:00:00', 0, 0),
(18, 'DanielDavison@footregion.fr', 'Gardien', '0540209485', '0000-00-00', 7, '', 1, '0000-00-00 00:00:00', 0, '0000-00-00 00:00:00', 0, 0),
(19, 'JohnCastro@footregion.fr', 'Attaquant', '0188308420', '0000-00-00', 8, '', 1, '0000-00-00 00:00:00', 0, '0000-00-00 00:00:00', 0, 0);

-- --------------------------------------------------------

--
-- Structure de la table `footregion_footregion_matchs`
--

CREATE TABLE `footregion_footregion_matchs` (
  `id` int(11) NOT NULL,
  `date_heure` datetime NOT NULL DEFAULT '0000-00-00 00:00:00',
  `score_domicile` int(11) NOT NULL DEFAULT '0',
  `score_invite` int(11) NOT NULL DEFAULT '0',
  `nom` varchar(50) NOT NULL,
  `adr_rue` varchar(50) NOT NULL,
  `adr_ville` varchar(50) NOT NULL,
  `adr_cp` varchar(10) NOT NULL,
  `coord_gps` varchar(50) NOT NULL,
  `equipes_invite_id` int(11) NOT NULL DEFAULT '1',
  `equipes_domicile_id` int(11) NOT NULL DEFAULT '1',
  `entraineurs_invite_id` int(11) NOT NULL DEFAULT '1',
  `entraineurs_initiateur_id` int(11) NOT NULL DEFAULT '1',
  `tournois_id` int(11) NOT NULL DEFAULT '1',
  `statuts_id` int(11) NOT NULL DEFAULT '1',
  `alias` varchar(255) CHARACTER SET utf8 COLLATE utf8_bin NOT NULL DEFAULT '',
  `published` tinyint(1) NOT NULL DEFAULT '1',
  `created` datetime NOT NULL DEFAULT '0000-00-00 00:00:00',
  `created_by` int(11) NOT NULL DEFAULT '0',
  `modified` datetime NOT NULL DEFAULT '0000-00-00 00:00:00',
  `modified_by` int(11) NOT NULL DEFAULT '0',
  `hits` int(11) UNSIGNED NOT NULL DEFAULT '0'
) ENGINE=InnoDB DEFAULT CHARSET=utf8;

--
-- Déchargement des données de la table `footregion_footregion_matchs`
--

INSERT INTO `footregion_footregion_matchs` (`id`, `date_heure`, `score_domicile`, `score_invite`, `nom`, `adr_rue`, `adr_ville`, `adr_cp`, `coord_gps`, `equipes_invite_id`, `equipes_domicile_id`, `entraineurs_invite_id`, `entraineurs_initiateur_id`, `tournois_id`, `statuts_id`, `alias`, `published`, `created`, `created_by`, `modified`, `modified_by`, `hits`) VALUES
(1, '2018-10-24 00:00:00', 0, 0, '-', 'rue', 'ville', 'cp', 'c\'est la', 1, 1, 1, 1, 1, 1, 'dd', 1, '2018-10-24 00:00:00', 0, '0000-00-00 00:00:00', 45, 0),
(2, '2018-10-26 13:00:00', 0, 0, 'Match test 1', '', '', '', '', 1, 1, 1, 1, 1, 1, '', 1, '2018-10-24 00:00:00', 45, '0000-00-00 00:00:00', 0, 0),
(3, '2019-03-11 10:40:00', 0, 0, 'Romatch', '518 av Lucien Barrault', 'Champigny Sur Marne', '94500', 'c\'est ici', 3, 4, 2, 3, 1, 2, 'romatch', 1, '2019-03-11 09:41:11', 35, '0000-00-00 00:00:00', 0, 0),
(4, '2019-03-11 11:05:00', 1, 1, 'Armatch', '11 rue du sens', 'cervelet sur oise', '200', 'c\'est la', 4, 5, 3, 2, 1, 3, 'armatch', 1, '2019-03-11 10:06:46', 35, '0000-00-00 00:00:00', 0, 0);

-- --------------------------------------------------------

--
-- Structure de la table `footregion_footregion_matchs_arbitres`
--

CREATE TABLE `footregion_footregion_matchs_arbitres` (
  `id` int(11) NOT NULL,
  `role` varchar(255) NOT NULL,
  `matchs_id` int(11) NOT NULL DEFAULT '1',
  `arbitres_id` int(11) NOT NULL DEFAULT '1',
  `alias` varchar(255) CHARACTER SET utf8 COLLATE utf8_bin NOT NULL DEFAULT '',
  `published` tinyint(1) NOT NULL DEFAULT '1',
  `created` datetime NOT NULL DEFAULT '0000-00-00 00:00:00',
  `created_by` int(11) NOT NULL DEFAULT '0',
  `modified` datetime NOT NULL DEFAULT '0000-00-00 00:00:00',
  `modified_by` int(11) NOT NULL DEFAULT '0',
  `hits` int(11) UNSIGNED NOT NULL DEFAULT '0'
) ENGINE=InnoDB DEFAULT CHARSET=utf8;

--
-- Déchargement des données de la table `footregion_footregion_matchs_arbitres`
--

INSERT INTO `footregion_footregion_matchs_arbitres` (`id`, `role`, `matchs_id`, `arbitres_id`, `alias`, `published`, `created`, `created_by`, `modified`, `modified_by`, `hits`) VALUES
(1, '-', 1, 1, '', 1, '2018-10-24 00:00:00', 45, '0000-00-00 00:00:00', 0, 0),
(2, 'Central', 2, 2, '', 1, '2018-10-24 00:00:00', 45, '0000-00-00 00:00:00', 0, 0);

-- --------------------------------------------------------

--
-- Structure de la table `footregion_footregion_messages`
--

CREATE TABLE `footregion_footregion_messages` (
  `id` int(11) NOT NULL,
  `libelle` text NOT NULL,
  `discussions_id` int(11) NOT NULL DEFAULT '1',
  `utilisateurs_id` int(11) NOT NULL DEFAULT '1',
  `alias` varchar(255) CHARACTER SET utf8 COLLATE utf8_bin NOT NULL DEFAULT '',
  `published` tinyint(1) NOT NULL DEFAULT '1',
  `created` datetime NOT NULL DEFAULT '0000-00-00 00:00:00',
  `created_by` int(11) NOT NULL DEFAULT '0',
  `modified` datetime NOT NULL DEFAULT '0000-00-00 00:00:00',
  `modified_by` int(11) NOT NULL DEFAULT '0',
  `hits` int(11) UNSIGNED NOT NULL DEFAULT '0'
) ENGINE=InnoDB DEFAULT CHARSET=utf8;

--
-- Déchargement des données de la table `footregion_footregion_messages`
--

INSERT INTO `footregion_footregion_messages` (`id`, `libelle`, `discussions_id`, `utilisateurs_id`, `alias`, `published`, `created`, `created_by`, `modified`, `modified_by`, `hits`) VALUES
(1, '-', 1, 1, '', 1, '2018-10-24 00:00:00', 45, '0000-00-00 00:00:00', 0, 0),
(2, 'Bonjour, pour ceux que cela intéresse, j\'ai 3 places dans ma voiture pour aller au match de samedi 27/10.', 2, 8, '', 1, '2018-10-26 11:21:00', 42, '0000-00-00 00:00:00', 0, 0),
(3, 'Etre jeune, Avoir du fun, Tester ballon', 3, 2, '', 1, '0000-00-00 00:00:00', 0, '0000-00-00 00:00:00', 0, 0),
(4, 'Pour vous, Foot est inépuisable', 3, 5, '', 1, '0000-00-00 00:00:00', 0, '0000-00-00 00:00:00', 0, 0),
(5, 'massacre n a pas de prix', 3, 10, '', 1, '0000-00-00 00:00:00', 0, '0000-00-00 00:00:00', 0, 0),
(6, 'ferme ta gueule. Qui peut le battre ? ', 4, 7, '', 1, '0000-00-00 00:00:00', 0, '0000-00-00 00:00:00', 0, 0),
(7, 'Avec tournoi tout est clair', 5, 2, '', 1, '0000-00-00 00:00:00', 0, '0000-00-00 00:00:00', 0, 0),
(8, 'Peut-on envisager un repas sans match ?', 5, 6, '', 1, '0000-00-00 00:00:00', 0, '0000-00-00 00:00:00', 0, 0),
(9, 'ronaldo n est pas né de la dernière pluie ', 5, 4, '', 1, '0000-00-00 00:00:00', 0, '0000-00-00 00:00:00', 0, 0),
(10, 'C est tous les jours la fête avec messi ', 5, 8, '', 1, '0000-00-00 00:00:00', 0, '0000-00-00 00:00:00', 0, 0),
(11, '2 secondes ça c est fort de fruits', 6, 5, '', 1, '0000-00-00 00:00:00', 0, '0000-00-00 00:00:00', 0, 0),
(12, 'L entraineur is magic !', 6, 4, '', 1, '0000-00-00 00:00:00', 0, '0000-00-00 00:00:00', 0, 0),
(13, 'Pogba crie tout haut ce que vous pensez tout bas', 6, 3, '', 1, '0000-00-00 00:00:00', 0, '0000-00-00 00:00:00', 0, 0),
(14, 'Vien au match demain tu l aimes ou tu le quittes', 7, 6, '', 1, '0000-00-00 00:00:00', 0, '0000-00-00 00:00:00', 0, 0),
(15, 'Dribbles. It s a bit strong !', 8, 5, '', 1, '0000-00-00 00:00:00', 0, '0000-00-00 00:00:00', 0, 0),
(16, 'Arbre ça change l école', 8, 10, '', 1, '0000-00-00 00:00:00', 0, '0000-00-00 00:00:00', 0, 0),
(17, 'Une envie, un délice, un ronaldinho', 8, 5, '', 1, '0000-00-00 00:00:00', 0, '0000-00-00 00:00:00', 0, 0),
(18, 'Avant la roberto carlos, deux guerres mondiales. Après la roberto carlos, zéro.', 8, 9, '', 1, '0000-00-00 00:00:00', 0, '0000-00-00 00:00:00', 0, 0),
(19, 'Le futur choisit crespo - Prenez votre futur en main', 9, 8, '', 1, '0000-00-00 00:00:00', 0, '0000-00-00 00:00:00', 0, 0),
(20, 'Inzaghi est le seul moyen d être heureux', 9, 7, '', 1, '0000-00-00 00:00:00', 0, '0000-00-00 00:00:00', 0, 0),
(21, 'papa et vos idées ont du génie', 10, 3, '', 1, '0000-00-00 00:00:00', 0, '0000-00-00 00:00:00', 0, 0),
(22, 'Si c est Pelé j y vais aussi', 10, 5, '', 1, '0000-00-00 00:00:00', 0, '0000-00-00 00:00:00', 0, 0),
(23, 'maradonna est plus bon que le chocolat ! ', 10, 2, '', 1, '0000-00-00 00:00:00', 0, '0000-00-00 00:00:00', 0, 0),
(24, 'Elle a quelque chose en plus, et si c était okocha ?', 11, 5, '', 1, '0000-00-00 00:00:00', 0, '0000-00-00 00:00:00', 0, 0),
(25, 'podolski wa-wa-wa-Hamdoulah ça va ! ', 11, 4, '', 1, '0000-00-00 00:00:00', 0, '0000-00-00 00:00:00', 0, 0),
(26, 'Rien n est trop bon pour Anelka', 11, 6, '', 1, '0000-00-00 00:00:00', 0, '0000-00-00 00:00:00', 0, 0),
(27, 'Vidic president !', 11, 7, '', 1, '0000-00-00 00:00:00', 0, '0000-00-00 00:00:00', 0, 0),
(28, 'Zidane et ça repart', 11, 10, '', 1, '0000-00-00 00:00:00', 0, '0000-00-00 00:00:00', 0, 0),
(29, 'Gullit pèse lourd sur le web', 11, 10, '', 1, '0000-00-00 00:00:00', 0, '0000-00-00 00:00:00', 0, 0),
(30, 'Peut-on envisager un repas sans Cruyff ?', 12, 8, '', 1, '0000-00-00 00:00:00', 0, '0000-00-00 00:00:00', 0, 0),
(31, 'Schevchenko, ça déchire', 12, 10, '', 1, '0000-00-00 00:00:00', 0, '0000-00-00 00:00:00', 0, 0),
(32, 'Ferdinand a un coeur gros comme ça', 13, 9, '', 1, '0000-00-00 00:00:00', 0, '0000-00-00 00:00:00', 0, 0),
(33, 'Zico c est Halla Halla !', 13, 10, '', 1, '0000-00-00 00:00:00', 0, '0000-00-00 00:00:00', 0, 0),
(34, 'Platini est ce que le monde attendait ', 13, 9, '', 1, '0000-00-00 00:00:00', 0, '0000-00-00 00:00:00', 0, 0),
(35, 'Hagi, c est beau la vie pour les grands et les petits', 14, 10, '', 1, '0000-00-00 00:00:00', 0, '0000-00-00 00:00:00', 0, 0),
(36, 'You make Rui Costa real', 14, 5, '', 1, '0000-00-00 00:00:00', 0, '0000-00-00 00:00:00', 0, 0),
(37, 'Oh mon Dieu ! c est Alex de souza !', 14, 2, '', 1, '0000-00-00 00:00:00', 0, '0000-00-00 00:00:00', 0, 0),
(38, 'Mon eau minceur c est Maldini', 15, 5, '', 1, '0000-00-00 00:00:00', 0, '0000-00-00 00:00:00', 0, 0),
(39, 'Zlatan. Opportunity. Quality. Achievement.', 15, 1, '', 1, '0000-00-00 00:00:00', 0, '0000-00-00 00:00:00', 0, 0),
(40, 'Modric ne s use jamais', 15, 3, '', 1, '0000-00-00 00:00:00', 0, '0000-00-00 00:00:00', 0, 0),
(41, 'Yachine, ça fait mal, ça fait mal', 15, 6, '', 1, '0000-00-00 00:00:00', 0, '0000-00-00 00:00:00', 0, 0);

-- --------------------------------------------------------

--
-- Structure de la table `footregion_footregion_signalements`
--

CREATE TABLE `footregion_footregion_signalements` (
  `id` int(11) NOT NULL,
  `libelle` text NOT NULL,
  `arbitres_id` int(11) NOT NULL DEFAULT '1',
  `entraineurs_id` int(11) NOT NULL DEFAULT '1',
  `alias` varchar(255) CHARACTER SET utf8 COLLATE utf8_bin NOT NULL DEFAULT '',
  `published` tinyint(1) NOT NULL DEFAULT '1',
  `created` datetime NOT NULL DEFAULT '0000-00-00 00:00:00',
  `created_by` int(11) NOT NULL DEFAULT '0',
  `modified` datetime NOT NULL DEFAULT '0000-00-00 00:00:00',
  `modified_by` int(11) NOT NULL DEFAULT '0',
  `hits` int(11) UNSIGNED NOT NULL DEFAULT '0'
) ENGINE=InnoDB DEFAULT CHARSET=utf8;

--
-- Déchargement des données de la table `footregion_footregion_signalements`
--

INSERT INTO `footregion_footregion_signalements` (`id`, `libelle`, `arbitres_id`, `entraineurs_id`, `alias`, `published`, `created`, `created_by`, `modified`, `modified_by`, `hits`) VALUES
(1, '-', 1, 1, '', 1, '2018-10-24 00:00:00', 45, '0000-00-00 00:00:00', 0, 0),
(2, 'but non accordé', 2, 2, '', 1, '2019-03-12 13:53:49', 35, '2019-03-14 15:43:02', 35, 0),
(3, 'déclaration de faute inexistante', 2, 3, '', 1, '2019-04-23 14:54:28', 35, '2019-03-14 15:38:06', 35, 0),
(4, 'problèmes d\'accord sur le règlement', 2, 2, '', 1, '2019-03-14 15:27:23', 35, '0000-00-00 00:00:00', 0, 0);

-- --------------------------------------------------------

--
-- Structure de la table `footregion_footregion_statuts`
--

CREATE TABLE `footregion_footregion_statuts` (
  `id` int(11) NOT NULL,
  `statut` varchar(50) NOT NULL,
  `alias` varchar(255) CHARACTER SET utf8 COLLATE utf8_bin NOT NULL DEFAULT '',
  `published` tinyint(1) NOT NULL DEFAULT '1',
  `created` datetime NOT NULL DEFAULT '0000-00-00 00:00:00',
  `created_by` int(11) NOT NULL DEFAULT '0',
  `modified` datetime NOT NULL DEFAULT '0000-00-00 00:00:00',
  `modified_by` int(11) NOT NULL DEFAULT '0',
  `hits` int(11) UNSIGNED NOT NULL DEFAULT '0'
) ENGINE=InnoDB DEFAULT CHARSET=utf8;

--
-- Déchargement des données de la table `footregion_footregion_statuts`
--

INSERT INTO `footregion_footregion_statuts` (`id`, `statut`, `alias`, `published`, `created`, `created_by`, `modified`, `modified_by`, `hits`) VALUES
(1, '-', '', 1, '2018-10-24 00:00:00', 45, '0000-00-00 00:00:00', 0, 0),
(2, '1 - Proposé', '', 1, '2018-10-24 00:00:00', 45, '0000-00-00 00:00:00', 0, 0),
(3, '2 - Accepté', '', 1, '2018-10-24 00:00:00', 45, '0000-00-00 00:00:00', 0, 0),
(4, '3 - Refusé', '', 1, '2018-10-24 00:00:00', 45, '0000-00-00 00:00:00', 0, 0),
(5, '4 - Reporté', '', 1, '2018-10-24 00:00:00', 45, '0000-00-00 00:00:00', 0, 0),
(6, '5 - En cours', '', 1, '2018-10-24 00:00:00', 45, '0000-00-00 00:00:00', 0, 0),
(7, '6 - Terminé', '', 1, '2018-10-24 00:00:00', 45, '0000-00-00 00:00:00', 0, 0);

-- --------------------------------------------------------

--
-- Structure de la table `footregion_footregion_tournois`
--

CREATE TABLE `footregion_footregion_tournois` (
  `id` int(11) NOT NULL,
  `nom` varchar(50) NOT NULL,
  `entraineur_id` int(11) NOT NULL,
  `alias` varchar(255) CHARACTER SET utf8 COLLATE utf8_bin NOT NULL DEFAULT '',
  `published` tinyint(1) NOT NULL DEFAULT '1',
  `created` datetime NOT NULL DEFAULT '0000-00-00 00:00:00',
  `created_by` int(11) NOT NULL DEFAULT '0',
  `modified` datetime NOT NULL DEFAULT '0000-00-00 00:00:00',
  `modified_by` int(11) NOT NULL DEFAULT '0',
  `hits` int(11) UNSIGNED NOT NULL DEFAULT '0'
) ENGINE=InnoDB DEFAULT CHARSET=utf8;

--
-- Déchargement des données de la table `footregion_footregion_tournois`
--

INSERT INTO `footregion_footregion_tournois` (`id`, `nom`, `entraineur_id`, `alias`, `published`, `created`, `created_by`, `modified`, `modified_by`, `hits`) VALUES
(1, '-', 1, '', 1, '2018-10-24 00:00:00', 45, '0000-00-00 00:00:00', 0, 0),
(2, 'Tournois des champions', 2, 'TDC', 1, '2019-03-11 00:00:00', 0, '0000-00-00 00:00:00', 0, 0),
(4, 'Tournois des SLAM', 2, 'Tournois inter-slam', 1, '0000-00-00 00:00:00', 0, '0000-00-00 00:00:00', 0, 0),
(5, 'Tournois SISR', 2, 'Tournois inter-SISR', 1, '0000-00-00 00:00:00', 0, '0000-00-00 00:00:00', 0, 0);

-- --------------------------------------------------------

--
-- Structure de la table `footregion_footregion_utilisateurs`
--

CREATE TABLE `footregion_footregion_utilisateurs` (
  `id` int(11) NOT NULL,
  `nom` varchar(50) NOT NULL,
  `prenom` varchar(50) NOT NULL,
  `mobile` varchar(20) NOT NULL,
  `email` varchar(100) NOT NULL,
  `alias` varchar(255) CHARACTER SET utf8 COLLATE utf8_bin NOT NULL DEFAULT '',
  `published` tinyint(1) NOT NULL DEFAULT '1',
  `created` datetime NOT NULL DEFAULT '0000-00-00 00:00:00',
  `created_by` int(11) NOT NULL DEFAULT '0',
  `modified` datetime NOT NULL DEFAULT '0000-00-00 00:00:00',
  `modified_by` int(11) NOT NULL DEFAULT '0',
  `hits` int(11) UNSIGNED NOT NULL DEFAULT '0'
) ENGINE=InnoDB DEFAULT CHARSET=utf8;

--
-- Déchargement des données de la table `footregion_footregion_utilisateurs`
--

INSERT INTO `footregion_footregion_utilisateurs` (`id`, `nom`, `prenom`, `mobile`, `email`, `alias`, `published`, `created`, `created_by`, `modified`, `modified_by`, `hits`) VALUES
(1, '-', '', '', '', '', 0, '0000-00-00 00:00:00', 0, '0000-00-00 00:00:00', 0, 0),
(2, 'DUPOND', 'Marcel', '0645124578', 'mdupond@footregion.fr', 'dupond-marcel', 1, '0000-00-00 00:00:00', 45, '2019-03-11 08:01:02', 36, 0),
(3, 'DURAND', 'Alphonse', '0689845762', 'adurand@footregion.fr', 'durand-alphonse', 1, '0000-00-00 00:00:00', 45, '2018-10-24 15:01:33', 35, 0),
(4, 'NALTY', 'Pierre', '0678125689', 'pnalty@footregion.fr', 'nalty-pierre', 1, '0000-00-00 00:00:00', 45, '2018-12-11 15:34:18', 35, 0),
(5, 'BOSS', 'Hugo', '0604030201', 'hboss@footregion.fr', 'boss', 1, '2018-10-24 14:35:59', 45, '0000-00-00 00:00:00', 0, 0),
(6, 'NOTE', 'Ivan', '', 'inote@footregion.fr', 'note', 1, '2018-10-24 14:49:00', 45, '0000-00-00 00:00:00', 0, 0),
(7, 'FRAIS', 'Sami', '', 'sfrais@footregion.fr', 'frais', 1, '2018-10-24 14:49:32', 45, '0000-00-00 00:00:00', 0, 0),
(8, 'MARQUE', 'Jean', '', 'jmarque@footregion.fr', 'marque', 1, '2018-10-24 14:50:02', 45, '2018-10-24 14:58:41', 35, 0),
(9, 'BUT', 'Théo', '', 'tbut@footregion.fr', 'but', 1, '2018-10-24 14:50:31', 45, '0000-00-00 00:00:00', 0, 0),
(10, 'HOCHON', 'Paul', '', 'phochon@footregion.fr', 'hochon', 1, '2018-10-24 14:51:04', 45, '2018-10-24 14:53:15', 35, 0),
(11, 'AUBIN', 'Lacaze', '0444754781', 'aubinlacaze@footregion.fr', 'aubin', 1, '2018-11-08 13:57:08', 35, '2018-11-08 14:01:13', 35, 0),
(12, 'LORRAIN', 'Martin', '0164648210', 'lorrainmartin@footregion.fr', 'lorrain', 1, '2018-11-08 13:57:55', 35, '2018-11-08 14:00:36', 35, 0),
(13, 'GAUTHIER', 'Samuel', '0567514968', 'gauthiersamuel@footregion.fr', 'gauthier', 1, '2018-11-08 14:00:25', 35, '0000-00-00 00:00:00', 0, 0),
(14, 'GASTON ', 'Lothaire-Damien', '0105754281', 'gastondamien@footregion.fr', 'gaston', 1, '2018-11-08 14:02:51', 35, '2018-11-08 14:03:20', 35, 0),
(15, 'DEMANGE', 'Yannick', '0248453216', 'demangeyannick@footregion.fr', 'demange', 1, '2018-11-08 14:04:42', 35, '0000-00-00 00:00:00', 0, 0),
(16, 'PARENTEAU', 'Guy', '0444897789', 'guyparenteau@footregion.fr', 'parenteau', 1, '2018-11-08 13:57:08', 35, '2018-11-08 14:01:13', 35, 0),
(17, 'DAVIGNON', 'Vaden', '0164974410', 'vadendavignon@footregion.fr', 'davignon', 1, '2018-11-08 13:57:55', 35, '2018-11-08 14:00:36', 35, 0),
(18, 'BARRIENTOS', 'Maurice', '0563550978', 'mauricebarrientos@footregion.fr', 'barrientos', 1, '2018-11-08 14:00:25', 35, '0000-00-00 00:00:00', 0, 0),
(19, 'AYOT', 'Aleron', '0105573281', 'aleronayot@footregion.fr', 'ayot', 1, '2018-11-08 14:02:51', 35, '2018-11-08 14:03:20', 35, 0),
(20, 'CARON', 'Artus', '0247002196', 'artuscaron@footregion.fr', 'caron', 1, '2018-11-08 14:04:42', 35, '0000-00-00 00:00:00', 0, 0),
(21, 'JOSHUA', 'Barker', '0463446310', 'JoshuaBarker@footregion.fr', 'joshua', 1, '2018-11-08 14:02:51', 35, '2018-11-08 14:03:20', 35, 0),
(22, 'CHRISTOPHER', 'Morton', '0240835925', 'ChristopherMorton@footregion.fr', 'christopher', 1, '2018-11-08 14:02:51', 35, '2018-11-08 14:03:20', 35, 0),
(23, 'JASON', 'Mitchell', '0423670188', 'JasonMitchell@footregion.fr', 'jason', 1, '2018-11-08 14:02:51', 35, '2018-11-08 14:03:20', 35, 0),
(24, 'DANIEL', 'Davison', '0540209485', 'DanielDavison@footregion.fr', 'daniel', 1, '2018-11-08 14:02:51', 35, '2018-11-08 14:03:20', 35, 0),
(25, 'JOHN', 'Castro', '0188308420', 'JohnCastro@footregion.fr', 'john', 1, '2018-11-08 14:02:51', 35, '2018-11-08 14:03:20', 35, 0),
(26, 'DAVID', 'Parsons', '0599683950', 'DavidParsons@footregion.fr', 'david', 1, '2018-11-08 14:02:51', 35, '2018-11-08 14:03:20', 35, 0),
(27, 'ROBERT', 'Higgins', '0421599364', 'RobertHiggins@footregion.fr', 'robert', 1, '2018-11-08 14:02:51', 35, '2018-11-08 14:03:20', 35, 0),
(28, 'JOSEPH', 'Frost', '0413941270', 'JosephFrost@footregion.fr', 'joseph', 1, '2018-11-08 14:02:51', 35, '2018-11-08 14:03:20', 35, 0),
(29, 'MICHAEL', 'Matthews', '0413991270', 'MichaelMatthews@footregion.fr', 'michael', 1, '2018-11-08 14:02:51', 35, '2018-11-08 14:03:20', 35, 0),
(30, 'MATTHEW', 'Houston', '0413941270', 'MatthewHouston@footregion.fr', 'matthew', 1, '2018-11-08 14:02:51', 35, '2018-11-08 14:03:20', 35, 0),
(31, 'JAMES', 'Mohamed', '0419752827', 'JamesMohamed@footregion.fr', 'james', 1, '2018-11-08 14:02:51', 35, '2018-11-08 14:03:20', 35, 0),
(32, 'ANDREW', 'Jackson', '0165237099', 'AndrewJackson@footregion.fr', 'andrew', 1, '2018-11-08 14:02:51', 35, '2018-11-08 14:03:20', 35, 0),
(33, 'BRION', 'Adjutor', '0785469482', 'brionadjutor@footregion.fr', 'brion', 1, '2019-03-11 08:25:56', 35, '0000-00-00 00:00:00', 0, 0),
(34, 'PAGE', 'Laurent', '0643927509', 'lpage@footregion.fr', 'page', 1, '0000-00-00 00:00:00', 0, '0000-00-00 00:00:00', 0, 0),
(35, 'BALL', 'Antoine', '0651387264', 'aball@footregion.fr', 'ball', 1, '2019-03-18 10:36:22', 0, '0000-00-00 00:00:00', 0, 0),
(36, 'LANCE', 'Mathieu', '0653847216', 'mlance@footregion.fr', 'lance', 1, '0000-00-00 00:00:00', 0, '0000-00-00 00:00:00', 0, 0),
(37, 'RANGE', 'Armand', '0627436852', 'arange@footregion.fr', 'range', 1, '0000-00-00 00:00:00', 0, '0000-00-00 00:00:00', 0, 0),
(38, 'LECLERC', 'Ludovic', '0704030201', 'lleclerc@footregion.fr', 'leclerc-ludovic', 1, '2019-04-12 00:00:00', 45, '0000-00-00 00:00:00', 0, 0);

-- --------------------------------------------------------

--
-- Structure de la table `footregion_languages`
--

CREATE TABLE `footregion_languages` (
  `lang_id` int(11) UNSIGNED NOT NULL,
  `asset_id` int(10) UNSIGNED NOT NULL DEFAULT '0',
  `lang_code` char(7) CHARACTER SET utf8mb4 COLLATE utf8mb4_bin NOT NULL,
  `title` varchar(50) COLLATE utf8mb4_unicode_ci NOT NULL,
  `title_native` varchar(50) COLLATE utf8mb4_unicode_ci NOT NULL,
  `sef` varchar(50) COLLATE utf8mb4_unicode_ci NOT NULL,
  `image` varchar(50) COLLATE utf8mb4_unicode_ci NOT NULL,
  `description` varchar(512) COLLATE utf8mb4_unicode_ci NOT NULL,
  `metakey` text COLLATE utf8mb4_unicode_ci NOT NULL,
  `metadesc` text COLLATE utf8mb4_unicode_ci NOT NULL,
  `sitename` varchar(1024) COLLATE utf8mb4_unicode_ci NOT NULL DEFAULT '',
  `published` int(11) NOT NULL DEFAULT '0',
  `access` int(10) UNSIGNED NOT NULL DEFAULT '0',
  `ordering` int(11) NOT NULL DEFAULT '0'
) ENGINE=InnoDB DEFAULT CHARSET=utf8mb4 COLLATE=utf8mb4_unicode_ci;

--
-- Déchargement des données de la table `footregion_languages`
--

INSERT INTO `footregion_languages` (`lang_id`, `asset_id`, `lang_code`, `title`, `title_native`, `sef`, `image`, `description`, `metakey`, `metadesc`, `sitename`, `published`, `access`, `ordering`) VALUES
(1, 0, 'en-GB', 'English (en-GB)', 'English (United Kingdom)', 'en', 'en_gb', '', '', '', '', 1, 1, 2),
(2, 0, 'fr-FR', 'Français (fr-FR)', 'Français (France)', 'fr', 'fr_fr', '', '', '', '', 1, 1, 1);

-- --------------------------------------------------------

--
-- Structure de la table `footregion_menu`
--

CREATE TABLE `footregion_menu` (
  `id` int(11) NOT NULL,
  `menutype` varchar(24) COLLATE utf8mb4_unicode_ci NOT NULL COMMENT 'The type of menu this item belongs to. FK to #__menu_types.menutype',
  `title` varchar(255) COLLATE utf8mb4_unicode_ci NOT NULL COMMENT 'The display title of the menu item.',
  `alias` varchar(400) CHARACTER SET utf8mb4 COLLATE utf8mb4_bin NOT NULL COMMENT 'The SEF alias of the menu item.',
  `note` varchar(255) COLLATE utf8mb4_unicode_ci NOT NULL DEFAULT '',
  `path` varchar(1024) COLLATE utf8mb4_unicode_ci NOT NULL COMMENT 'The computed path of the menu item based on the alias field.',
  `link` varchar(1024) COLLATE utf8mb4_unicode_ci NOT NULL COMMENT 'The actually link the menu item refers to.',
  `type` varchar(16) COLLATE utf8mb4_unicode_ci NOT NULL COMMENT 'The type of link: Component, URL, Alias, Separator',
  `published` tinyint(4) NOT NULL DEFAULT '0' COMMENT 'The published state of the menu link.',
  `parent_id` int(10) UNSIGNED NOT NULL DEFAULT '1' COMMENT 'The parent menu item in the menu tree.',
  `level` int(10) UNSIGNED NOT NULL DEFAULT '0' COMMENT 'The relative level in the tree.',
  `component_id` int(10) UNSIGNED NOT NULL DEFAULT '0' COMMENT 'FK to #__extensions.id',
  `checked_out` int(10) UNSIGNED NOT NULL DEFAULT '0' COMMENT 'FK to #__users.id',
  `checked_out_time` datetime NOT NULL DEFAULT '0000-00-00 00:00:00' COMMENT 'The time the menu item was checked out.',
  `browserNav` tinyint(4) NOT NULL DEFAULT '0' COMMENT 'The click behaviour of the link.',
  `access` int(10) UNSIGNED NOT NULL DEFAULT '0' COMMENT 'The access level required to view the menu item.',
  `img` varchar(255) COLLATE utf8mb4_unicode_ci NOT NULL COMMENT 'The image of the menu item.',
  `template_style_id` int(10) UNSIGNED NOT NULL DEFAULT '0',
  `params` text COLLATE utf8mb4_unicode_ci NOT NULL COMMENT 'JSON encoded data for the menu item.',
  `lft` int(11) NOT NULL DEFAULT '0' COMMENT 'Nested set lft.',
  `rgt` int(11) NOT NULL DEFAULT '0' COMMENT 'Nested set rgt.',
  `home` tinyint(3) UNSIGNED NOT NULL DEFAULT '0' COMMENT 'Indicates if this menu item is the home or default page.',
  `language` char(7) COLLATE utf8mb4_unicode_ci NOT NULL DEFAULT '',
  `client_id` tinyint(4) NOT NULL DEFAULT '0'
) ENGINE=InnoDB DEFAULT CHARSET=utf8mb4 COLLATE=utf8mb4_unicode_ci;

--
-- Déchargement des données de la table `footregion_menu`
--

INSERT INTO `footregion_menu` (`id`, `menutype`, `title`, `alias`, `note`, `path`, `link`, `type`, `published`, `parent_id`, `level`, `component_id`, `checked_out`, `checked_out_time`, `browserNav`, `access`, `img`, `template_style_id`, `params`, `lft`, `rgt`, `home`, `language`, `client_id`) VALUES
(1, '', 'Menu_Item_Root', 'root', '', '', '', '', 1, 0, 0, 0, 0, '0000-00-00 00:00:00', 0, 0, '', 0, '', 0, 133, 0, '*', 0),
(2, 'menu', 'com_banners', 'Banners', '', 'Banners', 'index.php?option=com_banners', 'component', 0, 1, 1, 4, 0, '0000-00-00 00:00:00', 0, 0, 'class:banners', 0, '', 1, 10, 0, '*', 1),
(3, 'main', 'com_banners', 'Banners', '', 'Banners/Banners', 'index.php?option=com_banners', 'component', 1, 2, 2, 4, 0, '0000-00-00 00:00:00', 0, 0, 'class:banners', 0, '', 2, 3, 0, '*', 1),
(4, 'main', 'com_banners_categories', 'Categories', '', 'Banners/Categories', 'index.php?option=com_categories&extension=com_banners', 'component', 1, 2, 2, 6, 0, '0000-00-00 00:00:00', 0, 0, 'class:banners-cat', 0, '', 4, 5, 0, '*', 1),
(5, 'main', 'com_banners_clients', 'Clients', '', 'Banners/Clients', 'index.php?option=com_banners&view=clients', 'component', 1, 2, 2, 4, 0, '0000-00-00 00:00:00', 0, 0, 'class:banners-clients', 0, '', 6, 7, 0, '*', 1),
(6, 'main', 'com_banners_tracks', 'Tracks', '', 'Banners/Tracks', 'index.php?option=com_banners&view=tracks', 'component', 1, 2, 2, 4, 0, '0000-00-00 00:00:00', 0, 0, 'class:banners-tracks', 0, '', 8, 9, 0, '*', 1),
(7, 'main', 'com_contact', 'Contacts', '', 'Contacts', 'index.php?option=com_contact', 'component', 1, 1, 1, 8, 0, '0000-00-00 00:00:00', 0, 0, 'class:contact', 0, '', 27, 32, 0, '*', 1),
(8, 'main', 'com_contact_contacts', 'Contacts', '', 'Contacts/Contacts', 'index.php?option=com_contact', 'component', 1, 7, 2, 8, 0, '0000-00-00 00:00:00', 0, 0, 'class:contact', 0, '', 28, 29, 0, '*', 1),
(9, 'main', 'com_contact_categories', 'Categories', '', 'Contacts/Categories', 'index.php?option=com_categories&extension=com_contact', 'component', 1, 7, 2, 6, 0, '0000-00-00 00:00:00', 0, 0, 'class:contact-cat', 0, '', 30, 31, 0, '*', 1),
(10, 'main', 'com_messages', 'Messaging', '', 'Messaging', 'index.php?option=com_messages', 'component', 1, 1, 1, 15, 0, '0000-00-00 00:00:00', 0, 0, 'class:messages', 0, '', 33, 36, 0, '*', 1),
(11, 'main', 'com_messages_add', 'New Private Message', '', 'Messaging/New Private Message', 'index.php?option=com_messages&task=message.add', 'component', 1, 10, 2, 15, 0, '0000-00-00 00:00:00', 0, 0, 'class:messages-add', 0, '', 34, 35, 0, '*', 1),
(13, 'main', 'com_newsfeeds', 'News Feeds', '', 'News Feeds', 'index.php?option=com_newsfeeds', 'component', 1, 1, 1, 17, 0, '0000-00-00 00:00:00', 0, 0, 'class:newsfeeds', 0, '', 37, 42, 0, '*', 1),
(14, 'main', 'com_newsfeeds_feeds', 'Feeds', '', 'News Feeds/Feeds', 'index.php?option=com_newsfeeds', 'component', 1, 13, 2, 17, 0, '0000-00-00 00:00:00', 0, 0, 'class:newsfeeds', 0, '', 38, 39, 0, '*', 1),
(15, 'main', 'com_newsfeeds_categories', 'Categories', '', 'News Feeds/Categories', 'index.php?option=com_categories&extension=com_newsfeeds', 'component', 1, 13, 2, 6, 0, '0000-00-00 00:00:00', 0, 0, 'class:newsfeeds-cat', 0, '', 40, 41, 0, '*', 1),
(16, 'main', 'com_redirect', 'Redirect', '', 'Redirect', 'index.php?option=com_redirect', 'component', 1, 1, 1, 24, 0, '0000-00-00 00:00:00', 0, 0, 'class:redirect', 0, '', 43, 44, 0, '*', 1),
(17, 'main', 'com_search', 'Basic Search', '', 'Basic Search', 'index.php?option=com_search', 'component', 1, 1, 1, 19, 0, '0000-00-00 00:00:00', 0, 0, 'class:search', 0, '', 45, 46, 0, '*', 1),
(18, 'main', 'com_finder', 'Smart Search', '', 'Smart Search', 'index.php?option=com_finder', 'component', 1, 1, 1, 27, 0, '0000-00-00 00:00:00', 0, 0, 'class:finder', 0, '', 47, 48, 0, '*', 1),
(19, 'main', 'com_joomlaupdate', 'Joomla! Update', '', 'Joomla! Update', 'index.php?option=com_joomlaupdate', 'component', 1, 1, 1, 28, 0, '0000-00-00 00:00:00', 0, 0, 'class:joomlaupdate', 0, '', 49, 50, 0, '*', 1),
(20, 'main', 'com_tags', 'Tags', '', 'Tags', 'index.php?option=com_tags', 'component', 1, 1, 1, 29, 0, '0000-00-00 00:00:00', 0, 1, 'class:tags', 0, '', 51, 52, 0, '', 1),
(21, 'main', 'com_postinstall', 'Post-installation messages', '', 'Post-installation messages', 'index.php?option=com_postinstall', 'component', 1, 1, 1, 32, 0, '0000-00-00 00:00:00', 0, 1, 'class:postinstall', 0, '', 53, 54, 0, '*', 1),
(22, 'main', 'com_associations', 'Multilingual Associations', '', 'Multilingual Associations', 'index.php?option=com_associations', 'component', 1, 1, 1, 34, 0, '0000-00-00 00:00:00', 0, 0, 'class:associations', 0, '', 55, 56, 0, '*', 1),
(101, 'mainmenu', 'Home', 'home', '', 'home', 'index.php?option=com_content&view=featured', 'component', 0, 1, 1, 22, 0, '0000-00-00 00:00:00', 0, 1, '', 0, '{\"featured_categories\":[\"\"],\"layout_type\":\"blog\",\"num_leading_articles\":\"1\",\"num_intro_articles\":\"3\",\"num_columns\":\"3\",\"num_links\":\"0\",\"multi_column_order\":\"1\",\"orderby_pri\":\"\",\"orderby_sec\":\"front\",\"order_date\":\"\",\"show_pagination\":\"2\",\"show_pagination_results\":\"1\",\"show_title\":\"\",\"link_titles\":\"\",\"show_intro\":\"\",\"info_block_position\":\"\",\"show_category\":\"\",\"link_category\":\"\",\"show_parent_category\":\"\",\"link_parent_category\":\"\",\"show_author\":\"\",\"link_author\":\"\",\"show_create_date\":\"\",\"show_modify_date\":\"\",\"show_publish_date\":\"\",\"show_item_navigation\":\"\",\"show_vote\":\"\",\"show_readmore\":\"\",\"show_readmore_title\":\"\",\"show_icons\":\"\",\"show_print_icon\":\"\",\"show_email_icon\":\"\",\"show_hits\":\"\",\"show_noauth\":\"\",\"show_feed_link\":\"1\",\"feed_summary\":\"\",\"menu-anchor_title\":\"\",\"menu-anchor_css\":\"\",\"menu_image\":\"\",\"menu_text\":1,\"page_title\":\"\",\"show_page_heading\":1,\"page_heading\":\"\",\"pageclass_sfx\":\"\",\"menu-meta_description\":\"\",\"menu-meta_keywords\":\"\",\"robots\":\"\",\"secure\":0}', 11, 12, 0, '*', 0),
(102, 'mainmenu', 'Bienvenue', 'bienvenue', '', 'bienvenue', 'index.php?option=com_content&view=article&id=1', 'component', 1, 1, 1, 22, 0, '0000-00-00 00:00:00', 0, 1, ' ', 0, '{\"show_title\":\"\",\"link_titles\":\"\",\"show_intro\":\"\",\"info_block_position\":\"\",\"info_block_show_title\":\"\",\"show_category\":\"\",\"link_category\":\"\",\"show_parent_category\":\"\",\"link_parent_category\":\"\",\"show_associations\":\"\",\"show_author\":\"\",\"link_author\":\"\",\"show_create_date\":\"\",\"show_modify_date\":\"\",\"show_publish_date\":\"\",\"show_item_navigation\":\"\",\"show_vote\":\"\",\"show_icons\":\"\",\"show_print_icon\":\"\",\"show_email_icon\":\"\",\"show_hits\":\"\",\"show_tags\":\"\",\"show_noauth\":\"\",\"urls_position\":\"\",\"menu-anchor_title\":\"\",\"menu-anchor_css\":\"\",\"menu_image\":\"\",\"menu_image_css\":\"\",\"menu_text\":1,\"menu_show\":1,\"page_title\":\"\",\"show_page_heading\":\"\",\"page_heading\":\"\",\"pageclass_sfx\":\"\",\"menu-meta_description\":\"\",\"menu-meta_keywords\":\"\",\"robots\":\"\",\"secure\":0}', 13, 14, 1, '*', 0),
(103, 'mainmenu', 'Discussions', 'discussions', '', 'discussions', 'index.php?option=com_footregion&view=discussions', 'component', 1, 1, 1, 818, 0, '0000-00-00 00:00:00', 0, 2, ' ', 0, '{\"menu-anchor_title\":\"\",\"menu-anchor_css\":\"\",\"menu_image\":\"\",\"menu_image_css\":\"\",\"menu_text\":1,\"menu_show\":1,\"page_title\":\"\",\"show_page_heading\":\"\",\"page_heading\":\"\",\"pageclass_sfx\":\"\",\"menu-meta_description\":\"\",\"menu-meta_keywords\":\"\",\"robots\":\"\",\"secure\":0}', 23, 24, 0, '*', 0),
(104, 'mainmenu', 'Tournois', 'tournois', '', 'tournois', 'index.php?option=com_footregion&view=tournois', 'component', 1, 1, 1, 818, 0, '0000-00-00 00:00:00', 0, 1, ' ', 0, '{\"menu-anchor_title\":\"\",\"menu-anchor_css\":\"\",\"menu_image\":\"\",\"menu_image_css\":\"\",\"menu_text\":1,\"menu_show\":1,\"page_title\":\"\",\"show_page_heading\":\"\",\"page_heading\":\"\",\"pageclass_sfx\":\"\",\"menu-meta_description\":\"\",\"menu-meta_keywords\":\"\",\"robots\":\"\",\"secure\":0}', 17, 18, 0, '*', 0),
(105, 'mainmenu', 'FFF', 'fff', '', 'fff', 'index.php?option=com_content&view=article&id=2', 'component', 1, 1, 1, 22, 0, '0000-00-00 00:00:00', 0, 1, ' ', 0, '{\"show_title\":\"\",\"link_titles\":\"\",\"show_intro\":\"\",\"info_block_position\":\"\",\"info_block_show_title\":\"\",\"show_category\":\"\",\"link_category\":\"\",\"show_parent_category\":\"\",\"link_parent_category\":\"\",\"show_associations\":\"\",\"show_author\":\"\",\"link_author\":\"\",\"show_create_date\":\"\",\"show_modify_date\":\"\",\"show_publish_date\":\"\",\"show_item_navigation\":\"\",\"show_vote\":\"\",\"show_icons\":\"\",\"show_print_icon\":\"\",\"show_email_icon\":\"\",\"show_hits\":\"\",\"show_tags\":\"\",\"show_noauth\":\"\",\"urls_position\":\"\",\"menu-anchor_title\":\"\",\"menu-anchor_css\":\"\",\"menu_image\":\"\",\"menu_image_css\":\"\",\"menu_text\":1,\"menu_show\":1,\"page_title\":\"\",\"show_page_heading\":\"\",\"page_heading\":\"\",\"pageclass_sfx\":\"\",\"menu-meta_description\":\"\",\"menu-meta_keywords\":\"\",\"robots\":\"\",\"secure\":0}', 19, 20, 0, '*', 0),
(106, 'mainmenu', 'Contact', 'contact', '', 'contact', 'index.php?option=com_contact&view=contact&id=1', 'component', 1, 1, 1, 8, 0, '0000-00-00 00:00:00', 0, 1, ' ', 0, '{\"presentation_style\":\"\",\"show_contact_category\":\"\",\"show_contact_list\":\"\",\"show_tags\":\"\",\"show_info\":\"\",\"show_name\":\"\",\"show_position\":\"\",\"show_email\":\"\",\"add_mailto_link\":\"\",\"show_street_address\":\"\",\"show_suburb\":\"\",\"show_state\":\"\",\"show_postcode\":\"\",\"show_country\":\"\",\"show_telephone\":\"\",\"show_mobile\":\"\",\"show_fax\":\"\",\"show_webpage\":\"\",\"show_image\":\"\",\"allow_vcard\":\"\",\"show_misc\":\"\",\"show_articles\":\"\",\"articles_display_num\":\"\",\"show_links\":\"\",\"linka_name\":\"\",\"linkb_name\":\"\",\"linkc_name\":\"\",\"linkd_name\":\"\",\"linke_name\":\"\",\"show_email_form\":\"\",\"show_email_copy\":\"\",\"banned_email\":\"\",\"banned_subject\":\"\",\"banned_text\":\"\",\"validate_session\":\"\",\"custom_reply\":\"\",\"redirect\":\"\",\"menu-anchor_title\":\"\",\"menu-anchor_css\":\"\",\"menu_image\":\"\",\"menu_image_css\":\"\",\"menu_text\":1,\"menu_show\":1,\"page_title\":\"\",\"show_page_heading\":\"\",\"page_heading\":\"\",\"pageclass_sfx\":\"\",\"menu-meta_description\":\"\",\"menu-meta_keywords\":\"\",\"robots\":\"\",\"secure\":0}', 21, 22, 0, '*', 0),
(125, 'main', 'com_annuaire', 'com-annuaire', '', 'com-annuaire', 'index.php?option=com_annuaire', 'component', 1, 1, 1, 817, 0, '0000-00-00 00:00:00', 0, 1, 'class:component', 0, '{}', 57, 62, 0, '', 1),
(126, 'main', 'com_annuaire_entreprises', 'com-annuaire-entreprises', '', 'com-annuaire/com-annuaire-entreprises', 'index.php?option=com_annuaire&view=entreprises', 'component', 1, 125, 2, 817, 0, '0000-00-00 00:00:00', 0, 1, 'class:component', 0, '{}', 58, 59, 0, '', 1),
(127, 'main', 'com_annuaire_contacts', 'com-annuaire-contacts', '', 'com-annuaire/com-annuaire-contacts', 'index.php?option=com_annuaire&view=contacts', 'component', 1, 125, 2, 817, 0, '0000-00-00 00:00:00', 0, 1, 'class:component', 0, '{}', 60, 61, 0, '', 1),
(128, 'annuaire', 'Contacts', 'contacts', '', 'contacts', 'index.php?option=com_annuaire&view=contacts', 'component', 1, 1, 1, 817, 0, '0000-00-00 00:00:00', 0, 7, ' ', 0, '{\"menu-anchor_title\":\"\",\"menu-anchor_css\":\"\",\"menu_image\":\"\",\"menu_image_css\":\"\",\"menu_text\":1,\"menu_show\":1,\"page_title\":\"\",\"show_page_heading\":\"\",\"page_heading\":\"\",\"pageclass_sfx\":\"\",\"menu-meta_description\":\"\",\"menu-meta_keywords\":\"\",\"robots\":\"\",\"secure\":0}', 63, 64, 0, '*', 0),
(129, 'annuaire', 'Entreprises', 'entreprises', '', 'entreprises', 'index.php?option=com_annuaire&view=entreprises', 'component', 1, 1, 1, 817, 0, '0000-00-00 00:00:00', 0, 7, ' ', 0, '{\"menu-anchor_title\":\"\",\"menu-anchor_css\":\"\",\"menu_image\":\"\",\"menu_image_css\":\"\",\"menu_text\":1,\"menu_show\":1,\"page_title\":\"\",\"show_page_heading\":\"\",\"page_heading\":\"\",\"pageclass_sfx\":\"\",\"menu-meta_description\":\"\",\"menu-meta_keywords\":\"\",\"robots\":\"\",\"secure\":0}', 65, 66, 0, '*', 0),
(130, 'main', 'com_footregion', 'com-footregion', '', 'com-footregion', 'index.php?option=com_footregion', 'component', 1, 1, 1, 818, 0, '0000-00-00 00:00:00', 0, 1, 'class:component', 0, '{}', 67, 98, 0, '', 1),
(131, 'main', 'com_footregion_arbitres', 'com-footregion-arbitres', '', 'com-footregion/com-footregion-arbitres', 'index.php?option=com_footregion&view=arbitres', 'component', 1, 130, 2, 818, 0, '0000-00-00 00:00:00', 0, 1, 'class:component', 0, '{}', 68, 69, 0, '', 1),
(132, 'main', 'com_footregion_categories', 'com-footregion-categories', '', 'com-footregion/com-footregion-categories', 'index.php?option=com_footregion&view=categories', 'component', 1, 130, 2, 818, 0, '0000-00-00 00:00:00', 0, 1, 'class:component', 0, '{}', 70, 71, 0, '', 1),
(133, 'main', 'com_footregion_clubs', 'com-footregion-clubs', '', 'com-footregion/com-footregion-clubs', 'index.php?option=com_footregion&view=clubs', 'component', 1, 130, 2, 818, 0, '0000-00-00 00:00:00', 0, 1, 'class:component', 0, '{}', 72, 73, 0, '', 1),
(134, 'main', 'com_footregion_directeurs', 'com-footregion-directeurs', '', 'com-footregion/com-footregion-directeurs', 'index.php?option=com_footregion&view=directeurs', 'component', 1, 130, 2, 818, 0, '0000-00-00 00:00:00', 0, 1, 'class:component', 0, '{}', 74, 75, 0, '', 1),
(135, 'main', 'com_footregion_discussions', 'com-footregion-discussions', '', 'com-footregion/com-footregion-discussions', 'index.php?option=com_footregion&view=discussions', 'component', 1, 130, 2, 818, 0, '0000-00-00 00:00:00', 0, 1, 'class:component', 0, '{}', 76, 77, 0, '', 1),
(136, 'main', 'com_footregion_entraineurs', 'com-footregion-entraineurs', '', 'com-footregion/com-footregion-entraineurs', 'index.php?option=com_footregion&view=entraineurs', 'component', 1, 130, 2, 818, 0, '0000-00-00 00:00:00', 0, 1, 'class:component', 0, '{}', 78, 79, 0, '', 1),
(137, 'main', 'com_footregion_equipes', 'com-footregion-equipes', '', 'com-footregion/com-footregion-equipes', 'index.php?option=com_footregion&view=equipes', 'component', 1, 130, 2, 818, 0, '0000-00-00 00:00:00', 0, 1, 'class:component', 0, '{}', 80, 81, 0, '', 1),
(138, 'main', 'com_footregion_joueurs', 'com-footregion-joueurs', '', 'com-footregion/com-footregion-joueurs', 'index.php?option=com_footregion&view=joueurs', 'component', 1, 130, 2, 818, 0, '0000-00-00 00:00:00', 0, 1, 'class:component', 0, '{}', 82, 83, 0, '', 1),
(139, 'main', 'com_footregion_matchs', 'com-footregion-matchs', '', 'com-footregion/com-footregion-matchs', 'index.php?option=com_footregion&view=matchs', 'component', 1, 130, 2, 818, 0, '0000-00-00 00:00:00', 0, 1, 'class:component', 0, '{}', 84, 85, 0, '', 1),
(140, 'main', 'com_footregion_matchs_arbitres', 'com-footregion-matchs-arbitres', '', 'com-footregion/com-footregion-matchs-arbitres', 'index.php?option=com_footregion&view=matchs_arbitres', 'component', 1, 130, 2, 818, 0, '0000-00-00 00:00:00', 0, 1, 'class:component', 0, '{}', 86, 87, 0, '', 1),
(141, 'main', 'com_footregion_messages', 'com-footregion-messages', '', 'com-footregion/com-footregion-messages', 'index.php?option=com_footregion&view=messages', 'component', 1, 130, 2, 818, 0, '0000-00-00 00:00:00', 0, 1, 'class:component', 0, '{}', 88, 89, 0, '', 1),
(142, 'main', 'com_footregion_signalements', 'com-footregion-signalements', '', 'com-footregion/com-footregion-signalements', 'index.php?option=com_footregion&view=signalements', 'component', 1, 130, 2, 818, 0, '0000-00-00 00:00:00', 0, 1, 'class:component', 0, '{}', 90, 91, 0, '', 1),
(143, 'main', 'com_footregion_statuts', 'com-footregion-statuts', '', 'com-footregion/com-footregion-statuts', 'index.php?option=com_footregion&view=statuts', 'component', 1, 130, 2, 818, 0, '0000-00-00 00:00:00', 0, 1, 'class:component', 0, '{}', 92, 93, 0, '', 1),
(144, 'main', 'com_footregion_tournois', 'com-footregion-tournois', '', 'com-footregion/com-footregion-tournois', 'index.php?option=com_footregion&view=tournois', 'component', 1, 130, 2, 818, 0, '0000-00-00 00:00:00', 0, 1, 'class:component', 0, '{}', 94, 95, 0, '', 1),
(145, 'main', 'com_footregion_utilisateurs', 'com-footregion-utilisateurs', '', 'com-footregion/com-footregion-utilisateurs', 'index.php?option=com_footregion&view=utilisateurs', 'component', 1, 130, 2, 818, 0, '0000-00-00 00:00:00', 0, 1, 'class:component', 0, '{}', 96, 97, 0, '', 1),
(146, 'mainmenu', 'Matchs', 'matchs', '', 'matchs', 'index.php?option=com_footregion&view=matchs', 'component', 1, 1, 1, 818, 0, '0000-00-00 00:00:00', 0, 1, ' ', 0, '{\"menu-anchor_title\":\"\",\"menu-anchor_css\":\"\",\"menu_image\":\"\",\"menu_image_css\":\"\",\"menu_text\":1,\"menu_show\":1,\"page_title\":\"\",\"show_page_heading\":\"\",\"page_heading\":\"\",\"pageclass_sfx\":\"\",\"menu-meta_description\":\"\",\"menu-meta_keywords\":\"\",\"robots\":\"\",\"secure\":0}', 15, 16, 0, '*', 0),
(147, 'mainmenu', 'Mon profil', 'mon-profil', '', 'mon-profil', 'index.php?option=com_footregion&view=utilisateur&id=1', 'component', 1, 1, 1, 818, 0, '0000-00-00 00:00:00', 0, 2, ' ', 0, '{\"menu-anchor_title\":\"\",\"menu-anchor_css\":\"\",\"menu_image\":\"\",\"menu_image_css\":\"\",\"menu_text\":1,\"menu_show\":1,\"page_title\":\"\",\"show_page_heading\":\"\",\"page_heading\":\"\",\"pageclass_sfx\":\"\",\"menu-meta_description\":\"\",\"menu-meta_keywords\":\"\",\"robots\":\"\",\"secure\":0}', 25, 26, 0, '*', 0),
(148, 'menu-fr-directeur', 'Mes clubs', 'mes-clubs-directeur', '', 'mes-clubs-directeur', 'index.php?option=com_footregion&view=clubsDir', 'component', 1, 1, 1, 818, 0, '0000-00-00 00:00:00', 0, 1, ' ', 0, '{\"menu-anchor_title\":\"\",\"menu-anchor_css\":\"\",\"menu_image\":\"\",\"menu_image_css\":\"\",\"menu_text\":1,\"menu_show\":1,\"page_title\":\"\",\"show_page_heading\":\"\",\"page_heading\":\"\",\"pageclass_sfx\":\"\",\"menu-meta_description\":\"\",\"menu-meta_keywords\":\"\",\"robots\":\"\",\"secure\":0}', 99, 100, 0, '*', 0),
(149, 'menu-fr-directeur', 'Clubs', 'clubs-directeur', '', 'clubs-directeur', 'index.php?option=com_footregion&view=clubs', 'component', 1, 1, 1, 818, 0, '0000-00-00 00:00:00', 0, 1, ' ', 0, '{\"menu-anchor_title\":\"\",\"menu-anchor_css\":\"\",\"menu_image\":\"\",\"menu_image_css\":\"\",\"menu_text\":1,\"menu_show\":1,\"page_title\":\"\",\"show_page_heading\":\"\",\"page_heading\":\"\",\"pageclass_sfx\":\"\",\"menu-meta_description\":\"\",\"menu-meta_keywords\":\"\",\"robots\":\"\",\"secure\":0}', 101, 102, 0, '*', 0),
(150, 'menu-fr-directeur', 'Equipes', 'equipes-directeur', '', 'equipes-directeur', 'index.php?option=com_footregion&view=equipes', 'component', 1, 1, 1, 818, 0, '0000-00-00 00:00:00', 0, 1, ' ', 0, '{\"menu-anchor_title\":\"\",\"menu-anchor_css\":\"\",\"menu_image\":\"\",\"menu_image_css\":\"\",\"menu_text\":1,\"menu_show\":1,\"page_title\":\"\",\"show_page_heading\":\"\",\"page_heading\":\"\",\"pageclass_sfx\":\"\",\"menu-meta_description\":\"\",\"menu-meta_keywords\":\"\",\"robots\":\"\",\"secure\":0}', 103, 104, 0, '*', 0),
(151, 'menu-fr-directeur', 'Joueurs', 'joueurs-directeur', '', 'joueurs-directeur', 'index.php?option=com_footregion&view=joueurs', 'component', 1, 1, 1, 818, 0, '0000-00-00 00:00:00', 0, 1, ' ', 0, '{\"menu-anchor_title\":\"\",\"menu-anchor_css\":\"\",\"menu_image\":\"\",\"menu_image_css\":\"\",\"menu_text\":1,\"menu_show\":1,\"page_title\":\"\",\"show_page_heading\":\"\",\"page_heading\":\"\",\"pageclass_sfx\":\"\",\"menu-meta_description\":\"\",\"menu-meta_keywords\":\"\",\"robots\":\"\",\"secure\":0}', 105, 106, 0, '*', 0),
(152, 'menu-fr-directeur', 'Entraîneurs', 'entraineurs-drecteur', '', 'entraineurs-drecteur', 'index.php?option=com_footregion&view=entraineurs', 'component', 1, 1, 1, 818, 0, '0000-00-00 00:00:00', 0, 1, ' ', 0, '{\"menu-anchor_title\":\"\",\"menu-anchor_css\":\"\",\"menu_image\":\"\",\"menu_image_css\":\"\",\"menu_text\":1,\"menu_show\":1,\"page_title\":\"\",\"show_page_heading\":\"\",\"page_heading\":\"\",\"pageclass_sfx\":\"\",\"menu-meta_description\":\"\",\"menu-meta_keywords\":\"\",\"robots\":\"\",\"secure\":0}', 107, 108, 0, '*', 0),
(153, 'menu-fr-entraineur', 'Mon club', 'mon-club-entraineur', '', 'mon-club-entraineur', 'index.php?option=com_footregion&view=club&id=1', 'component', 1, 1, 1, 818, 0, '0000-00-00 00:00:00', 0, 1, ' ', 0, '{\"menu-anchor_title\":\"\",\"menu-anchor_css\":\"\",\"menu_image\":\"\",\"menu_image_css\":\"\",\"menu_text\":1,\"menu_show\":1,\"page_title\":\"\",\"show_page_heading\":\"\",\"page_heading\":\"\",\"pageclass_sfx\":\"\",\"menu-meta_description\":\"\",\"menu-meta_keywords\":\"\",\"robots\":\"\",\"secure\":0}', 109, 110, 0, '*', 0),
(154, 'menu-fr-entraineur', 'Clubs', 'clubs-entraineur', '', 'clubs-entraineur', 'index.php?option=com_footregion&view=clubs', 'component', 1, 1, 1, 818, 0, '0000-00-00 00:00:00', 0, 1, ' ', 0, '{\"menu-anchor_title\":\"\",\"menu-anchor_css\":\"\",\"menu_image\":\"\",\"menu_image_css\":\"\",\"menu_text\":1,\"menu_show\":1,\"page_title\":\"\",\"show_page_heading\":\"\",\"page_heading\":\"\",\"pageclass_sfx\":\"\",\"menu-meta_description\":\"\",\"menu-meta_keywords\":\"\",\"robots\":\"\",\"secure\":0}', 111, 112, 0, '*', 0),
(155, 'menu-fr-entraineur', 'Equipes', 'equipes-entraineur', '', 'equipes-entraineur', 'index.php?option=com_footregion&view=equipes', 'component', 1, 1, 1, 818, 0, '0000-00-00 00:00:00', 0, 1, ' ', 0, '{\"menu-anchor_title\":\"\",\"menu-anchor_css\":\"\",\"menu_image\":\"\",\"menu_image_css\":\"\",\"menu_text\":1,\"menu_show\":1,\"page_title\":\"\",\"show_page_heading\":\"\",\"page_heading\":\"\",\"pageclass_sfx\":\"\",\"menu-meta_description\":\"\",\"menu-meta_keywords\":\"\",\"robots\":\"\",\"secure\":0}', 113, 114, 0, '*', 0),
(156, 'menu-fr-entraineur', 'Joueurs', 'joueurs-entraineur', '', 'joueurs-entraineur', 'index.php?option=com_footregion&view=joueurs', 'component', 1, 1, 1, 818, 0, '0000-00-00 00:00:00', 0, 1, ' ', 0, '{\"menu-anchor_title\":\"\",\"menu-anchor_css\":\"\",\"menu_image\":\"\",\"menu_image_css\":\"\",\"menu_text\":1,\"menu_show\":1,\"page_title\":\"\",\"show_page_heading\":\"\",\"page_heading\":\"\",\"pageclass_sfx\":\"\",\"menu-meta_description\":\"\",\"menu-meta_keywords\":\"\",\"robots\":\"\",\"secure\":0}', 115, 116, 0, '*', 0),
(157, 'menu-fr-entraineur', 'Entraîneurs', 'entraineurs-entraineur', '', 'entraineurs-entraineur', 'index.php?option=com_footregion&view=entraineurs', 'component', 1, 1, 1, 818, 0, '0000-00-00 00:00:00', 0, 1, ' ', 0, '{\"menu-anchor_title\":\"\",\"menu-anchor_css\":\"\",\"menu_image\":\"\",\"menu_image_css\":\"\",\"menu_text\":1,\"menu_show\":1,\"page_title\":\"\",\"show_page_heading\":\"\",\"page_heading\":\"\",\"pageclass_sfx\":\"\",\"menu-meta_description\":\"\",\"menu-meta_keywords\":\"\",\"robots\":\"\",\"secure\":0}', 117, 118, 0, '*', 0),
(158, 'menu-fr-joueur', 'Mon club', 'mon-club-joueur', '', 'mon-club-joueur', 'index.php?option=com_footregion&view=club&id=1', 'component', 1, 1, 1, 818, 0, '0000-00-00 00:00:00', 0, 1, ' ', 0, '{\"menu-anchor_title\":\"\",\"menu-anchor_css\":\"\",\"menu_image\":\"\",\"menu_image_css\":\"\",\"menu_text\":1,\"menu_show\":1,\"page_title\":\"\",\"show_page_heading\":\"\",\"page_heading\":\"\",\"pageclass_sfx\":\"\",\"menu-meta_description\":\"\",\"menu-meta_keywords\":\"\",\"robots\":\"\",\"secure\":0}', 119, 120, 0, '*', 0),
(159, 'menu-fr-joueur', 'Clubs', 'clubs-joueur', '', 'clubs-joueur', 'index.php?option=com_footregion&view=clubs', 'component', 1, 1, 1, 818, 0, '0000-00-00 00:00:00', 0, 1, ' ', 0, '{\"menu-anchor_title\":\"\",\"menu-anchor_css\":\"\",\"menu_image\":\"\",\"menu_image_css\":\"\",\"menu_text\":1,\"menu_show\":1,\"page_title\":\"\",\"show_page_heading\":\"\",\"page_heading\":\"\",\"pageclass_sfx\":\"\",\"menu-meta_description\":\"\",\"menu-meta_keywords\":\"\",\"robots\":\"\",\"secure\":0}', 121, 122, 0, '*', 0),
(160, 'menu-fr-joueur', 'Equipes', 'equipes-joueur', '', 'equipes-joueur', 'index.php?option=com_footregion&view=equipes', 'component', 1, 1, 1, 818, 0, '0000-00-00 00:00:00', 0, 1, ' ', 0, '{\"menu-anchor_title\":\"\",\"menu-anchor_css\":\"\",\"menu_image\":\"\",\"menu_image_css\":\"\",\"menu_text\":1,\"menu_show\":1,\"page_title\":\"\",\"show_page_heading\":\"\",\"page_heading\":\"\",\"pageclass_sfx\":\"\",\"menu-meta_description\":\"\",\"menu-meta_keywords\":\"\",\"robots\":\"\",\"secure\":0}', 123, 124, 0, '*', 0),
(161, 'menu-fr-joueur', 'Joueurs', 'joueurs-joueur', '', 'joueurs-joueur', 'index.php?option=com_footregion&view=joueurs', 'component', 1, 1, 1, 818, 0, '0000-00-00 00:00:00', 0, 1, ' ', 0, '{\"menu-anchor_title\":\"\",\"menu-anchor_css\":\"\",\"menu_image\":\"\",\"menu_image_css\":\"\",\"menu_text\":1,\"menu_show\":1,\"page_title\":\"\",\"show_page_heading\":\"\",\"page_heading\":\"\",\"pageclass_sfx\":\"\",\"menu-meta_description\":\"\",\"menu-meta_keywords\":\"\",\"robots\":\"\",\"secure\":0}', 125, 126, 0, '*', 0),
(162, 'menu-fr-joueur', 'Entraîneurs', 'entraineurs-joueur', '', 'entraineurs-joueur', 'index.php?option=com_footregion&view=entraineurs', 'component', 1, 1, 1, 818, 0, '0000-00-00 00:00:00', 0, 1, ' ', 0, '{\"menu-anchor_title\":\"\",\"menu-anchor_css\":\"\",\"menu_image\":\"\",\"menu_image_css\":\"\",\"menu_text\":1,\"menu_show\":1,\"page_title\":\"\",\"show_page_heading\":\"\",\"page_heading\":\"\",\"pageclass_sfx\":\"\",\"menu-meta_description\":\"\",\"menu-meta_keywords\":\"\",\"robots\":\"\",\"secure\":0}', 127, 128, 0, '*', 0),
(163, 'menu-fr-arbitre', 'Arbitrages', 'arbitrages-arbitre', '', 'arbitrages-arbitre', 'index.php?option=com_footregion&view=arbitres', 'component', 1, 1, 1, 818, 0, '0000-00-00 00:00:00', 0, 1, ' ', 0, '{\"menu-anchor_title\":\"\",\"menu-anchor_css\":\"\",\"menu_image\":\"\",\"menu_image_css\":\"\",\"menu_text\":1,\"menu_show\":1,\"page_title\":\"\",\"show_page_heading\":\"\",\"page_heading\":\"\",\"pageclass_sfx\":\"\",\"menu-meta_description\":\"\",\"menu-meta_keywords\":\"\",\"robots\":\"\",\"secure\":0}', 129, 130, 0, '*', 0),
(164, 'menu-fr-arbitre', 'Signalements', 'signalements-arbitre', '', 'signalements-arbitre', 'index.php?option=com_footregion&view=signalements', 'component', 1, 1, 1, 818, 0, '0000-00-00 00:00:00', 0, 1, ' ', 0, '{\"menu-anchor_title\":\"\",\"menu-anchor_css\":\"\",\"menu_image\":\"\",\"menu_image_css\":\"\",\"menu_text\":1,\"menu_show\":1,\"page_title\":\"\",\"show_page_heading\":\"\",\"page_heading\":\"\",\"pageclass_sfx\":\"\",\"menu-meta_description\":\"\",\"menu-meta_keywords\":\"\",\"robots\":\"\",\"secure\":0}', 131, 132, 0, '*', 0);

-- --------------------------------------------------------

--
-- Structure de la table `footregion_menu_types`
--

CREATE TABLE `footregion_menu_types` (
  `id` int(10) UNSIGNED NOT NULL,
  `asset_id` int(10) UNSIGNED NOT NULL DEFAULT '0',
  `menutype` varchar(24) COLLATE utf8mb4_unicode_ci NOT NULL,
  `title` varchar(48) COLLATE utf8mb4_unicode_ci NOT NULL,
  `description` varchar(255) COLLATE utf8mb4_unicode_ci NOT NULL DEFAULT '',
  `client_id` int(11) NOT NULL DEFAULT '0'
) ENGINE=InnoDB DEFAULT CHARSET=utf8mb4 COLLATE=utf8mb4_unicode_ci;

--
-- Déchargement des données de la table `footregion_menu_types`
--

INSERT INTO `footregion_menu_types` (`id`, `asset_id`, `menutype`, `title`, `description`, `client_id`) VALUES
(1, 0, 'mainmenu', 'Menu principal', 'Le menu principal du site', 0),
(2, 77, 'annuaire', 'Annuaire', '', 0),
(3, 80, 'menu-fr-directeur', 'Menu directeur', '', 0),
(4, 82, 'menu-fr-entraineur', 'Menu entraîneur', '', 0),
(5, 83, 'menu-fr-joueur', 'Menu joueur', '', 0),
(6, 84, 'menu-fr-arbitre', 'Menu arbitre', '', 0);

-- --------------------------------------------------------

--
-- Structure de la table `footregion_messages`
--

CREATE TABLE `footregion_messages` (
  `message_id` int(10) UNSIGNED NOT NULL,
  `user_id_from` int(10) UNSIGNED NOT NULL DEFAULT '0',
  `user_id_to` int(10) UNSIGNED NOT NULL DEFAULT '0',
  `folder_id` tinyint(3) UNSIGNED NOT NULL DEFAULT '0',
  `date_time` datetime NOT NULL DEFAULT '0000-00-00 00:00:00',
  `state` tinyint(1) NOT NULL DEFAULT '0',
  `priority` tinyint(1) UNSIGNED NOT NULL DEFAULT '0',
  `subject` varchar(255) COLLATE utf8mb4_unicode_ci NOT NULL DEFAULT '',
  `message` text COLLATE utf8mb4_unicode_ci NOT NULL
) ENGINE=InnoDB DEFAULT CHARSET=utf8mb4 COLLATE=utf8mb4_unicode_ci;

-- --------------------------------------------------------

--
-- Structure de la table `footregion_messages_cfg`
--

CREATE TABLE `footregion_messages_cfg` (
  `user_id` int(10) UNSIGNED NOT NULL DEFAULT '0',
  `cfg_name` varchar(100) COLLATE utf8mb4_unicode_ci NOT NULL DEFAULT '',
  `cfg_value` varchar(255) COLLATE utf8mb4_unicode_ci NOT NULL DEFAULT ''
) ENGINE=InnoDB DEFAULT CHARSET=utf8mb4 COLLATE=utf8mb4_unicode_ci;

-- --------------------------------------------------------

--
-- Structure de la table `footregion_modules`
--

CREATE TABLE `footregion_modules` (
  `id` int(11) NOT NULL,
  `asset_id` int(10) UNSIGNED NOT NULL DEFAULT '0' COMMENT 'FK to the #__assets table.',
  `title` varchar(100) COLLATE utf8mb4_unicode_ci NOT NULL DEFAULT '',
  `note` varchar(255) COLLATE utf8mb4_unicode_ci NOT NULL DEFAULT '',
  `content` text COLLATE utf8mb4_unicode_ci NOT NULL,
  `ordering` int(11) NOT NULL DEFAULT '0',
  `position` varchar(50) COLLATE utf8mb4_unicode_ci NOT NULL DEFAULT '',
  `checked_out` int(10) UNSIGNED NOT NULL DEFAULT '0',
  `checked_out_time` datetime NOT NULL DEFAULT '0000-00-00 00:00:00',
  `publish_up` datetime NOT NULL DEFAULT '0000-00-00 00:00:00',
  `publish_down` datetime NOT NULL DEFAULT '0000-00-00 00:00:00',
  `published` tinyint(1) NOT NULL DEFAULT '0',
  `module` varchar(50) COLLATE utf8mb4_unicode_ci DEFAULT NULL,
  `access` int(10) UNSIGNED NOT NULL DEFAULT '0',
  `showtitle` tinyint(3) UNSIGNED NOT NULL DEFAULT '1',
  `params` text COLLATE utf8mb4_unicode_ci NOT NULL,
  `client_id` tinyint(4) NOT NULL DEFAULT '0',
  `language` char(7) COLLATE utf8mb4_unicode_ci NOT NULL
) ENGINE=InnoDB DEFAULT CHARSET=utf8mb4 COLLATE=utf8mb4_unicode_ci;

--
-- Déchargement des données de la table `footregion_modules`
--

INSERT INTO `footregion_modules` (`id`, `asset_id`, `title`, `note`, `content`, `ordering`, `position`, `checked_out`, `checked_out_time`, `publish_up`, `publish_down`, `published`, `module`, `access`, `showtitle`, `params`, `client_id`, `language`) VALUES
(1, 39, 'Menu principal', '', '', 1, 'position-1', 0, '0000-00-00 00:00:00', '0000-00-00 00:00:00', '0000-00-00 00:00:00', 1, 'mod_menu', 1, 1, '{\"menutype\":\"mainmenu\",\"base\":\"\",\"startLevel\":1,\"endLevel\":0,\"showAllChildren\":0,\"tag_id\":\"\",\"class_sfx\":\" nav-pills\",\"window_open\":\"\",\"layout\":\"_:default\",\"moduleclass_sfx\":\"_menu\",\"cache\":1,\"cache_time\":900,\"cachemode\":\"itemid\",\"module_tag\":\"div\",\"bootstrap_size\":\"0\",\"header_tag\":\"h3\",\"header_class\":\"\",\"style\":\"0\"}', 0, '*'),
(2, 40, 'Connexion', '', '', 1, 'login', 0, '0000-00-00 00:00:00', '0000-00-00 00:00:00', '0000-00-00 00:00:00', 1, 'mod_login', 1, 1, '', 1, '*'),
(3, 41, 'Articles populaires', '', '', 3, 'cpanel', 0, '0000-00-00 00:00:00', '0000-00-00 00:00:00', '0000-00-00 00:00:00', 1, 'mod_popular', 3, 1, '{\"count\":\"5\",\"catid\":\"\",\"user_id\":\"0\",\"layout\":\"_:default\",\"moduleclass_sfx\":\"\",\"cache\":\"0\",\"automatic_title\":\"1\"}', 1, '*'),
(4, 42, 'Articles les plus récents', '', '', 4, 'cpanel', 0, '0000-00-00 00:00:00', '0000-00-00 00:00:00', '0000-00-00 00:00:00', 1, 'mod_latest', 3, 1, '{\"count\":\"5\",\"ordering\":\"c_dsc\",\"catid\":\"\",\"user_id\":\"0\",\"layout\":\"_:default\",\"moduleclass_sfx\":\"\",\"cache\":\"0\",\"automatic_title\":\"1\"}', 1, '*'),
(8, 43, 'Barre d\'outils', '', '', 1, 'toolbar', 0, '0000-00-00 00:00:00', '0000-00-00 00:00:00', '0000-00-00 00:00:00', 1, 'mod_toolbar', 3, 1, '', 1, '*'),
(9, 44, 'Icônes de raccourcis', '', '', 1, 'icon', 0, '0000-00-00 00:00:00', '0000-00-00 00:00:00', '0000-00-00 00:00:00', 1, 'mod_quickicon', 3, 1, '', 1, '*'),
(10, 45, 'Utilisateurs connectés', '', '', 2, 'cpanel', 0, '0000-00-00 00:00:00', '0000-00-00 00:00:00', '0000-00-00 00:00:00', 1, 'mod_logged', 3, 1, '{\"count\":\"5\",\"name\":\"1\",\"layout\":\"_:default\",\"moduleclass_sfx\":\"\",\"cache\":\"0\",\"automatic_title\":\"1\"}', 1, '*'),
(12, 46, 'Menu principal', '', '', 1, 'menu', 0, '0000-00-00 00:00:00', '0000-00-00 00:00:00', '0000-00-00 00:00:00', 1, 'mod_menu', 3, 1, '{\"layout\":\"\",\"moduleclass_sfx\":\"\",\"shownew\":\"1\",\"showhelp\":\"1\",\"cache\":\"0\"}', 1, '*'),
(13, 47, 'Sous-menu', '', '', 1, 'submenu', 0, '0000-00-00 00:00:00', '0000-00-00 00:00:00', '0000-00-00 00:00:00', 1, 'mod_submenu', 3, 1, '', 1, '*'),
(14, 48, 'Statut utilisateur', '', '', 2, 'status', 0, '0000-00-00 00:00:00', '0000-00-00 00:00:00', '0000-00-00 00:00:00', 1, 'mod_status', 3, 1, '', 1, '*'),
(15, 49, 'Titre', '', '', 1, 'title', 0, '0000-00-00 00:00:00', '0000-00-00 00:00:00', '0000-00-00 00:00:00', 1, 'mod_title', 3, 1, '', 1, '*'),
(16, 50, 'Connexion', '', '', 7, 'position-7', 0, '0000-00-00 00:00:00', '0000-00-00 00:00:00', '0000-00-00 00:00:00', 1, 'mod_login', 1, 1, '{\"greeting\":\"1\",\"name\":\"0\"}', 0, '*'),
(17, 51, 'Fil de navigation', '', '', 1, 'position-2', 0, '0000-00-00 00:00:00', '0000-00-00 00:00:00', '0000-00-00 00:00:00', 0, 'mod_breadcrumbs', 1, 1, '{\"moduleclass_sfx\":\"\",\"showHome\":\"1\",\"homeText\":\"\",\"showComponent\":\"1\",\"separator\":\"\",\"cache\":\"1\",\"cache_time\":\"900\",\"cachemode\":\"itemid\"}', 0, '*'),
(79, 52, 'Statut multilangue', '', '', 1, 'status', 0, '0000-00-00 00:00:00', '0000-00-00 00:00:00', '0000-00-00 00:00:00', 0, 'mod_multilangstatus', 3, 1, '{\"layout\":\"_:default\",\"moduleclass_sfx\":\"\",\"cache\":\"0\"}', 1, '*'),
(86, 53, 'Version de Joomla', '', '', 1, 'footer', 0, '0000-00-00 00:00:00', '0000-00-00 00:00:00', '0000-00-00 00:00:00', 1, 'mod_version', 3, 1, '{\"format\":\"short\",\"product\":\"1\",\"layout\":\"_:default\",\"moduleclass_sfx\":\"\",\"cache\":\"0\"}', 1, '*'),
(87, 55, 'Exemples de données', '', '', 0, 'cpanel', 0, '0000-00-00 00:00:00', '0000-00-00 00:00:00', '0000-00-00 00:00:00', 1, 'mod_sampledata', 6, 1, '{}', 1, '*'),
(88, 78, 'Menu Annuaire', '', '', 1, 'position-7', 0, '0000-00-00 00:00:00', '0000-00-00 00:00:00', '0000-00-00 00:00:00', 1, 'mod_menu', 7, 1, '{\"menutype\":\"annuaire\",\"base\":\"\",\"startLevel\":1,\"endLevel\":0,\"showAllChildren\":1,\"tag_id\":\"\",\"class_sfx\":\"\",\"window_open\":\"\",\"layout\":\"_:default\",\"moduleclass_sfx\":\"\",\"cache\":1,\"cache_time\":900,\"cachemode\":\"itemid\",\"module_tag\":\"div\",\"bootstrap_size\":\"0\",\"header_tag\":\"h3\",\"header_class\":\"\",\"style\":\"0\"}', 0, '*'),
(89, 81, 'Espace directeur', '', '', 1, 'position-7', 0, '0000-00-00 00:00:00', '0000-00-00 00:00:00', '0000-00-00 00:00:00', 1, 'mod_menu', 9, 1, '{\"menutype\":\"menu-fr-directeur\",\"base\":\"\",\"startLevel\":1,\"endLevel\":0,\"showAllChildren\":1,\"tag_id\":\"\",\"class_sfx\":\"\",\"window_open\":\"\",\"layout\":\"_:default\",\"moduleclass_sfx\":\"\",\"cache\":1,\"cache_time\":900,\"cachemode\":\"itemid\",\"module_tag\":\"div\",\"bootstrap_size\":\"0\",\"header_tag\":\"h3\",\"header_class\":\"\",\"style\":\"0\"}', 0, '*'),
(90, 85, 'Espace entraîneur', '', '', 1, 'position-7', 0, '0000-00-00 00:00:00', '0000-00-00 00:00:00', '0000-00-00 00:00:00', 1, 'mod_menu', 10, 1, '{\"menutype\":\"menu-fr-entraineur\",\"base\":\"\",\"startLevel\":1,\"endLevel\":0,\"showAllChildren\":1,\"tag_id\":\"\",\"class_sfx\":\"\",\"window_open\":\"\",\"layout\":\"_:default\",\"moduleclass_sfx\":\"\",\"cache\":1,\"cache_time\":900,\"cachemode\":\"itemid\",\"module_tag\":\"div\",\"bootstrap_size\":\"0\",\"header_tag\":\"h3\",\"header_class\":\"\",\"style\":\"0\"}', 0, '*'),
(91, 86, 'Espace joueur', '', '', 1, 'position-7', 0, '0000-00-00 00:00:00', '0000-00-00 00:00:00', '0000-00-00 00:00:00', 1, 'mod_menu', 11, 1, '{\"menutype\":\"menu-fr-joueur\",\"base\":\"\",\"startLevel\":1,\"endLevel\":0,\"showAllChildren\":1,\"tag_id\":\"\",\"class_sfx\":\"\",\"window_open\":\"\",\"layout\":\"_:default\",\"moduleclass_sfx\":\"\",\"cache\":1,\"cache_time\":900,\"cachemode\":\"itemid\",\"module_tag\":\"div\",\"bootstrap_size\":\"0\",\"header_tag\":\"h3\",\"header_class\":\"\",\"style\":\"0\"}', 0, '*'),
(92, 87, 'Espace arbitre', '', '', 1, 'position-7', 0, '0000-00-00 00:00:00', '0000-00-00 00:00:00', '0000-00-00 00:00:00', 1, 'mod_menu', 8, 1, '{\"menutype\":\"menu-fr-arbitre\",\"base\":\"\",\"startLevel\":1,\"endLevel\":0,\"showAllChildren\":1,\"tag_id\":\"\",\"class_sfx\":\"\",\"window_open\":\"\",\"layout\":\"_:default\",\"moduleclass_sfx\":\"\",\"cache\":1,\"cache_time\":900,\"cachemode\":\"itemid\",\"module_tag\":\"div\",\"bootstrap_size\":\"0\",\"header_tag\":\"h3\",\"header_class\":\"\",\"style\":\"0\"}', 0, '*');

-- --------------------------------------------------------

--
-- Structure de la table `footregion_modules_menu`
--

CREATE TABLE `footregion_modules_menu` (
  `moduleid` int(11) NOT NULL DEFAULT '0',
  `menuid` int(11) NOT NULL DEFAULT '0'
) ENGINE=InnoDB DEFAULT CHARSET=utf8mb4 COLLATE=utf8mb4_unicode_ci;

--
-- Déchargement des données de la table `footregion_modules_menu`
--

INSERT INTO `footregion_modules_menu` (`moduleid`, `menuid`) VALUES
(1, 0),
(2, 0),
(3, 0),
(4, 0),
(6, 0),
(7, 0),
(8, 0),
(9, 0),
(10, 0),
(12, 0),
(13, 0),
(14, 0),
(15, 0),
(16, 0),
(17, 0),
(79, 0),
(86, 0),
(87, 0),
(88, 0),
(89, 0),
(90, 0),
(91, 0),
(92, 0);

-- --------------------------------------------------------

--
-- Structure de la table `footregion_newsfeeds`
--

CREATE TABLE `footregion_newsfeeds` (
  `catid` int(11) NOT NULL DEFAULT '0',
  `id` int(10) UNSIGNED NOT NULL,
  `name` varchar(100) COLLATE utf8mb4_unicode_ci NOT NULL DEFAULT '',
  `alias` varchar(400) CHARACTER SET utf8mb4 COLLATE utf8mb4_bin NOT NULL DEFAULT '',
  `link` varchar(2048) COLLATE utf8mb4_unicode_ci NOT NULL DEFAULT '',
  `published` tinyint(1) NOT NULL DEFAULT '0',
  `numarticles` int(10) UNSIGNED NOT NULL DEFAULT '1',
  `cache_time` int(10) UNSIGNED NOT NULL DEFAULT '3600',
  `checked_out` int(10) UNSIGNED NOT NULL DEFAULT '0',
  `checked_out_time` datetime NOT NULL DEFAULT '0000-00-00 00:00:00',
  `ordering` int(11) NOT NULL DEFAULT '0',
  `rtl` tinyint(4) NOT NULL DEFAULT '0',
  `access` int(10) UNSIGNED NOT NULL DEFAULT '0',
  `language` char(7) COLLATE utf8mb4_unicode_ci NOT NULL DEFAULT '',
  `params` text COLLATE utf8mb4_unicode_ci NOT NULL,
  `created` datetime NOT NULL DEFAULT '0000-00-00 00:00:00',
  `created_by` int(10) UNSIGNED NOT NULL DEFAULT '0',
  `created_by_alias` varchar(255) COLLATE utf8mb4_unicode_ci NOT NULL DEFAULT '',
  `modified` datetime NOT NULL DEFAULT '0000-00-00 00:00:00',
  `modified_by` int(10) UNSIGNED NOT NULL DEFAULT '0',
  `metakey` text COLLATE utf8mb4_unicode_ci NOT NULL,
  `metadesc` text COLLATE utf8mb4_unicode_ci NOT NULL,
  `metadata` text COLLATE utf8mb4_unicode_ci NOT NULL,
  `xreference` varchar(50) COLLATE utf8mb4_unicode_ci NOT NULL DEFAULT '' COMMENT 'A reference to enable linkages to external data sets.',
  `publish_up` datetime NOT NULL DEFAULT '0000-00-00 00:00:00',
  `publish_down` datetime NOT NULL DEFAULT '0000-00-00 00:00:00',
  `description` text COLLATE utf8mb4_unicode_ci NOT NULL,
  `version` int(10) UNSIGNED NOT NULL DEFAULT '1',
  `hits` int(10) UNSIGNED NOT NULL DEFAULT '0',
  `images` text COLLATE utf8mb4_unicode_ci NOT NULL
) ENGINE=InnoDB DEFAULT CHARSET=utf8mb4 COLLATE=utf8mb4_unicode_ci;

-- --------------------------------------------------------

--
-- Structure de la table `footregion_overrider`
--

CREATE TABLE `footregion_overrider` (
  `id` int(10) NOT NULL COMMENT 'Primary Key',
  `constant` varchar(255) COLLATE utf8mb4_unicode_ci NOT NULL,
  `string` text COLLATE utf8mb4_unicode_ci NOT NULL,
  `file` varchar(255) COLLATE utf8mb4_unicode_ci NOT NULL
) ENGINE=InnoDB DEFAULT CHARSET=utf8mb4 COLLATE=utf8mb4_unicode_ci;

-- --------------------------------------------------------

--
-- Structure de la table `footregion_postinstall_messages`
--

CREATE TABLE `footregion_postinstall_messages` (
  `postinstall_message_id` bigint(20) UNSIGNED NOT NULL,
  `extension_id` bigint(20) NOT NULL DEFAULT '700' COMMENT 'FK to #__extensions',
  `title_key` varchar(255) COLLATE utf8mb4_unicode_ci NOT NULL DEFAULT '' COMMENT 'Lang key for the title',
  `description_key` varchar(255) COLLATE utf8mb4_unicode_ci NOT NULL DEFAULT '' COMMENT 'Lang key for description',
  `action_key` varchar(255) COLLATE utf8mb4_unicode_ci NOT NULL DEFAULT '',
  `language_extension` varchar(255) COLLATE utf8mb4_unicode_ci NOT NULL DEFAULT 'com_postinstall' COMMENT 'Extension holding lang keys',
  `language_client_id` tinyint(3) NOT NULL DEFAULT '1',
  `type` varchar(10) COLLATE utf8mb4_unicode_ci NOT NULL DEFAULT 'link' COMMENT 'Message type - message, link, action',
  `action_file` varchar(255) COLLATE utf8mb4_unicode_ci DEFAULT '' COMMENT 'RAD URI to the PHP file containing action method',
  `action` varchar(255) COLLATE utf8mb4_unicode_ci DEFAULT '' COMMENT 'Action method name or URL',
  `condition_file` varchar(255) COLLATE utf8mb4_unicode_ci DEFAULT NULL COMMENT 'RAD URI to file holding display condition method',
  `condition_method` varchar(255) COLLATE utf8mb4_unicode_ci DEFAULT NULL COMMENT 'Display condition method, must return boolean',
  `version_introduced` varchar(50) COLLATE utf8mb4_unicode_ci NOT NULL DEFAULT '3.2.0' COMMENT 'Version when this message was introduced',
  `enabled` tinyint(3) NOT NULL DEFAULT '1'
) ENGINE=InnoDB DEFAULT CHARSET=utf8mb4 COLLATE=utf8mb4_unicode_ci;

--
-- Déchargement des données de la table `footregion_postinstall_messages`
--

INSERT INTO `footregion_postinstall_messages` (`postinstall_message_id`, `extension_id`, `title_key`, `description_key`, `action_key`, `language_extension`, `language_client_id`, `type`, `action_file`, `action`, `condition_file`, `condition_method`, `version_introduced`, `enabled`) VALUES
(1, 700, 'PLG_TWOFACTORAUTH_TOTP_POSTINSTALL_TITLE', 'PLG_TWOFACTORAUTH_TOTP_POSTINSTALL_BODY', 'PLG_TWOFACTORAUTH_TOTP_POSTINSTALL_ACTION', 'plg_twofactorauth_totp', 1, 'action', 'site://plugins/twofactorauth/totp/postinstall/actions.php', 'twofactorauth_postinstall_action', 'site://plugins/twofactorauth/totp/postinstall/actions.php', 'twofactorauth_postinstall_condition', '3.2.0', 0),
(2, 700, 'COM_CPANEL_WELCOME_BEGINNERS_TITLE', 'COM_CPANEL_WELCOME_BEGINNERS_MESSAGE', '', 'com_cpanel', 1, 'message', '', '', '', '', '3.2.0', 0),
(3, 700, 'COM_CPANEL_MSG_STATS_COLLECTION_TITLE', 'COM_CPANEL_MSG_STATS_COLLECTION_BODY', '', 'com_cpanel', 1, 'message', '', '', 'admin://components/com_admin/postinstall/statscollection.php', 'admin_postinstall_statscollection_condition', '3.5.0', 0),
(4, 700, 'PLG_SYSTEM_UPDATENOTIFICATION_POSTINSTALL_UPDATECACHETIME', 'PLG_SYSTEM_UPDATENOTIFICATION_POSTINSTALL_UPDATECACHETIME_BODY', 'PLG_SYSTEM_UPDATENOTIFICATION_POSTINSTALL_UPDATECACHETIME_ACTION', 'plg_system_updatenotification', 1, 'action', 'site://plugins/system/updatenotification/postinstall/updatecachetime.php', 'updatecachetime_postinstall_action', 'site://plugins/system/updatenotification/postinstall/updatecachetime.php', 'updatecachetime_postinstall_condition', '3.6.3', 0),
(5, 700, 'COM_CPANEL_MSG_JOOMLA40_PRE_CHECKS_TITLE', 'COM_CPANEL_MSG_JOOMLA40_PRE_CHECKS_BODY', '', 'com_cpanel', 1, 'message', '', '', 'admin://components/com_admin/postinstall/joomla40checks.php', 'admin_postinstall_joomla40checks_condition', '3.7.0', 0),
(6, 700, 'TPL_HATHOR_MESSAGE_POSTINSTALL_TITLE', 'TPL_HATHOR_MESSAGE_POSTINSTALL_BODY', 'TPL_HATHOR_MESSAGE_POSTINSTALL_ACTION', 'tpl_hathor', 1, 'action', 'admin://templates/hathor/postinstall/hathormessage.php', 'hathormessage_postinstall_action', 'admin://templates/hathor/postinstall/hathormessage.php', 'hathormessage_postinstall_condition', '3.7.0', 0),
(7, 700, 'PLG_PLG_RECAPTCHA_VERSION_1_POSTINSTALL_TITLE', 'PLG_PLG_RECAPTCHA_VERSION_1_POSTINSTALL_BODY', 'PLG_PLG_RECAPTCHA_VERSION_1_POSTINSTALL_ACTION', 'plg_captcha_recaptcha', 1, 'action', 'site://plugins/captcha/recaptcha/postinstall/actions.php', 'recaptcha_postinstall_action', 'site://plugins/captcha/recaptcha/postinstall/actions.php', 'recaptcha_postinstall_condition', '3.8.6', 0),
(8, 700, 'COM_ACTIONLOGS_POSTINSTALL_TITLE', 'COM_ACTIONLOGS_POSTINSTALL_BODY', '', 'com_actionlogs', 1, 'message', '', '', '', '', '3.9.0', 1),
(9, 700, 'COM_PRIVACY_POSTINSTALL_TITLE', 'COM_PRIVACY_POSTINSTALL_BODY', '', 'com_privacy', 1, 'message', '', '', '', '', '3.9.0', 1);

-- --------------------------------------------------------

--
-- Structure de la table `footregion_privacy_consents`
--

CREATE TABLE `footregion_privacy_consents` (
  `id` int(10) UNSIGNED NOT NULL,
  `user_id` int(10) UNSIGNED NOT NULL DEFAULT '0',
  `state` int(10) NOT NULL DEFAULT '1',
  `created` datetime NOT NULL DEFAULT '0000-00-00 00:00:00',
  `subject` varchar(255) COLLATE utf8mb4_unicode_ci NOT NULL DEFAULT '',
  `body` text COLLATE utf8mb4_unicode_ci NOT NULL,
  `remind` tinyint(4) NOT NULL DEFAULT '0',
  `token` varchar(100) COLLATE utf8mb4_unicode_ci NOT NULL DEFAULT ''
) ENGINE=InnoDB DEFAULT CHARSET=utf8mb4 COLLATE=utf8mb4_unicode_ci;

-- --------------------------------------------------------

--
-- Structure de la table `footregion_privacy_requests`
--

CREATE TABLE `footregion_privacy_requests` (
  `id` int(10) UNSIGNED NOT NULL,
  `email` varchar(100) COLLATE utf8mb4_unicode_ci NOT NULL DEFAULT '',
  `requested_at` datetime NOT NULL DEFAULT '0000-00-00 00:00:00',
  `status` tinyint(4) NOT NULL DEFAULT '0',
  `request_type` varchar(25) COLLATE utf8mb4_unicode_ci NOT NULL DEFAULT '',
  `confirm_token` varchar(100) COLLATE utf8mb4_unicode_ci NOT NULL DEFAULT '',
  `confirm_token_created_at` datetime NOT NULL DEFAULT '0000-00-00 00:00:00'
) ENGINE=InnoDB DEFAULT CHARSET=utf8mb4 COLLATE=utf8mb4_unicode_ci;

-- --------------------------------------------------------

--
-- Structure de la table `footregion_redirect_links`
--

CREATE TABLE `footregion_redirect_links` (
  `id` int(10) UNSIGNED NOT NULL,
  `old_url` varchar(2048) COLLATE utf8mb4_unicode_ci NOT NULL,
  `new_url` varchar(2048) COLLATE utf8mb4_unicode_ci DEFAULT NULL,
  `referer` varchar(2048) COLLATE utf8mb4_unicode_ci NOT NULL,
  `comment` varchar(255) COLLATE utf8mb4_unicode_ci NOT NULL DEFAULT '',
  `hits` int(10) UNSIGNED NOT NULL DEFAULT '0',
  `published` tinyint(4) NOT NULL,
  `created_date` datetime NOT NULL DEFAULT '0000-00-00 00:00:00',
  `modified_date` datetime NOT NULL DEFAULT '0000-00-00 00:00:00',
  `header` smallint(3) NOT NULL DEFAULT '301'
) ENGINE=InnoDB DEFAULT CHARSET=utf8mb4 COLLATE=utf8mb4_unicode_ci;

-- --------------------------------------------------------

--
-- Structure de la table `footregion_schemas`
--

CREATE TABLE `footregion_schemas` (
  `extension_id` int(11) NOT NULL,
  `version_id` varchar(20) COLLATE utf8mb4_unicode_ci NOT NULL
) ENGINE=InnoDB DEFAULT CHARSET=utf8mb4 COLLATE=utf8mb4_unicode_ci;

--
-- Déchargement des données de la table `footregion_schemas`
--

INSERT INTO `footregion_schemas` (`extension_id`, `version_id`) VALUES
(700, '3.9.0-2018-10-21');

-- --------------------------------------------------------

--
-- Structure de la table `footregion_session`
--

CREATE TABLE `footregion_session` (
  `session_id` varbinary(192) NOT NULL,
  `client_id` tinyint(3) UNSIGNED DEFAULT NULL,
  `guest` tinyint(3) UNSIGNED DEFAULT '1',
  `time` int(11) NOT NULL DEFAULT '0',
  `data` mediumtext COLLATE utf8mb4_unicode_ci,
  `userid` int(11) DEFAULT '0',
  `username` varchar(150) COLLATE utf8mb4_unicode_ci DEFAULT ''
) ENGINE=InnoDB DEFAULT CHARSET=utf8mb4 COLLATE=utf8mb4_unicode_ci;

--
-- Déchargement des données de la table `footregion_session`
--

INSERT INTO `footregion_session` (`session_id`, `client_id`, `guest`, `time`, `data`, `userid`, `username`) VALUES
(0x337435723562766c726771766b636c67686e6c34636776746935, 1, 0, 1555318470, 'joomla|s:1432:\"TzoyNDoiSm9vbWxhXFJlZ2lzdHJ5XFJlZ2lzdHJ5IjozOntzOjc6IgAqAGRhdGEiO086ODoic3RkQ2xhc3MiOjE6e3M6OToiX19kZWZhdWx0IjtPOjg6InN0ZENsYXNzIjo0OntzOjc6InNlc3Npb24iO086ODoic3RkQ2xhc3MiOjM6e3M6NzoiY291bnRlciI7aToyMDtzOjU6InRpbWVyIjtPOjg6InN0ZENsYXNzIjozOntzOjU6InN0YXJ0IjtpOjE1NTUzMTgzMTU7czo0OiJsYXN0IjtpOjE1NTUzMTg0Njk7czozOiJub3ciO2k6MTU1NTMxODQ3MDt9czo1OiJ0b2tlbiI7czozMjoiejlrU2hLazBJRllhNkt2b1cyUXh5d1djeXlwbGxPNDEiO31zOjg6InJlZ2lzdHJ5IjtPOjI0OiJKb29tbGFcUmVnaXN0cnlcUmVnaXN0cnkiOjM6e3M6NzoiACoAZGF0YSI7Tzo4OiJzdGRDbGFzcyI6Mjp7czoxMzoiY29tX2luc3RhbGxlciI7Tzo4OiJzdGRDbGFzcyI6Mjp7czo3OiJtZXNzYWdlIjtzOjA6IiI7czoxNzoiZXh0ZW5zaW9uX21lc3NhZ2UiO3M6MDoiIjt9czo5OiJjb21fbWVudXMiO086ODoic3RkQ2xhc3MiOjI6e3M6NToiaXRlbXMiO086ODoic3RkQ2xhc3MiOjQ6e3M6ODoibWVudXR5cGUiO3M6MTc6Im1lbnUtZnItZGlyZWN0ZXVyIjtzOjk6ImNsaWVudF9pZCI7aTowO3M6MTA6ImxpbWl0c3RhcnQiO2k6MDtzOjQ6Imxpc3QiO2E6NDp7czo5OiJkaXJlY3Rpb24iO3M6MzoiYXNjIjtzOjU6ImxpbWl0IjtzOjI6IjIwIjtzOjg6Im9yZGVyaW5nIjtzOjU6ImEubGZ0IjtzOjU6InN0YXJ0IjtkOjA7fX1zOjQ6ImVkaXQiO086ODoic3RkQ2xhc3MiOjE6e3M6NDoiaXRlbSI7Tzo4OiJzdGRDbGFzcyI6NDp7czoyOiJpZCI7YTowOnt9czo0OiJkYXRhIjtOO3M6NDoidHlwZSI7TjtzOjQ6ImxpbmsiO047fX19fXM6MTQ6IgAqAGluaXRpYWxpemVkIjtiOjA7czo5OiJzZXBhcmF0b3IiO3M6MToiLiI7fXM6NDoidXNlciI7TzoyMDoiSm9vbWxhXENNU1xVc2VyXFVzZXIiOjE6e3M6MjoiaWQiO3M6MjoiMzUiO31zOjExOiJhcHBsaWNhdGlvbiI7Tzo4OiJzdGRDbGFzcyI6MTp7czo1OiJxdWV1ZSI7YTowOnt9fX19czoxNDoiACoAaW5pdGlhbGl6ZWQiO2I6MDtzOjk6InNlcGFyYXRvciI7czoxOiIuIjt9\";', 35, 'SLAM'),
(0x7236396f633769356c3532686b76727162736c616433676c6474, 0, 0, 1555318598, 'joomla|s:964:\"TzoyNDoiSm9vbWxhXFJlZ2lzdHJ5XFJlZ2lzdHJ5IjozOntzOjc6IgAqAGRhdGEiO086ODoic3RkQ2xhc3MiOjE6e3M6OToiX19kZWZhdWx0IjtPOjg6InN0ZENsYXNzIjozOntzOjc6InNlc3Npb24iO086ODoic3RkQ2xhc3MiOjM6e3M6NzoiY291bnRlciI7aToxNTtzOjU6InRpbWVyIjtPOjg6InN0ZENsYXNzIjozOntzOjU6InN0YXJ0IjtpOjE1NTUzMTgyMjM7czo0OiJsYXN0IjtpOjE1NTUzMTg1OTU7czozOiJub3ciO2k6MTU1NTMxODU5ODt9czo1OiJ0b2tlbiI7czozMjoiS3dnY3N1cWxkS3p0ZUNmSURkVUF1Zzlkam1vekc0VlAiO31zOjg6InJlZ2lzdHJ5IjtPOjI0OiJKb29tbGFcUmVnaXN0cnlcUmVnaXN0cnkiOjM6e3M6NzoiACoAZGF0YSI7Tzo4OiJzdGRDbGFzcyI6MTp7czo1OiJ1c2VycyI7Tzo4OiJzdGRDbGFzcyI6MTp7czo1OiJsb2dpbiI7Tzo4OiJzdGRDbGFzcyI6MTp7czo0OiJmb3JtIjtPOjg6InN0ZENsYXNzIjoyOntzOjY6InJldHVybiI7czozNzoiaHR0cDovLzEyNy4wLjAuMS9Gb290UmVnaW9uL2luZGV4LnBocCI7czo0OiJkYXRhIjthOjA6e319fX19czoxNDoiACoAaW5pdGlhbGl6ZWQiO2I6MDtzOjk6InNlcGFyYXRvciI7czoxOiIuIjt9czo0OiJ1c2VyIjtPOjIwOiJKb29tbGFcQ01TXFVzZXJcVXNlciI6MTp7czoyOiJpZCI7czoyOiIzOSI7fX19czoxNDoiACoAaW5pdGlhbGl6ZWQiO2I6MDtzOjk6InNlcGFyYXRvciI7czoxOiIuIjt9\";', 39, 'hboss');

-- --------------------------------------------------------

--
-- Structure de la table `footregion_tags`
--

CREATE TABLE `footregion_tags` (
  `id` int(10) UNSIGNED NOT NULL,
  `parent_id` int(10) UNSIGNED NOT NULL DEFAULT '0',
  `lft` int(11) NOT NULL DEFAULT '0',
  `rgt` int(11) NOT NULL DEFAULT '0',
  `level` int(10) UNSIGNED NOT NULL DEFAULT '0',
  `path` varchar(400) COLLATE utf8mb4_unicode_ci NOT NULL DEFAULT '',
  `title` varchar(255) COLLATE utf8mb4_unicode_ci NOT NULL,
  `alias` varchar(400) CHARACTER SET utf8mb4 COLLATE utf8mb4_bin NOT NULL DEFAULT '',
  `note` varchar(255) COLLATE utf8mb4_unicode_ci NOT NULL DEFAULT '',
  `description` mediumtext COLLATE utf8mb4_unicode_ci NOT NULL,
  `published` tinyint(1) NOT NULL DEFAULT '0',
  `checked_out` int(11) UNSIGNED NOT NULL DEFAULT '0',
  `checked_out_time` datetime NOT NULL DEFAULT '0000-00-00 00:00:00',
  `access` int(10) UNSIGNED NOT NULL DEFAULT '0',
  `params` text COLLATE utf8mb4_unicode_ci NOT NULL,
  `metadesc` varchar(1024) COLLATE utf8mb4_unicode_ci NOT NULL COMMENT 'The meta description for the page.',
  `metakey` varchar(1024) COLLATE utf8mb4_unicode_ci NOT NULL COMMENT 'The meta keywords for the page.',
  `metadata` varchar(2048) COLLATE utf8mb4_unicode_ci NOT NULL COMMENT 'JSON encoded metadata properties.',
  `created_user_id` int(10) UNSIGNED NOT NULL DEFAULT '0',
  `created_time` datetime NOT NULL DEFAULT '0000-00-00 00:00:00',
  `created_by_alias` varchar(255) COLLATE utf8mb4_unicode_ci NOT NULL DEFAULT '',
  `modified_user_id` int(10) UNSIGNED NOT NULL DEFAULT '0',
  `modified_time` datetime NOT NULL DEFAULT '0000-00-00 00:00:00',
  `images` text COLLATE utf8mb4_unicode_ci NOT NULL,
  `urls` text COLLATE utf8mb4_unicode_ci NOT NULL,
  `hits` int(10) UNSIGNED NOT NULL DEFAULT '0',
  `language` char(7) COLLATE utf8mb4_unicode_ci NOT NULL,
  `version` int(10) UNSIGNED NOT NULL DEFAULT '1',
  `publish_up` datetime NOT NULL DEFAULT '0000-00-00 00:00:00',
  `publish_down` datetime NOT NULL DEFAULT '0000-00-00 00:00:00'
) ENGINE=InnoDB DEFAULT CHARSET=utf8mb4 COLLATE=utf8mb4_unicode_ci;

--
-- Déchargement des données de la table `footregion_tags`
--

INSERT INTO `footregion_tags` (`id`, `parent_id`, `lft`, `rgt`, `level`, `path`, `title`, `alias`, `note`, `description`, `published`, `checked_out`, `checked_out_time`, `access`, `params`, `metadesc`, `metakey`, `metadata`, `created_user_id`, `created_time`, `created_by_alias`, `modified_user_id`, `modified_time`, `images`, `urls`, `hits`, `language`, `version`, `publish_up`, `publish_down`) VALUES
(1, 0, 0, 1, 0, '', 'ROOT', 'root', '', '', 1, 0, '0000-00-00 00:00:00', 1, '', '', '', '', 35, '2018-09-25 08:04:34', '', 0, '0000-00-00 00:00:00', '', '', 0, '*', 1, '0000-00-00 00:00:00', '0000-00-00 00:00:00');

-- --------------------------------------------------------

--
-- Structure de la table `footregion_template_styles`
--

CREATE TABLE `footregion_template_styles` (
  `id` int(10) UNSIGNED NOT NULL,
  `template` varchar(50) COLLATE utf8mb4_unicode_ci NOT NULL DEFAULT '',
  `client_id` tinyint(1) UNSIGNED NOT NULL DEFAULT '0',
  `home` char(7) COLLATE utf8mb4_unicode_ci NOT NULL DEFAULT '0',
  `title` varchar(255) COLLATE utf8mb4_unicode_ci NOT NULL DEFAULT '',
  `params` text COLLATE utf8mb4_unicode_ci NOT NULL
) ENGINE=InnoDB DEFAULT CHARSET=utf8mb4 COLLATE=utf8mb4_unicode_ci;

--
-- Déchargement des données de la table `footregion_template_styles`
--

INSERT INTO `footregion_template_styles` (`id`, `template`, `client_id`, `home`, `title`, `params`) VALUES
(4, 'beez3', 0, '0', 'Beez3 - Default', '{\"wrapperSmall\":\"53\",\"wrapperLarge\":\"72\",\"logo\":\"images\\/joomla_black.png\",\"sitetitle\":\"Joomla!\",\"sitedescription\":\"Open Source Content Management\",\"navposition\":\"left\",\"templatecolor\":\"personal\",\"html5\":\"0\"}'),
(5, 'hathor', 1, '0', 'Hathor - Default', '{\"showSiteName\":\"0\",\"colourChoice\":\"\",\"boldText\":\"0\"}'),
(7, 'protostar', 0, '0', 'protostar - Default', '{\"templateColor\":\"\",\"logoFile\":\"\",\"googleFont\":\"1\",\"googleFontName\":\"Open+Sans\",\"fluidContainer\":\"0\"}'),
(8, 'isis', 1, '1', 'isis - Default', '{\"templateColor\":\"\",\"logoFile\":\"\"}'),
(9, 'protostar', 0, '1', 'protostar - FootRegion', '{\"templateColor\":\"#002e7f\",\"templateBackgroundColor\":\"#f4f6f7\",\"logoFile\":\"images\\/footregion\\/LogoBallonFR.png\",\"sitetitle\":\"FootRegion\",\"sitedescription\":\"Un site cr\\u00e9\\u00e9 par les \\u00e9tudiants du lyc\\u00e9e Louis-Armand - SITE DE TEST UNIQUEMENT !\",\"googleFont\":\"1\",\"googleFontName\":\"Open+Sans\",\"fluidContainer\":\"0\"}');

-- --------------------------------------------------------

--
-- Structure de la table `footregion_ucm_base`
--

CREATE TABLE `footregion_ucm_base` (
  `ucm_id` int(10) UNSIGNED NOT NULL,
  `ucm_item_id` int(10) NOT NULL,
  `ucm_type_id` int(11) NOT NULL,
  `ucm_language_id` int(11) NOT NULL
) ENGINE=InnoDB DEFAULT CHARSET=utf8mb4 COLLATE=utf8mb4_unicode_ci;

-- --------------------------------------------------------

--
-- Structure de la table `footregion_ucm_content`
--

CREATE TABLE `footregion_ucm_content` (
  `core_content_id` int(10) UNSIGNED NOT NULL,
  `core_type_alias` varchar(400) COLLATE utf8mb4_unicode_ci NOT NULL DEFAULT '' COMMENT 'FK to the content types table',
  `core_title` varchar(400) COLLATE utf8mb4_unicode_ci NOT NULL DEFAULT '',
  `core_alias` varchar(400) CHARACTER SET utf8mb4 COLLATE utf8mb4_bin NOT NULL DEFAULT '',
  `core_body` mediumtext COLLATE utf8mb4_unicode_ci NOT NULL,
  `core_state` tinyint(1) NOT NULL DEFAULT '0',
  `core_checked_out_time` varchar(255) COLLATE utf8mb4_unicode_ci NOT NULL DEFAULT '0000-00-00 00:00:00',
  `core_checked_out_user_id` int(10) UNSIGNED NOT NULL DEFAULT '0',
  `core_access` int(10) UNSIGNED NOT NULL DEFAULT '0',
  `core_params` text COLLATE utf8mb4_unicode_ci NOT NULL,
  `core_featured` tinyint(4) UNSIGNED NOT NULL DEFAULT '0',
  `core_metadata` varchar(2048) COLLATE utf8mb4_unicode_ci NOT NULL DEFAULT '' COMMENT 'JSON encoded metadata properties.',
  `core_created_user_id` int(10) UNSIGNED NOT NULL DEFAULT '0',
  `core_created_by_alias` varchar(255) COLLATE utf8mb4_unicode_ci NOT NULL DEFAULT '',
  `core_created_time` datetime NOT NULL DEFAULT '0000-00-00 00:00:00',
  `core_modified_user_id` int(10) UNSIGNED NOT NULL DEFAULT '0' COMMENT 'Most recent user that modified',
  `core_modified_time` datetime NOT NULL DEFAULT '0000-00-00 00:00:00',
  `core_language` char(7) COLLATE utf8mb4_unicode_ci NOT NULL DEFAULT '',
  `core_publish_up` datetime NOT NULL DEFAULT '0000-00-00 00:00:00',
  `core_publish_down` datetime NOT NULL DEFAULT '0000-00-00 00:00:00',
  `core_content_item_id` int(10) UNSIGNED NOT NULL DEFAULT '0' COMMENT 'ID from the individual type table',
  `asset_id` int(10) UNSIGNED NOT NULL DEFAULT '0' COMMENT 'FK to the #__assets table.',
  `core_images` text COLLATE utf8mb4_unicode_ci NOT NULL,
  `core_urls` text COLLATE utf8mb4_unicode_ci NOT NULL,
  `core_hits` int(10) UNSIGNED NOT NULL DEFAULT '0',
  `core_version` int(10) UNSIGNED NOT NULL DEFAULT '1',
  `core_ordering` int(11) NOT NULL DEFAULT '0',
  `core_metakey` text COLLATE utf8mb4_unicode_ci NOT NULL,
  `core_metadesc` text COLLATE utf8mb4_unicode_ci NOT NULL,
  `core_catid` int(10) UNSIGNED NOT NULL DEFAULT '0',
  `core_xreference` varchar(50) COLLATE utf8mb4_unicode_ci NOT NULL DEFAULT '' COMMENT 'A reference to enable linkages to external data sets.',
  `core_type_id` int(10) UNSIGNED NOT NULL DEFAULT '0'
) ENGINE=InnoDB DEFAULT CHARSET=utf8mb4 COLLATE=utf8mb4_unicode_ci COMMENT='Contains core content data in name spaced fields';

-- --------------------------------------------------------

--
-- Structure de la table `footregion_ucm_history`
--

CREATE TABLE `footregion_ucm_history` (
  `version_id` int(10) UNSIGNED NOT NULL,
  `ucm_item_id` int(10) UNSIGNED NOT NULL,
  `ucm_type_id` int(10) UNSIGNED NOT NULL,
  `version_note` varchar(255) COLLATE utf8mb4_unicode_ci NOT NULL DEFAULT '' COMMENT 'Optional version name',
  `save_date` datetime NOT NULL DEFAULT '0000-00-00 00:00:00',
  `editor_user_id` int(10) UNSIGNED NOT NULL DEFAULT '0',
  `character_count` int(10) UNSIGNED NOT NULL DEFAULT '0' COMMENT 'Number of characters in this version.',
  `sha1_hash` varchar(50) COLLATE utf8mb4_unicode_ci NOT NULL DEFAULT '' COMMENT 'SHA1 hash of the version_data column.',
  `version_data` mediumtext COLLATE utf8mb4_unicode_ci NOT NULL COMMENT 'json-encoded string of version data',
  `keep_forever` tinyint(4) NOT NULL DEFAULT '0' COMMENT '0=auto delete; 1=keep'
) ENGINE=InnoDB DEFAULT CHARSET=utf8mb4 COLLATE=utf8mb4_unicode_ci;

--
-- Déchargement des données de la table `footregion_ucm_history`
--

INSERT INTO `footregion_ucm_history` (`version_id`, `ucm_item_id`, `ucm_type_id`, `version_note`, `save_date`, `editor_user_id`, `character_count`, `sha1_hash`, `version_data`, `keep_forever`) VALUES
(1, 1, 2, '', '2018-09-25 08:20:09', 35, 1706, 'de6b8074458c7e7bffe2b632e28b11d182ff4944', '{\"id\":1,\"name\":\"Info FootRegion\",\"alias\":\"info-footregion\",\"con_position\":\"\",\"address\":\"\",\"suburb\":\"\",\"state\":\"\",\"country\":\"\",\"postcode\":\"\",\"telephone\":\"\",\"fax\":\"\",\"misc\":\"\",\"image\":\"\",\"email_to\":\"\",\"default_con\":0,\"published\":\"1\",\"checked_out\":null,\"checked_out_time\":null,\"ordering\":1,\"params\":\"{\\\"show_contact_category\\\":\\\"\\\",\\\"show_contact_list\\\":\\\"\\\",\\\"presentation_style\\\":\\\"\\\",\\\"show_tags\\\":\\\"\\\",\\\"show_info\\\":\\\"\\\",\\\"show_name\\\":\\\"\\\",\\\"show_position\\\":\\\"\\\",\\\"show_email\\\":\\\"\\\",\\\"add_mailto_link\\\":\\\"\\\",\\\"show_street_address\\\":\\\"\\\",\\\"show_suburb\\\":\\\"\\\",\\\"show_state\\\":\\\"\\\",\\\"show_postcode\\\":\\\"\\\",\\\"show_country\\\":\\\"\\\",\\\"show_telephone\\\":\\\"\\\",\\\"show_mobile\\\":\\\"\\\",\\\"show_fax\\\":\\\"\\\",\\\"show_webpage\\\":\\\"\\\",\\\"show_image\\\":\\\"\\\",\\\"show_misc\\\":\\\"\\\",\\\"allow_vcard\\\":\\\"\\\",\\\"show_articles\\\":\\\"\\\",\\\"articles_display_num\\\":\\\"\\\",\\\"show_profile\\\":\\\"\\\",\\\"show_links\\\":\\\"\\\",\\\"linka_name\\\":\\\"\\\",\\\"linka\\\":false,\\\"linkb_name\\\":\\\"\\\",\\\"linkb\\\":false,\\\"linkc_name\\\":\\\"\\\",\\\"linkc\\\":false,\\\"linkd_name\\\":\\\"\\\",\\\"linkd\\\":false,\\\"linke_name\\\":\\\"\\\",\\\"linke\\\":false,\\\"contact_layout\\\":\\\"\\\",\\\"show_email_form\\\":\\\"\\\",\\\"show_email_copy\\\":\\\"\\\",\\\"banned_email\\\":\\\"\\\",\\\"banned_subject\\\":\\\"\\\",\\\"banned_text\\\":\\\"\\\",\\\"validate_session\\\":\\\"\\\",\\\"custom_reply\\\":\\\"\\\",\\\"redirect\\\":\\\"\\\"}\",\"user_id\":\"36\",\"catid\":\"4\",\"access\":\"1\",\"mobile\":\"\",\"webpage\":false,\"sortname1\":\"\",\"sortname2\":\"\",\"sortname3\":\"\",\"language\":\"*\",\"created\":\"2018-09-25 08:20:09\",\"created_by\":\"35\",\"created_by_alias\":\"\",\"modified\":\"2018-09-25 08:20:09\",\"modified_by\":null,\"metakey\":\"\",\"metadesc\":\"\",\"metadata\":\"{\\\"robots\\\":\\\"\\\",\\\"rights\\\":\\\"\\\"}\",\"featured\":\"0\",\"xreference\":\"\",\"publish_up\":\"0000-00-00 00:00:00\",\"publish_down\":\"0000-00-00 00:00:00\",\"version\":1,\"hits\":null}', 0),
(2, 1, 1, '', '2018-09-25 08:22:36', 35, 2092, '30f4c6eb7942e420614b1554e2b8ed128d416a26', '{\"id\":1,\"asset_id\":56,\"title\":\"Bienvenue\",\"alias\":\"bienvenue\",\"introtext\":\"<p>Bienvenue sur le site \\u00e9cole r\\u00e9alis\\u00e9 par les \\u00e9tudiants en BTS-SIO option SLAM en 2e ann\\u00e9e qu Lyc\\u00e9e Louis Armand (Paris 15e).<\\/p>\\r\\n<p>Ce site ArVie.org est un r\\u00e9seau social destin\\u00e9 aux \\u00e9tudiants et personnels (direction, agents, professeurs) des lyc\\u00e9es Louis-Armand et Fran\\u00e7ois-Villon.<\\/p>\",\"fulltext\":\"\",\"state\":1,\"catid\":\"2\",\"created\":\"2018-09-25 08:22:36\",\"created_by\":\"35\",\"created_by_alias\":\"\",\"modified\":\"2018-09-25 08:22:36\",\"modified_by\":null,\"checked_out\":null,\"checked_out_time\":null,\"publish_up\":\"2018-09-25 08:22:36\",\"publish_down\":\"0000-00-00 00:00:00\",\"images\":\"{\\\"image_intro\\\":\\\"\\\",\\\"float_intro\\\":\\\"\\\",\\\"image_intro_alt\\\":\\\"\\\",\\\"image_intro_caption\\\":\\\"\\\",\\\"image_fulltext\\\":\\\"\\\",\\\"float_fulltext\\\":\\\"\\\",\\\"image_fulltext_alt\\\":\\\"\\\",\\\"image_fulltext_caption\\\":\\\"\\\"}\",\"urls\":\"{\\\"urla\\\":false,\\\"urlatext\\\":\\\"\\\",\\\"targeta\\\":\\\"\\\",\\\"urlb\\\":false,\\\"urlbtext\\\":\\\"\\\",\\\"targetb\\\":\\\"\\\",\\\"urlc\\\":false,\\\"urlctext\\\":\\\"\\\",\\\"targetc\\\":\\\"\\\"}\",\"attribs\":\"{\\\"article_layout\\\":\\\"\\\",\\\"show_title\\\":\\\"\\\",\\\"link_titles\\\":\\\"\\\",\\\"show_tags\\\":\\\"\\\",\\\"show_intro\\\":\\\"\\\",\\\"info_block_position\\\":\\\"\\\",\\\"info_block_show_title\\\":\\\"\\\",\\\"show_category\\\":\\\"\\\",\\\"link_category\\\":\\\"\\\",\\\"show_parent_category\\\":\\\"\\\",\\\"link_parent_category\\\":\\\"\\\",\\\"show_associations\\\":\\\"\\\",\\\"show_author\\\":\\\"\\\",\\\"link_author\\\":\\\"\\\",\\\"show_create_date\\\":\\\"\\\",\\\"show_modify_date\\\":\\\"\\\",\\\"show_publish_date\\\":\\\"\\\",\\\"show_item_navigation\\\":\\\"\\\",\\\"show_icons\\\":\\\"\\\",\\\"show_print_icon\\\":\\\"\\\",\\\"show_email_icon\\\":\\\"\\\",\\\"show_vote\\\":\\\"\\\",\\\"show_hits\\\":\\\"\\\",\\\"show_noauth\\\":\\\"\\\",\\\"urls_position\\\":\\\"\\\",\\\"alternative_readmore\\\":\\\"\\\",\\\"article_page_title\\\":\\\"\\\",\\\"show_publishing_options\\\":\\\"\\\",\\\"show_article_options\\\":\\\"\\\",\\\"show_urls_images_backend\\\":\\\"\\\",\\\"show_urls_images_frontend\\\":\\\"\\\"}\",\"version\":1,\"ordering\":null,\"metakey\":\"\",\"metadesc\":\"\",\"access\":\"1\",\"hits\":null,\"metadata\":\"{\\\"robots\\\":\\\"\\\",\\\"author\\\":\\\"\\\",\\\"rights\\\":\\\"\\\",\\\"xreference\\\":\\\"\\\"}\",\"featured\":\"0\",\"language\":\"*\",\"xreference\":\"\"}', 0),
(3, 1, 1, '', '2018-09-25 08:27:50', 35, 1989, '356e8444bc15c30f5e2a8c76ad157a54178d6d1c', '{\"id\":1,\"asset_id\":\"56\",\"title\":\"Bienvenue\",\"alias\":\"bienvenue\",\"introtext\":\"<p>Bienvenue sur le site\\u00a0FootRegion de la F\\u00e9d\\u00e9ration fran\\u00e7aise de football FFF).<\\/p>\\r\\n<p>Ce site permet aux clubs de football d\\u2019organiser des tournois amicaux entre clubs de m\\u00eame r\\u00e9gion.<\\/p>\",\"fulltext\":\"\",\"state\":1,\"catid\":\"2\",\"created\":\"2018-09-25 08:22:36\",\"created_by\":\"35\",\"created_by_alias\":\"\",\"modified\":\"2018-09-25 08:27:50\",\"modified_by\":\"35\",\"checked_out\":\"35\",\"checked_out_time\":\"2018-09-25 08:23:59\",\"publish_up\":\"2018-09-25 08:22:36\",\"publish_down\":\"0000-00-00 00:00:00\",\"images\":\"{\\\"image_intro\\\":\\\"\\\",\\\"float_intro\\\":\\\"\\\",\\\"image_intro_alt\\\":\\\"\\\",\\\"image_intro_caption\\\":\\\"\\\",\\\"image_fulltext\\\":\\\"\\\",\\\"float_fulltext\\\":\\\"\\\",\\\"image_fulltext_alt\\\":\\\"\\\",\\\"image_fulltext_caption\\\":\\\"\\\"}\",\"urls\":\"{\\\"urla\\\":false,\\\"urlatext\\\":\\\"\\\",\\\"targeta\\\":\\\"\\\",\\\"urlb\\\":false,\\\"urlbtext\\\":\\\"\\\",\\\"targetb\\\":\\\"\\\",\\\"urlc\\\":false,\\\"urlctext\\\":\\\"\\\",\\\"targetc\\\":\\\"\\\"}\",\"attribs\":\"{\\\"article_layout\\\":\\\"\\\",\\\"show_title\\\":\\\"\\\",\\\"link_titles\\\":\\\"\\\",\\\"show_tags\\\":\\\"\\\",\\\"show_intro\\\":\\\"\\\",\\\"info_block_position\\\":\\\"\\\",\\\"info_block_show_title\\\":\\\"\\\",\\\"show_category\\\":\\\"\\\",\\\"link_category\\\":\\\"\\\",\\\"show_parent_category\\\":\\\"\\\",\\\"link_parent_category\\\":\\\"\\\",\\\"show_associations\\\":\\\"\\\",\\\"show_author\\\":\\\"\\\",\\\"link_author\\\":\\\"\\\",\\\"show_create_date\\\":\\\"\\\",\\\"show_modify_date\\\":\\\"\\\",\\\"show_publish_date\\\":\\\"\\\",\\\"show_item_navigation\\\":\\\"\\\",\\\"show_icons\\\":\\\"\\\",\\\"show_print_icon\\\":\\\"\\\",\\\"show_email_icon\\\":\\\"\\\",\\\"show_vote\\\":\\\"\\\",\\\"show_hits\\\":\\\"\\\",\\\"show_noauth\\\":\\\"\\\",\\\"urls_position\\\":\\\"\\\",\\\"alternative_readmore\\\":\\\"\\\",\\\"article_page_title\\\":\\\"\\\",\\\"show_publishing_options\\\":\\\"\\\",\\\"show_article_options\\\":\\\"\\\",\\\"show_urls_images_backend\\\":\\\"\\\",\\\"show_urls_images_frontend\\\":\\\"\\\"}\",\"version\":2,\"ordering\":\"0\",\"metakey\":\"\",\"metadesc\":\"\",\"access\":\"1\",\"hits\":\"0\",\"metadata\":\"{\\\"robots\\\":\\\"\\\",\\\"author\\\":\\\"\\\",\\\"rights\\\":\\\"\\\",\\\"xreference\\\":\\\"\\\"}\",\"featured\":\"0\",\"language\":\"*\",\"xreference\":\"\"}', 0),
(4, 2, 1, '', '2018-09-25 08:33:21', 35, 2402, '18fb0bb1e9b470440e43b7354f133242d80754a2', '{\"id\":2,\"asset_id\":57,\"title\":\"FFF\",\"alias\":\"fff\",\"introtext\":\"<div class=\\\"introduction\\\">\\r\\n<p><span style=\\\"font-size: 12pt;\\\">La FFF compte aujourd\'hui pr\\u00e8s de 2,2 millions de licenci\\u00e9s dont 400 000 b\\u00e9n\\u00e9voles et 160 000 f\\u00e9minines.<\\/span><\\/p>\\r\\n<\\/div>\\r\\n<ul>\\r\\n<li>2\\u00a0160\\u00a0788 licences dont 159\\u00a0128\\u00a0f\\u00e9minines (au 30 juin 2017).<\\/li>\\r\\n<li>14 993\\u00a0clubs dont 40 clubs professionnels participant aux championnats de L1 (20 clubs) et de L2 (20 clubs).<\\/li>\\r\\n<li>836 135\\u00a0matches par an.<\\/li>\\r\\n<li>13 ligues r\\u00e9gionales + 9 d\'outre-mer.<\\/li>\\r\\n<li>90\\u00a0districts.<\\/li>\\r\\n<li>7 000 salari\\u00e9s.<\\/li>\\r\\n<li>400 000 b\\u00e9n\\u00e9voles.<\\/li>\\r\\n<\\/ul>\",\"fulltext\":\"\",\"state\":1,\"catid\":\"2\",\"created\":\"2018-09-25 08:33:21\",\"created_by\":\"35\",\"created_by_alias\":\"\",\"modified\":\"2018-09-25 08:33:21\",\"modified_by\":null,\"checked_out\":null,\"checked_out_time\":null,\"publish_up\":\"2018-09-25 08:33:21\",\"publish_down\":\"0000-00-00 00:00:00\",\"images\":\"{\\\"image_intro\\\":\\\"\\\",\\\"float_intro\\\":\\\"\\\",\\\"image_intro_alt\\\":\\\"\\\",\\\"image_intro_caption\\\":\\\"\\\",\\\"image_fulltext\\\":\\\"\\\",\\\"float_fulltext\\\":\\\"\\\",\\\"image_fulltext_alt\\\":\\\"\\\",\\\"image_fulltext_caption\\\":\\\"\\\"}\",\"urls\":\"{\\\"urla\\\":false,\\\"urlatext\\\":\\\"\\\",\\\"targeta\\\":\\\"\\\",\\\"urlb\\\":false,\\\"urlbtext\\\":\\\"\\\",\\\"targetb\\\":\\\"\\\",\\\"urlc\\\":false,\\\"urlctext\\\":\\\"\\\",\\\"targetc\\\":\\\"\\\"}\",\"attribs\":\"{\\\"article_layout\\\":\\\"\\\",\\\"show_title\\\":\\\"\\\",\\\"link_titles\\\":\\\"\\\",\\\"show_tags\\\":\\\"\\\",\\\"show_intro\\\":\\\"\\\",\\\"info_block_position\\\":\\\"\\\",\\\"info_block_show_title\\\":\\\"\\\",\\\"show_category\\\":\\\"\\\",\\\"link_category\\\":\\\"\\\",\\\"show_parent_category\\\":\\\"\\\",\\\"link_parent_category\\\":\\\"\\\",\\\"show_associations\\\":\\\"\\\",\\\"show_author\\\":\\\"\\\",\\\"link_author\\\":\\\"\\\",\\\"show_create_date\\\":\\\"\\\",\\\"show_modify_date\\\":\\\"\\\",\\\"show_publish_date\\\":\\\"\\\",\\\"show_item_navigation\\\":\\\"\\\",\\\"show_icons\\\":\\\"\\\",\\\"show_print_icon\\\":\\\"\\\",\\\"show_email_icon\\\":\\\"\\\",\\\"show_vote\\\":\\\"\\\",\\\"show_hits\\\":\\\"\\\",\\\"show_noauth\\\":\\\"\\\",\\\"urls_position\\\":\\\"\\\",\\\"alternative_readmore\\\":\\\"\\\",\\\"article_page_title\\\":\\\"\\\",\\\"show_publishing_options\\\":\\\"\\\",\\\"show_article_options\\\":\\\"\\\",\\\"show_urls_images_backend\\\":\\\"\\\",\\\"show_urls_images_frontend\\\":\\\"\\\"}\",\"version\":1,\"ordering\":null,\"metakey\":\"\",\"metadesc\":\"\",\"access\":\"1\",\"hits\":null,\"metadata\":\"{\\\"robots\\\":\\\"\\\",\\\"author\\\":\\\"\\\",\\\"rights\\\":\\\"\\\",\\\"xreference\\\":\\\"\\\"}\",\"featured\":\"0\",\"language\":\"*\",\"xreference\":\"\"}', 0),
(5, 3, 1, '', '2018-09-25 08:40:20', 35, 1972, '983ae4f5c152ddacc26bec2f2a48a1cd73d32bef', '{\"id\":3,\"asset_id\":58,\"title\":\"Tournois\",\"alias\":\"tournois\",\"introtext\":\"<p>Les tournois et matches amicaux sont propos\\u00e9s par les entraineurs des clubs aux autres entraineurs qui sont libres d\\u2019accepter ou refuser les invitations, en fonction de la disponibilit\\u00e9 de leurs \\u00e9quipes.<\\/p>\",\"fulltext\":\"\",\"state\":1,\"catid\":\"2\",\"created\":\"2018-09-25 08:40:20\",\"created_by\":\"35\",\"created_by_alias\":\"\",\"modified\":\"2018-09-25 08:40:20\",\"modified_by\":null,\"checked_out\":null,\"checked_out_time\":null,\"publish_up\":\"2018-09-25 08:40:20\",\"publish_down\":\"0000-00-00 00:00:00\",\"images\":\"{\\\"image_intro\\\":\\\"\\\",\\\"float_intro\\\":\\\"\\\",\\\"image_intro_alt\\\":\\\"\\\",\\\"image_intro_caption\\\":\\\"\\\",\\\"image_fulltext\\\":\\\"\\\",\\\"float_fulltext\\\":\\\"\\\",\\\"image_fulltext_alt\\\":\\\"\\\",\\\"image_fulltext_caption\\\":\\\"\\\"}\",\"urls\":\"{\\\"urla\\\":false,\\\"urlatext\\\":\\\"\\\",\\\"targeta\\\":\\\"\\\",\\\"urlb\\\":false,\\\"urlbtext\\\":\\\"\\\",\\\"targetb\\\":\\\"\\\",\\\"urlc\\\":false,\\\"urlctext\\\":\\\"\\\",\\\"targetc\\\":\\\"\\\"}\",\"attribs\":\"{\\\"article_layout\\\":\\\"\\\",\\\"show_title\\\":\\\"\\\",\\\"link_titles\\\":\\\"\\\",\\\"show_tags\\\":\\\"\\\",\\\"show_intro\\\":\\\"\\\",\\\"info_block_position\\\":\\\"\\\",\\\"info_block_show_title\\\":\\\"\\\",\\\"show_category\\\":\\\"\\\",\\\"link_category\\\":\\\"\\\",\\\"show_parent_category\\\":\\\"\\\",\\\"link_parent_category\\\":\\\"\\\",\\\"show_associations\\\":\\\"\\\",\\\"show_author\\\":\\\"\\\",\\\"link_author\\\":\\\"\\\",\\\"show_create_date\\\":\\\"\\\",\\\"show_modify_date\\\":\\\"\\\",\\\"show_publish_date\\\":\\\"\\\",\\\"show_item_navigation\\\":\\\"\\\",\\\"show_icons\\\":\\\"\\\",\\\"show_print_icon\\\":\\\"\\\",\\\"show_email_icon\\\":\\\"\\\",\\\"show_vote\\\":\\\"\\\",\\\"show_hits\\\":\\\"\\\",\\\"show_noauth\\\":\\\"\\\",\\\"urls_position\\\":\\\"\\\",\\\"alternative_readmore\\\":\\\"\\\",\\\"article_page_title\\\":\\\"\\\",\\\"show_publishing_options\\\":\\\"\\\",\\\"show_article_options\\\":\\\"\\\",\\\"show_urls_images_backend\\\":\\\"\\\",\\\"show_urls_images_frontend\\\":\\\"\\\"}\",\"version\":1,\"ordering\":null,\"metakey\":\"\",\"metadesc\":\"\",\"access\":\"1\",\"hits\":null,\"metadata\":\"{\\\"robots\\\":\\\"\\\",\\\"author\\\":\\\"\\\",\\\"rights\\\":\\\"\\\",\\\"xreference\\\":\\\"\\\"}\",\"featured\":\"0\",\"language\":\"*\",\"xreference\":\"\"}', 0),
(6, 4, 1, '', '2018-09-25 08:44:23', 35, 1849, '388f714789f24658780a4509da2adc5df09ae702', '{\"id\":4,\"asset_id\":59,\"title\":\"Discussions\",\"alias\":\"discussions\",\"introtext\":\"<p>Cette page est r\\u00e9serv\\u00e9e aux adh\\u00e9rents (entra\\u00eeneurs, joueurs, arbitres...).<\\/p>\",\"fulltext\":\"\",\"state\":1,\"catid\":\"2\",\"created\":\"2018-09-25 08:44:23\",\"created_by\":\"35\",\"created_by_alias\":\"\",\"modified\":\"2018-09-25 08:44:23\",\"modified_by\":null,\"checked_out\":null,\"checked_out_time\":null,\"publish_up\":\"2018-09-25 08:44:23\",\"publish_down\":\"0000-00-00 00:00:00\",\"images\":\"{\\\"image_intro\\\":\\\"\\\",\\\"float_intro\\\":\\\"\\\",\\\"image_intro_alt\\\":\\\"\\\",\\\"image_intro_caption\\\":\\\"\\\",\\\"image_fulltext\\\":\\\"\\\",\\\"float_fulltext\\\":\\\"\\\",\\\"image_fulltext_alt\\\":\\\"\\\",\\\"image_fulltext_caption\\\":\\\"\\\"}\",\"urls\":\"{\\\"urla\\\":false,\\\"urlatext\\\":\\\"\\\",\\\"targeta\\\":\\\"\\\",\\\"urlb\\\":false,\\\"urlbtext\\\":\\\"\\\",\\\"targetb\\\":\\\"\\\",\\\"urlc\\\":false,\\\"urlctext\\\":\\\"\\\",\\\"targetc\\\":\\\"\\\"}\",\"attribs\":\"{\\\"article_layout\\\":\\\"\\\",\\\"show_title\\\":\\\"\\\",\\\"link_titles\\\":\\\"\\\",\\\"show_tags\\\":\\\"\\\",\\\"show_intro\\\":\\\"\\\",\\\"info_block_position\\\":\\\"\\\",\\\"info_block_show_title\\\":\\\"\\\",\\\"show_category\\\":\\\"\\\",\\\"link_category\\\":\\\"\\\",\\\"show_parent_category\\\":\\\"\\\",\\\"link_parent_category\\\":\\\"\\\",\\\"show_associations\\\":\\\"\\\",\\\"show_author\\\":\\\"\\\",\\\"link_author\\\":\\\"\\\",\\\"show_create_date\\\":\\\"\\\",\\\"show_modify_date\\\":\\\"\\\",\\\"show_publish_date\\\":\\\"\\\",\\\"show_item_navigation\\\":\\\"\\\",\\\"show_icons\\\":\\\"\\\",\\\"show_print_icon\\\":\\\"\\\",\\\"show_email_icon\\\":\\\"\\\",\\\"show_vote\\\":\\\"\\\",\\\"show_hits\\\":\\\"\\\",\\\"show_noauth\\\":\\\"\\\",\\\"urls_position\\\":\\\"\\\",\\\"alternative_readmore\\\":\\\"\\\",\\\"article_page_title\\\":\\\"\\\",\\\"show_publishing_options\\\":\\\"\\\",\\\"show_article_options\\\":\\\"\\\",\\\"show_urls_images_backend\\\":\\\"\\\",\\\"show_urls_images_frontend\\\":\\\"\\\"}\",\"version\":1,\"ordering\":null,\"metakey\":\"\",\"metadesc\":\"\",\"access\":\"2\",\"hits\":null,\"metadata\":\"{\\\"robots\\\":\\\"\\\",\\\"author\\\":\\\"\\\",\\\"rights\\\":\\\"\\\",\\\"xreference\\\":\\\"\\\"}\",\"featured\":\"0\",\"language\":\"*\",\"xreference\":\"\"}', 0),
(7, 1, 1, '', '2018-09-25 09:24:10', 35, 1988, 'a587446eb96d05bd92995a93eb3a38517b7b3ee3', '{\"id\":1,\"asset_id\":\"56\",\"title\":\"Bienvenue\",\"alias\":\"bienvenue\",\"introtext\":\"<p>Bienvenue sur le site\\u00a0FootRegion de la F\\u00e9d\\u00e9ration fran\\u00e7aise de football FFF.<\\/p>\\r\\n<p>Ce site permet aux clubs de football d\\u2019organiser des tournois amicaux entre clubs de m\\u00eame r\\u00e9gion.<\\/p>\",\"fulltext\":\"\",\"state\":1,\"catid\":\"2\",\"created\":\"2018-09-25 08:22:36\",\"created_by\":\"35\",\"created_by_alias\":\"\",\"modified\":\"2018-09-25 09:24:10\",\"modified_by\":\"35\",\"checked_out\":\"35\",\"checked_out_time\":\"2018-09-25 09:23:55\",\"publish_up\":\"2018-09-25 08:22:36\",\"publish_down\":\"0000-00-00 00:00:00\",\"images\":\"{\\\"image_intro\\\":\\\"\\\",\\\"float_intro\\\":\\\"\\\",\\\"image_intro_alt\\\":\\\"\\\",\\\"image_intro_caption\\\":\\\"\\\",\\\"image_fulltext\\\":\\\"\\\",\\\"float_fulltext\\\":\\\"\\\",\\\"image_fulltext_alt\\\":\\\"\\\",\\\"image_fulltext_caption\\\":\\\"\\\"}\",\"urls\":\"{\\\"urla\\\":false,\\\"urlatext\\\":\\\"\\\",\\\"targeta\\\":\\\"\\\",\\\"urlb\\\":false,\\\"urlbtext\\\":\\\"\\\",\\\"targetb\\\":\\\"\\\",\\\"urlc\\\":false,\\\"urlctext\\\":\\\"\\\",\\\"targetc\\\":\\\"\\\"}\",\"attribs\":\"{\\\"article_layout\\\":\\\"\\\",\\\"show_title\\\":\\\"\\\",\\\"link_titles\\\":\\\"\\\",\\\"show_tags\\\":\\\"\\\",\\\"show_intro\\\":\\\"\\\",\\\"info_block_position\\\":\\\"\\\",\\\"info_block_show_title\\\":\\\"\\\",\\\"show_category\\\":\\\"\\\",\\\"link_category\\\":\\\"\\\",\\\"show_parent_category\\\":\\\"\\\",\\\"link_parent_category\\\":\\\"\\\",\\\"show_associations\\\":\\\"\\\",\\\"show_author\\\":\\\"\\\",\\\"link_author\\\":\\\"\\\",\\\"show_create_date\\\":\\\"\\\",\\\"show_modify_date\\\":\\\"\\\",\\\"show_publish_date\\\":\\\"\\\",\\\"show_item_navigation\\\":\\\"\\\",\\\"show_icons\\\":\\\"\\\",\\\"show_print_icon\\\":\\\"\\\",\\\"show_email_icon\\\":\\\"\\\",\\\"show_vote\\\":\\\"\\\",\\\"show_hits\\\":\\\"\\\",\\\"show_noauth\\\":\\\"\\\",\\\"urls_position\\\":\\\"\\\",\\\"alternative_readmore\\\":\\\"\\\",\\\"article_page_title\\\":\\\"\\\",\\\"show_publishing_options\\\":\\\"\\\",\\\"show_article_options\\\":\\\"\\\",\\\"show_urls_images_backend\\\":\\\"\\\",\\\"show_urls_images_frontend\\\":\\\"\\\"}\",\"version\":3,\"ordering\":\"3\",\"metakey\":\"\",\"metadesc\":\"\",\"access\":\"1\",\"hits\":\"9\",\"metadata\":\"{\\\"robots\\\":\\\"\\\",\\\"author\\\":\\\"\\\",\\\"rights\\\":\\\"\\\",\\\"xreference\\\":\\\"\\\"}\",\"featured\":\"0\",\"language\":\"*\",\"xreference\":\"\"}', 0);

-- --------------------------------------------------------

--
-- Structure de la table `footregion_updates`
--

CREATE TABLE `footregion_updates` (
  `update_id` int(11) NOT NULL,
  `update_site_id` int(11) DEFAULT '0',
  `extension_id` int(11) DEFAULT '0',
  `name` varchar(100) COLLATE utf8mb4_unicode_ci DEFAULT '',
  `description` text COLLATE utf8mb4_unicode_ci NOT NULL,
  `element` varchar(100) COLLATE utf8mb4_unicode_ci DEFAULT '',
  `type` varchar(20) COLLATE utf8mb4_unicode_ci DEFAULT '',
  `folder` varchar(20) COLLATE utf8mb4_unicode_ci DEFAULT '',
  `client_id` tinyint(3) DEFAULT '0',
  `version` varchar(32) COLLATE utf8mb4_unicode_ci DEFAULT '',
  `data` text COLLATE utf8mb4_unicode_ci NOT NULL,
  `detailsurl` text COLLATE utf8mb4_unicode_ci NOT NULL,
  `infourl` text COLLATE utf8mb4_unicode_ci NOT NULL,
  `extra_query` varchar(1000) COLLATE utf8mb4_unicode_ci DEFAULT ''
) ENGINE=InnoDB DEFAULT CHARSET=utf8mb4 COLLATE=utf8mb4_unicode_ci COMMENT='Available Updates';

--
-- Déchargement des données de la table `footregion_updates`
--

INSERT INTO `footregion_updates` (`update_id`, `update_site_id`, `extension_id`, `name`, `description`, `element`, `type`, `folder`, `client_id`, `version`, `data`, `detailsurl`, `infourl`, `extra_query`) VALUES
(1, 2, 0, 'Dutch', '', 'pkg_nl-NL', 'package', '', 0, '3.9.5.1', '', 'https://update.joomla.org/language/details3/nl-NL_details.xml', '', ''),
(2, 2, 0, 'Esperanto', '', 'pkg_eo-XX', 'package', '', 0, '3.8.11.1', '', 'https://update.joomla.org/language/details3/eo-XX_details.xml', '', ''),
(3, 2, 0, 'Estonian', '', 'pkg_et-EE', 'package', '', 0, '3.8.10.1', '', 'https://update.joomla.org/language/details3/et-EE_details.xml', '', ''),
(4, 2, 0, 'Italian', '', 'pkg_it-IT', 'package', '', 0, '3.9.5.1', '', 'https://update.joomla.org/language/details3/it-IT_details.xml', '', ''),
(5, 2, 0, 'Khmer', '', 'pkg_km-KH', 'package', '', 0, '3.4.5.1', '', 'https://update.joomla.org/language/details3/km-KH_details.xml', '', ''),
(6, 2, 0, 'Korean', '', 'pkg_ko-KR', 'package', '', 0, '3.8.9.1', '', 'https://update.joomla.org/language/details3/ko-KR_details.xml', '', ''),
(7, 2, 0, 'Latvian', '', 'pkg_lv-LV', 'package', '', 0, '3.7.3.1', '', 'https://update.joomla.org/language/details3/lv-LV_details.xml', '', ''),
(8, 2, 0, 'Lithuanian', '', 'pkg_lt-LT', 'package', '', 0, '3.8.10.1', '', 'https://update.joomla.org/language/details3/lt-LT_details.xml', '', ''),
(9, 1, 700, 'Joomla', '', 'joomla', 'file', '', 0, '3.9.5', '', 'https://update.joomla.org/core/sts/extension_sts.xml', '', ''),
(10, 2, 0, 'Macedonian', '', 'pkg_mk-MK', 'package', '', 0, '3.6.5.1', '', 'https://update.joomla.org/language/details3/mk-MK_details.xml', '', ''),
(11, 2, 0, 'Norwegian Bokmal', '', 'pkg_nb-NO', 'package', '', 0, '3.8.11.1', '', 'https://update.joomla.org/language/details3/nb-NO_details.xml', '', ''),
(12, 2, 0, 'Norwegian Nynorsk', '', 'pkg_nn-NO', 'package', '', 0, '3.4.2.1', '', 'https://update.joomla.org/language/details3/nn-NO_details.xml', '', ''),
(13, 2, 0, 'Persian', '', 'pkg_fa-IR', 'package', '', 0, '3.9.5.1', '', 'https://update.joomla.org/language/details3/fa-IR_details.xml', '', ''),
(14, 2, 0, 'Polish', '', 'pkg_pl-PL', 'package', '', 0, '3.9.4.1', '', 'https://update.joomla.org/language/details3/pl-PL_details.xml', '', ''),
(15, 2, 0, 'Portuguese', '', 'pkg_pt-PT', 'package', '', 0, '3.9.5.1', '', 'https://update.joomla.org/language/details3/pt-PT_details.xml', '', ''),
(16, 2, 0, 'Russian', '', 'pkg_ru-RU', 'package', '', 0, '3.9.4.1', '', 'https://update.joomla.org/language/details3/ru-RU_details.xml', '', ''),
(17, 2, 0, 'English AU', '', 'pkg_en-AU', 'package', '', 0, '3.9.5.1', '', 'https://update.joomla.org/language/details3/en-AU_details.xml', '', ''),
(18, 2, 0, 'Slovak', '', 'pkg_sk-SK', 'package', '', 0, '3.9.5.1', '', 'https://update.joomla.org/language/details3/sk-SK_details.xml', '', ''),
(19, 2, 0, 'English US', '', 'pkg_en-US', 'package', '', 0, '3.9.5.1', '', 'https://update.joomla.org/language/details3/en-US_details.xml', '', ''),
(20, 2, 0, 'Swedish', '', 'pkg_sv-SE', 'package', '', 0, '3.9.5.1', '', 'https://update.joomla.org/language/details3/sv-SE_details.xml', '', ''),
(21, 2, 0, 'Syriac', '', 'pkg_sy-IQ', 'package', '', 0, '3.4.5.1', '', 'https://update.joomla.org/language/details3/sy-IQ_details.xml', '', ''),
(22, 2, 0, 'Tamil', '', 'pkg_ta-IN', 'package', '', 0, '3.9.5.1', '', 'https://update.joomla.org/language/details3/ta-IN_details.xml', '', ''),
(23, 2, 0, 'Thai', '', 'pkg_th-TH', 'package', '', 0, '3.9.5.1', '', 'https://update.joomla.org/language/details3/th-TH_details.xml', '', ''),
(24, 2, 0, 'Turkish', '', 'pkg_tr-TR', 'package', '', 0, '3.9.4.1', '', 'https://update.joomla.org/language/details3/tr-TR_details.xml', '', ''),
(25, 2, 0, 'Ukrainian', '', 'pkg_uk-UA', 'package', '', 0, '3.7.1.1', '', 'https://update.joomla.org/language/details3/uk-UA_details.xml', '', ''),
(26, 2, 0, 'Uyghur', '', 'pkg_ug-CN', 'package', '', 0, '3.7.5.1', '', 'https://update.joomla.org/language/details3/ug-CN_details.xml', '', ''),
(27, 2, 0, 'Albanian', '', 'pkg_sq-AL', 'package', '', 0, '3.1.1.2', '', 'https://update.joomla.org/language/details3/sq-AL_details.xml', '', ''),
(28, 2, 0, 'Basque', '', 'pkg_eu-ES', 'package', '', 0, '3.7.5.1', '', 'https://update.joomla.org/language/details3/eu-ES_details.xml', '', ''),
(29, 2, 0, 'Hindi', '', 'pkg_hi-IN', 'package', '', 0, '3.3.6.2', '', 'https://update.joomla.org/language/details3/hi-IN_details.xml', '', ''),
(30, 2, 0, 'German DE', '', 'pkg_de-DE', 'package', '', 0, '3.9.5.1', '', 'https://update.joomla.org/language/details3/de-DE_details.xml', '', ''),
(31, 2, 0, 'Portuguese Brazil', '', 'pkg_pt-BR', 'package', '', 0, '3.9.5.1', '', 'https://update.joomla.org/language/details3/pt-BR_details.xml', '', ''),
(32, 2, 0, 'Serbian Latin', '', 'pkg_sr-YU', 'package', '', 0, '3.9.5.1', '', 'https://update.joomla.org/language/details3/sr-YU_details.xml', '', ''),
(33, 2, 0, 'Spanish', '', 'pkg_es-ES', 'package', '', 0, '3.9.1.1', '', 'https://update.joomla.org/language/details3/es-ES_details.xml', '', ''),
(34, 2, 0, 'Bosnian', '', 'pkg_bs-BA', 'package', '', 0, '3.9.4.1', '', 'https://update.joomla.org/language/details3/bs-BA_details.xml', '', ''),
(35, 2, 0, 'Serbian Cyrillic', '', 'pkg_sr-RS', 'package', '', 0, '3.9.5.1', '', 'https://update.joomla.org/language/details3/sr-RS_details.xml', '', ''),
(36, 2, 0, 'Vietnamese', '', 'pkg_vi-VN', 'package', '', 0, '3.2.1.2', '', 'https://update.joomla.org/language/details3/vi-VN_details.xml', '', ''),
(37, 2, 0, 'Bahasa Indonesia', '', 'pkg_id-ID', 'package', '', 0, '3.6.2.1', '', 'https://update.joomla.org/language/details3/id-ID_details.xml', '', ''),
(38, 2, 0, 'Finnish', '', 'pkg_fi-FI', 'package', '', 0, '3.9.5.1', '', 'https://update.joomla.org/language/details3/fi-FI_details.xml', '', ''),
(39, 2, 0, 'Swahili', '', 'pkg_sw-KE', 'package', '', 0, '3.9.5.1', '', 'https://update.joomla.org/language/details3/sw-KE_details.xml', '', ''),
(40, 2, 0, 'Montenegrin', '', 'pkg_srp-ME', 'package', '', 0, '3.3.1.2', '', 'https://update.joomla.org/language/details3/srp-ME_details.xml', '', ''),
(41, 2, 0, 'English CA', '', 'pkg_en-CA', 'package', '', 0, '3.9.5.1', '', 'https://update.joomla.org/language/details3/en-CA_details.xml', '', ''),
(42, 2, 0, 'French CA', '', 'pkg_fr-CA', 'package', '', 0, '3.6.5.1', '', 'https://update.joomla.org/language/details3/fr-CA_details.xml', '', ''),
(43, 2, 0, 'Welsh', '', 'pkg_cy-GB', 'package', '', 0, '3.9.2.1', '', 'https://update.joomla.org/language/details3/cy-GB_details.xml', '', ''),
(44, 2, 0, 'Sinhala', '', 'pkg_si-LK', 'package', '', 0, '3.3.1.2', '', 'https://update.joomla.org/language/details3/si-LK_details.xml', '', ''),
(45, 2, 0, 'Dari Persian', '', 'pkg_prs-AF', 'package', '', 0, '3.4.4.2', '', 'https://update.joomla.org/language/details3/prs-AF_details.xml', '', ''),
(46, 2, 0, 'Turkmen', '', 'pkg_tk-TM', 'package', '', 0, '3.5.0.2', '', 'https://update.joomla.org/language/details3/tk-TM_details.xml', '', ''),
(47, 2, 0, 'Irish', '', 'pkg_ga-IE', 'package', '', 0, '3.8.13.1', '', 'https://update.joomla.org/language/details3/ga-IE_details.xml', '', ''),
(48, 2, 0, 'Dzongkha', '', 'pkg_dz-BT', 'package', '', 0, '3.6.2.1', '', 'https://update.joomla.org/language/details3/dz-BT_details.xml', '', ''),
(49, 2, 0, 'Slovenian', '', 'pkg_sl-SI', 'package', '', 0, '3.9.5.2', '', 'https://update.joomla.org/language/details3/sl-SI_details.xml', '', ''),
(50, 2, 0, 'Spanish CO', '', 'pkg_es-CO', 'package', '', 0, '3.9.4.2', '', 'https://update.joomla.org/language/details3/es-CO_details.xml', '', ''),
(51, 2, 0, 'German CH', '', 'pkg_de-CH', 'package', '', 0, '3.9.5.1', '', 'https://update.joomla.org/language/details3/de-CH_details.xml', '', ''),
(52, 2, 0, 'German AT', '', 'pkg_de-AT', 'package', '', 0, '3.9.5.1', '', 'https://update.joomla.org/language/details3/de-AT_details.xml', '', ''),
(53, 2, 0, 'German LI', '', 'pkg_de-LI', 'package', '', 0, '3.9.5.1', '', 'https://update.joomla.org/language/details3/de-LI_details.xml', '', ''),
(54, 2, 0, 'German LU', '', 'pkg_de-LU', 'package', '', 0, '3.9.5.1', '', 'https://update.joomla.org/language/details3/de-LU_details.xml', '', ''),
(55, 2, 0, 'English NZ', '', 'pkg_en-NZ', 'package', '', 0, '3.9.5.1', '', 'https://update.joomla.org/language/details3/en-NZ_details.xml', '', ''),
(56, 2, 0, 'Kazakh', '', 'pkg_kk-KZ', 'package', '', 0, '3.9.5.1', '', 'https://update.joomla.org/language/details3/kk-KZ_details.xml', '', '');

-- --------------------------------------------------------

--
-- Structure de la table `footregion_update_sites`
--

CREATE TABLE `footregion_update_sites` (
  `update_site_id` int(11) NOT NULL,
  `name` varchar(100) COLLATE utf8mb4_unicode_ci DEFAULT '',
  `type` varchar(20) COLLATE utf8mb4_unicode_ci DEFAULT '',
  `location` text COLLATE utf8mb4_unicode_ci NOT NULL,
  `enabled` int(11) DEFAULT '0',
  `last_check_timestamp` bigint(20) DEFAULT '0',
  `extra_query` varchar(1000) COLLATE utf8mb4_unicode_ci DEFAULT ''
) ENGINE=InnoDB DEFAULT CHARSET=utf8mb4 COLLATE=utf8mb4_unicode_ci COMMENT='Update Sites';

--
-- Déchargement des données de la table `footregion_update_sites`
--

INSERT INTO `footregion_update_sites` (`update_site_id`, `name`, `type`, `location`, `enabled`, `last_check_timestamp`, `extra_query`) VALUES
(1, 'Joomla! Core', 'collection', 'https://update.joomla.org/core/list.xml', 1, 1555318342, ''),
(2, 'Accredited Joomla! Translations', 'collection', 'https://update.joomla.org/language/translationlist_3.xml', 1, 1555318344, ''),
(3, 'Joomla! Update Component Update Site', 'extension', 'https://update.joomla.org/core/extensions/com_joomlaupdate.xml', 1, 1555318344, '');

-- --------------------------------------------------------

--
-- Structure de la table `footregion_update_sites_extensions`
--

CREATE TABLE `footregion_update_sites_extensions` (
  `update_site_id` int(11) NOT NULL DEFAULT '0',
  `extension_id` int(11) NOT NULL DEFAULT '0'
) ENGINE=InnoDB DEFAULT CHARSET=utf8mb4 COLLATE=utf8mb4_unicode_ci COMMENT='Links extensions to update sites';

--
-- Déchargement des données de la table `footregion_update_sites_extensions`
--

INSERT INTO `footregion_update_sites_extensions` (`update_site_id`, `extension_id`) VALUES
(1, 700),
(2, 802),
(2, 803),
(3, 28),
(5, 605);

-- --------------------------------------------------------

--
-- Structure de la table `footregion_usergroups`
--

CREATE TABLE `footregion_usergroups` (
  `id` int(10) UNSIGNED NOT NULL COMMENT 'Primary Key',
  `parent_id` int(10) UNSIGNED NOT NULL DEFAULT '0' COMMENT 'Adjacency List Reference Id',
  `lft` int(11) NOT NULL DEFAULT '0' COMMENT 'Nested set lft.',
  `rgt` int(11) NOT NULL DEFAULT '0' COMMENT 'Nested set rgt.',
  `title` varchar(100) COLLATE utf8mb4_unicode_ci NOT NULL DEFAULT ''
) ENGINE=InnoDB DEFAULT CHARSET=utf8mb4 COLLATE=utf8mb4_unicode_ci;

--
-- Déchargement des données de la table `footregion_usergroups`
--

INSERT INTO `footregion_usergroups` (`id`, `parent_id`, `lft`, `rgt`, `title`) VALUES
(1, 0, 1, 30, 'Public'),
(2, 1, 2, 21, 'Enregistré'),
(3, 2, 3, 8, 'Auteur'),
(4, 3, 4, 7, 'Rédacteur'),
(5, 4, 5, 6, 'Validateur'),
(6, 1, 22, 25, 'Gestionnaire'),
(7, 6, 23, 24, 'Administrateur'),
(8, 1, 28, 29, 'Super Utilisateur'),
(9, 1, 26, 27, 'Invité'),
(10, 2, 9, 20, 'FootRegion'),
(11, 10, 10, 11, 'FootRegion Administrateur'),
(12, 10, 12, 13, 'FootRegion Arbitre'),
(13, 10, 14, 15, 'FootRegion Directeur'),
(14, 10, 16, 17, 'FootRegion Entraîneur'),
(15, 10, 18, 19, 'FootRegion Joueur');

-- --------------------------------------------------------

--
-- Structure de la table `footregion_users`
--

CREATE TABLE `footregion_users` (
  `id` int(11) NOT NULL,
  `name` varchar(400) COLLATE utf8mb4_unicode_ci NOT NULL DEFAULT '',
  `username` varchar(150) COLLATE utf8mb4_unicode_ci NOT NULL DEFAULT '',
  `email` varchar(100) COLLATE utf8mb4_unicode_ci NOT NULL DEFAULT '',
  `password` varchar(100) COLLATE utf8mb4_unicode_ci NOT NULL DEFAULT '',
  `block` tinyint(4) NOT NULL DEFAULT '0',
  `sendEmail` tinyint(4) DEFAULT '0',
  `registerDate` datetime NOT NULL DEFAULT '0000-00-00 00:00:00',
  `lastvisitDate` datetime NOT NULL DEFAULT '0000-00-00 00:00:00',
  `activation` varchar(100) COLLATE utf8mb4_unicode_ci NOT NULL DEFAULT '',
  `params` text COLLATE utf8mb4_unicode_ci NOT NULL,
  `lastResetTime` datetime NOT NULL DEFAULT '0000-00-00 00:00:00' COMMENT 'Date of last password reset',
  `resetCount` int(11) NOT NULL DEFAULT '0' COMMENT 'Count of password resets since lastResetTime',
  `otpKey` varchar(1000) COLLATE utf8mb4_unicode_ci NOT NULL DEFAULT '' COMMENT 'Two factor authentication encrypted keys',
  `otep` varchar(1000) COLLATE utf8mb4_unicode_ci NOT NULL DEFAULT '' COMMENT 'One time emergency passwords',
  `requireReset` tinyint(4) NOT NULL DEFAULT '0' COMMENT 'Require user to reset password on next login'
) ENGINE=InnoDB DEFAULT CHARSET=utf8mb4 COLLATE=utf8mb4_unicode_ci;

--
-- Déchargement des données de la table `footregion_users`
--

INSERT INTO `footregion_users` (`id`, `name`, `username`, `email`, `password`, `block`, `sendEmail`, `registerDate`, `lastvisitDate`, `activation`, `params`, `lastResetTime`, `resetCount`, `otpKey`, `otep`, `requireReset`) VALUES
(35, 'Super Utilisateur', 'SLAM', 'emmanuel.derome@gmail.com', '$2y$10$APeo8djvfrcyyHIi8PuLt.wDSnBqw8m.vcEOmkGy2A.MAjIfcH2Ga', 0, 1, '2018-09-25 08:04:35', '2019-04-15 08:52:16', '0', '', '0000-00-00 00:00:00', 0, '', '', 0),
(36, 'Marcel DUPOND', 'mdupond', 'mdupond@footregion.fr', '$2y$10$xf5PRJXfQSdBxh4zrmEczOQpIOWWYHvORXKwpYKdAsbvQhx17yUGa', 0, 0, '2018-09-25 08:17:06', '2018-09-25 09:37:14', '', '{\"admin_style\":\"\",\"admin_language\":\"\",\"language\":\"\",\"editor\":\"\",\"helpsite\":\"\",\"timezone\":\"\"}', '0000-00-00 00:00:00', 0, '', '', 0),
(37, 'Alphonse DURAND', 'adurand', 'adurand@footregion.fr', '$2y$10$bQEFQi2oRJq1wTeLNonPuudzAZOgGj6FC76yhoml1JWitZx6b79Y2', 0, 0, '2018-10-24 16:03:49', '0000-00-00 00:00:00', '', '{\"admin_style\":\"\",\"admin_language\":\"\",\"language\":\"\",\"editor\":\"\",\"helpsite\":\"\",\"timezone\":\"\"}', '0000-00-00 00:00:00', 0, '', '', 0),
(38, 'Pierre NALTY', 'pnalty', 'pnalty@footregion.fr', '$2y$10$yebGpgQTgZPSNC/iNYN7q.NbQSviN03viEkCi2F8BaIpjDD76eofu', 0, 0, '2018-10-24 16:12:38', '0000-00-00 00:00:00', '', '{\"admin_style\":\"\",\"admin_language\":\"\",\"language\":\"\",\"editor\":\"\",\"helpsite\":\"\",\"timezone\":\"\"}', '0000-00-00 00:00:00', 0, '', '', 0),
(39, 'Hugo BOSS', 'hboss', 'hboss@footregion.fr', '$2y$10$aKubeAch7P/fSNDi9hnsNeozU0Zo1pXmuT24qilVxyLluanWM5OtK', 0, 0, '2018-10-24 16:14:58', '2019-04-15 08:50:46', '', '{\"admin_style\":\"\",\"admin_language\":\"\",\"language\":\"\",\"editor\":\"\",\"helpsite\":\"\",\"timezone\":\"\"}', '0000-00-00 00:00:00', 0, '', '', 0),
(40, 'Ivan NOTE', 'inote', 'inote@footregion.fr', '$2y$10$845nBeFftvd92wvMAWuQeODqp06NugG51Dn2LLj2tnH.btO4lTKS6', 0, 0, '2018-10-24 16:15:50', '2019-04-15 08:50:23', '', '{\"admin_style\":\"\",\"admin_language\":\"\",\"language\":\"\",\"editor\":\"\",\"helpsite\":\"\",\"timezone\":\"\"}', '0000-00-00 00:00:00', 0, '', '', 0),
(41, 'Sami FRAIS', 'sfrais', 'sfrais@footregion.fr', '$2y$10$u8mMSLSdKon020xnlhCRS.ayAtDDACFtove279EfjTifby02G4.zu', 0, 0, '2018-10-24 16:16:31', '2018-11-25 17:54:39', '', '{\"admin_style\":\"\",\"admin_language\":\"\",\"language\":\"\",\"editor\":\"\",\"helpsite\":\"\",\"timezone\":\"\"}', '0000-00-00 00:00:00', 0, '', '', 0),
(42, 'Jean MARQUE', 'jmarque', 'jmarque@footregion.fr', '$2y$10$DF/pwMhXNa.ixIpaZ.7oROd5tssHvCTCLuf6I8ULQvXTeDAkC1jG.', 0, 0, '2018-10-24 16:17:11', '2018-11-25 17:54:56', '', '{\"admin_style\":\"\",\"admin_language\":\"\",\"language\":\"\",\"editor\":\"\",\"helpsite\":\"\",\"timezone\":\"\"}', '0000-00-00 00:00:00', 0, '', '', 0),
(43, 'Théo BUT', 'tbut', 'tbut@footregion.fr', '$2y$10$iU1RjrLZdfSOieQkvySoFuSt1LRgcik4/CAf5/i9gJk4RnScdJ8p2', 0, 0, '2018-10-24 16:17:46', '2018-10-26 13:02:40', '', '{\"admin_style\":\"\",\"admin_language\":\"\",\"language\":\"\",\"editor\":\"\",\"helpsite\":\"\",\"timezone\":\"\"}', '0000-00-00 00:00:00', 0, '', '', 0),
(44, 'Paul HOCHON', 'phochon', 'phochon@footregion.fr', '$2y$10$xK/50VKjdamsjSKxeVZWWu7VLKUeD.TsXWHITBFq9Czs0h4aC2SmO', 0, 0, '2018-10-24 16:18:24', '2018-11-25 17:54:25', '', '{\"admin_style\":\"\",\"admin_language\":\"\",\"language\":\"\",\"editor\":\"\",\"helpsite\":\"\",\"timezone\":\"\"}', '0000-00-00 00:00:00', 0, '', '', 0),
(45, 'Lucie GERE', 'lgere', 'lgere@footregion.fr', '$2y$10$EGESaEzcOmHYOxocl1A63ei/fsJVo81XgFydOzP4sg.XS.88z/65q', 0, 0, '2018-10-24 16:26:11', '2018-11-25 16:41:06', '', '{\"admin_style\":\"\",\"admin_language\":\"\",\"language\":\"\",\"editor\":\"\",\"helpsite\":\"\",\"timezone\":\"\"}', '0000-00-00 00:00:00', 0, '', '', 0),
(46, 'Ludovic LECLERC', 'lleclerc', 'lleclerc@footregion.fr', '$2y$10$dRVlVLHlCfXMdHtT5CiHUOeYyW3S39VVUdMc4YcVPyMR/cPlP6IRi', 0, 0, '2019-04-12 14:46:31', '0000-00-00 00:00:00', '', '{\"admin_style\":\"\",\"admin_language\":\"\",\"language\":\"\",\"editor\":\"\",\"helpsite\":\"\",\"timezone\":\"\"}', '0000-00-00 00:00:00', 0, '', '', 0);

-- --------------------------------------------------------

--
-- Structure de la table `footregion_user_keys`
--

CREATE TABLE `footregion_user_keys` (
  `id` int(10) UNSIGNED NOT NULL,
  `user_id` varchar(150) COLLATE utf8mb4_unicode_ci NOT NULL,
  `token` varchar(255) COLLATE utf8mb4_unicode_ci NOT NULL,
  `series` varchar(191) COLLATE utf8mb4_unicode_ci NOT NULL,
  `invalid` tinyint(4) NOT NULL,
  `time` varchar(200) COLLATE utf8mb4_unicode_ci NOT NULL,
  `uastring` varchar(255) COLLATE utf8mb4_unicode_ci NOT NULL
) ENGINE=InnoDB DEFAULT CHARSET=utf8mb4 COLLATE=utf8mb4_unicode_ci;

-- --------------------------------------------------------

--
-- Structure de la table `footregion_user_notes`
--

CREATE TABLE `footregion_user_notes` (
  `id` int(10) UNSIGNED NOT NULL,
  `user_id` int(10) UNSIGNED NOT NULL DEFAULT '0',
  `catid` int(10) UNSIGNED NOT NULL DEFAULT '0',
  `subject` varchar(100) COLLATE utf8mb4_unicode_ci NOT NULL DEFAULT '',
  `body` text COLLATE utf8mb4_unicode_ci NOT NULL,
  `state` tinyint(3) NOT NULL DEFAULT '0',
  `checked_out` int(10) UNSIGNED NOT NULL DEFAULT '0',
  `checked_out_time` datetime NOT NULL DEFAULT '0000-00-00 00:00:00',
  `created_user_id` int(10) UNSIGNED NOT NULL DEFAULT '0',
  `created_time` datetime NOT NULL DEFAULT '0000-00-00 00:00:00',
  `modified_user_id` int(10) UNSIGNED NOT NULL,
  `modified_time` datetime NOT NULL DEFAULT '0000-00-00 00:00:00',
  `review_time` datetime NOT NULL DEFAULT '0000-00-00 00:00:00',
  `publish_up` datetime NOT NULL DEFAULT '0000-00-00 00:00:00',
  `publish_down` datetime NOT NULL DEFAULT '0000-00-00 00:00:00'
) ENGINE=InnoDB DEFAULT CHARSET=utf8mb4 COLLATE=utf8mb4_unicode_ci;

-- --------------------------------------------------------

--
-- Structure de la table `footregion_user_profiles`
--

CREATE TABLE `footregion_user_profiles` (
  `user_id` int(11) NOT NULL,
  `profile_key` varchar(100) COLLATE utf8mb4_unicode_ci NOT NULL,
  `profile_value` text COLLATE utf8mb4_unicode_ci NOT NULL,
  `ordering` int(11) NOT NULL DEFAULT '0'
) ENGINE=InnoDB DEFAULT CHARSET=utf8mb4 COLLATE=utf8mb4_unicode_ci COMMENT='Simple user profile storage table';

-- --------------------------------------------------------

--
-- Structure de la table `footregion_user_usergroup_map`
--

CREATE TABLE `footregion_user_usergroup_map` (
  `user_id` int(10) UNSIGNED NOT NULL DEFAULT '0' COMMENT 'Foreign Key to #__users.id',
  `group_id` int(10) UNSIGNED NOT NULL DEFAULT '0' COMMENT 'Foreign Key to #__usergroups.id'
) ENGINE=InnoDB DEFAULT CHARSET=utf8mb4 COLLATE=utf8mb4_unicode_ci;

--
-- Déchargement des données de la table `footregion_user_usergroup_map`
--

INSERT INTO `footregion_user_usergroup_map` (`user_id`, `group_id`) VALUES
(35, 8),
(36, 2),
(36, 15),
(37, 2),
(37, 15),
(38, 2),
(38, 15),
(39, 2),
(39, 13),
(40, 2),
(40, 14),
(41, 2),
(41, 14),
(42, 2),
(42, 15),
(43, 2),
(43, 15),
(44, 2),
(44, 12),
(45, 2),
(45, 11),
(46, 2),
(46, 13);

-- --------------------------------------------------------

--
-- Structure de la table `footregion_utf8_conversion`
--

CREATE TABLE `footregion_utf8_conversion` (
  `converted` tinyint(4) NOT NULL DEFAULT '0'
) ENGINE=InnoDB DEFAULT CHARSET=utf8mb4 COLLATE=utf8mb4_unicode_ci;

--
-- Déchargement des données de la table `footregion_utf8_conversion`
--

INSERT INTO `footregion_utf8_conversion` (`converted`) VALUES
(2);

-- --------------------------------------------------------

--
-- Structure de la table `footregion_viewlevels`
--

CREATE TABLE `footregion_viewlevels` (
  `id` int(10) UNSIGNED NOT NULL COMMENT 'Primary Key',
  `title` varchar(100) COLLATE utf8mb4_unicode_ci NOT NULL DEFAULT '',
  `ordering` int(11) NOT NULL DEFAULT '0',
  `rules` varchar(5120) COLLATE utf8mb4_unicode_ci NOT NULL COMMENT 'JSON encoded access control.'
) ENGINE=InnoDB DEFAULT CHARSET=utf8mb4 COLLATE=utf8mb4_unicode_ci;

--
-- Déchargement des données de la table `footregion_viewlevels`
--

INSERT INTO `footregion_viewlevels` (`id`, `title`, `ordering`, `rules`) VALUES
(1, 'Accès public', 0, '[1]'),
(2, 'Accès enregistré', 2, '[6,2,8]'),
(3, 'Accès spécial', 3, '[6,3,8]'),
(5, 'Accès invité', 1, '[9]'),
(6, 'Accès super utilisateur', 4, '[8]'),
(7, 'FootRegion Administrateur', 0, '[11,6]'),
(8, 'FootRegion Arbitre', 0, '[12]'),
(9, 'FootRegion Directeur', 0, '[13]'),
(10, 'FootRegion Entraîneur', 0, '[14]'),
(11, 'FootRegion Joueur', 0, '[15]');

-- --------------------------------------------------------

--
-- Doublure de structure pour la vue `footregion_vue_discussions`
-- (Voir ci-dessous la vue réelle)
--
CREATE TABLE `footregion_vue_discussions` (
`id` int(11)
,`created` datetime
,`auteur` varchar(101)
,`message` text
,`discussion` varchar(50)
,`did` int(11)
,`lanceur` varchar(101)
);

-- --------------------------------------------------------

--
-- Doublure de structure pour la vue `footregion_vue_joueurs`
-- (Voir ci-dessous la vue réelle)
--
CREATE TABLE `footregion_vue_joueurs` (
`id` int(11)
,`nom` varchar(50)
,`prenom` varchar(50)
,`email` varchar(100)
,`poste` varchar(50)
,`licence` varchar(50)
,`date_naiss` date
,`equipe` varchar(50)
);

-- --------------------------------------------------------

--
-- Doublure de structure pour la vue `footregion_vue_matchs`
-- (Voir ci-dessous la vue réelle)
--
CREATE TABLE `footregion_vue_matchs` (
`id` int(11)
,`nom` varchar(50)
,`date_heure` datetime
,`score_domicile` int(11)
,`score_invite` int(11)
,`tournois_id` int(11)
,`equipes_domicile_id` int(11)
,`equipes_invite_id` int(11)
,`adr_rue` varchar(50)
,`adr_ville` varchar(50)
,`adr_cp` varchar(10)
,`coord_gps` varchar(50)
,`equipe_invite` varchar(50)
,`equipe_domicile` varchar(50)
,`entraineur_invite` varchar(100)
,`entraineur_initiateur` varchar(100)
,`tournoi` varchar(50)
,`statut` varchar(50)
);

-- --------------------------------------------------------

--
-- Doublure de structure pour la vue `footregion_vue_messages`
-- (Voir ci-dessous la vue réelle)
--
CREATE TABLE `footregion_vue_messages` (
`id` int(11)
,`date` datetime
,`auteur` varchar(101)
,`email` varchar(100)
,`libelle` text
,`did` int(11)
);

-- --------------------------------------------------------

--
-- Doublure de structure pour la vue `footregion_vue_messages_emis`
-- (Voir ci-dessous la vue réelle)
--
CREATE TABLE `footregion_vue_messages_emis` (
`id` int(11)
,`date` datetime
,`auteur` varchar(101)
,`email` varchar(100)
,`libelle` text
,`discussion` varchar(50)
);

-- --------------------------------------------------------

--
-- Doublure de structure pour la vue `footregion_vue_mes_clubs`
-- (Voir ci-dessous la vue réelle)
--
CREATE TABLE `footregion_vue_mes_clubs` (
`id` int(11)
,`nom` varchar(255)
,`adr_rue` varchar(50)
,`sigle` varchar(50)
,`adr_ville` varchar(50)
,`adr_cp` varchar(10)
,`email` varchar(100)
,`equipe` varchar(50)
,`emailEntraineur` varchar(100)
,`emailJoueur` varchar(100)
,`nomDirecteur` varchar(50)
,`prenomDirecteur` varchar(50)
);

-- --------------------------------------------------------

--
-- Doublure de structure pour la vue `footregion_vue_mes_equipes`
-- (Voir ci-dessous la vue réelle)
--
CREATE TABLE `footregion_vue_mes_equipes` (
`id` int(11)
,`equipe` varchar(50)
,`categorie` varchar(50)
,`entraineur` varchar(101)
,`club` varchar(255)
,`email` varchar(100)
);

-- --------------------------------------------------------

--
-- Doublure de structure pour la vue `footregion_vue_mon_equipe`
-- (Voir ci-dessous la vue réelle)
--
CREATE TABLE `footregion_vue_mon_equipe` (
`id` int(11)
,`equipe` varchar(50)
,`categorie` varchar(50)
,`club` varchar(255)
,`entraineur` varchar(101)
,`joueur` varchar(101)
,`email` varchar(100)
);

-- --------------------------------------------------------

--
-- Structure de la vue `footregion_vue_discussions`
--
DROP TABLE IF EXISTS `footregion_vue_discussions`;

CREATE ALGORITHM=UNDEFINED DEFINER=`root`@`localhost` SQL SECURITY DEFINER VIEW `footregion_vue_discussions`  AS  select `m`.`id` AS `id`,`m`.`created` AS `created`,concat(`u`.`nom`,' ',`u`.`prenom`) AS `auteur`,`m`.`libelle` AS `message`,`d`.`theme` AS `discussion`,`d`.`id` AS `did`,concat(`ud`.`nom`,' ',`ud`.`prenom`) AS `lanceur` from (((`footregion_footregion_messages` `m` left join `footregion_footregion_discussions` `d` on((`d`.`id` = `m`.`discussions_id`))) left join `footregion_footregion_utilisateurs` `u` on((`u`.`id` = `m`.`utilisateurs_id`))) left join `footregion_footregion_utilisateurs` `ud` on((`ud`.`id` = `d`.`utilisateurs_id`))) where (`m`.`published` = 1) order by `d`.`theme`,`m`.`created` desc ;

-- --------------------------------------------------------

--
-- Structure de la vue `footregion_vue_joueurs`
--
DROP TABLE IF EXISTS `footregion_vue_joueurs`;

CREATE ALGORITHM=UNDEFINED DEFINER=`root`@`localhost` SQL SECURITY DEFINER VIEW `footregion_vue_joueurs`  AS  select `u`.`id` AS `id`,`u`.`nom` AS `nom`,`u`.`prenom` AS `prenom`,`u`.`email` AS `email`,`j`.`poste` AS `poste`,`j`.`num_licence` AS `licence`,`j`.`date_naiss` AS `date_naiss`,`e`.`nom` AS `equipe` from ((`footregion_footregion_utilisateurs` `u` join `footregion_footregion_joueurs` `j` on((`u`.`email` = `j`.`email`))) join `footregion_footregion_equipes` `e` on((`j`.`equipes_id` = `e`.`id`))) ;

-- --------------------------------------------------------

--
-- Structure de la vue `footregion_vue_matchs`
--
DROP TABLE IF EXISTS `footregion_vue_matchs`;

CREATE ALGORITHM=UNDEFINED DEFINER=`root`@`localhost` SQL SECURITY DEFINER VIEW `footregion_vue_matchs`  AS  select `m`.`id` AS `id`,`m`.`nom` AS `nom`,`m`.`date_heure` AS `date_heure`,`m`.`score_domicile` AS `score_domicile`,`m`.`score_invite` AS `score_invite`,`m`.`tournois_id` AS `tournois_id`,`m`.`equipes_domicile_id` AS `equipes_domicile_id`,`m`.`equipes_invite_id` AS `equipes_invite_id`,`m`.`adr_rue` AS `adr_rue`,`m`.`adr_ville` AS `adr_ville`,`m`.`adr_cp` AS `adr_cp`,`m`.`coord_gps` AS `coord_gps`,`e`.`nom` AS `equipe_invite`,`ed`.`nom` AS `equipe_domicile`,`einv`.`email` AS `entraineur_invite`,`ein`.`email` AS `entraineur_initiateur`,`t`.`nom` AS `tournoi`,`s`.`statut` AS `statut` from ((((((`footregion_footregion_matchs` `m` left join `footregion_footregion_equipes` `e` on((`e`.`id` = `m`.`equipes_invite_id`))) left join `footregion_footregion_equipes` `ed` on((`ed`.`id` = `m`.`equipes_domicile_id`))) left join `footregion_footregion_entraineurs` `einv` on((`einv`.`id` = `m`.`entraineurs_invite_id`))) left join `footregion_footregion_entraineurs` `ein` on((`ein`.`id` = `m`.`entraineurs_initiateur_id`))) left join `footregion_footregion_tournois` `t` on((`t`.`id` = `m`.`tournois_id`))) left join `footregion_footregion_statuts` `s` on((`s`.`id` = `m`.`statuts_id`))) where ((`m`.`published` = 0) or (`m`.`published` = 1)) order by `m`.`date_heure` desc ;

-- --------------------------------------------------------

--
-- Structure de la vue `footregion_vue_messages`
--
DROP TABLE IF EXISTS `footregion_vue_messages`;

CREATE ALGORITHM=UNDEFINED DEFINER=`root`@`localhost` SQL SECURITY DEFINER VIEW `footregion_vue_messages`  AS  select `m`.`id` AS `id`,`m`.`created` AS `date`,concat(`u`.`nom`,' ',`u`.`prenom`) AS `auteur`,`u`.`email` AS `email`,`m`.`libelle` AS `libelle`,`m`.`discussions_id` AS `did` from (`footregion_footregion_messages` `m` left join `footregion_footregion_utilisateurs` `u` on((`u`.`id` = `m`.`utilisateurs_id`))) where (`m`.`published` = 1) order by `m`.`discussions_id` desc,`m`.`id` desc ;

-- --------------------------------------------------------

--
-- Structure de la vue `footregion_vue_messages_emis`
--
DROP TABLE IF EXISTS `footregion_vue_messages_emis`;

CREATE ALGORITHM=UNDEFINED DEFINER=`root`@`localhost` SQL SECURITY DEFINER VIEW `footregion_vue_messages_emis`  AS  select `m`.`id` AS `id`,`m`.`created` AS `date`,concat(`u`.`nom`,' ',`u`.`prenom`) AS `auteur`,`u`.`email` AS `email`,`m`.`libelle` AS `libelle`,`d`.`theme` AS `discussion` from ((`footregion_footregion_messages` `m` left join `footregion_footregion_utilisateurs` `u` on((`u`.`id` = `m`.`utilisateurs_id`))) left join `footregion_footregion_discussions` `d` on((`d`.`id` = `m`.`discussions_id`))) where (`m`.`published` = 1) order by `d`.`theme`,`m`.`id` desc ;

-- --------------------------------------------------------

--
-- Structure de la vue `footregion_vue_mes_clubs`
--
DROP TABLE IF EXISTS `footregion_vue_mes_clubs`;

CREATE ALGORITHM=UNDEFINED DEFINER=`root`@`localhost` SQL SECURITY DEFINER VIEW `footregion_vue_mes_clubs`  AS  (select distinct `c`.`id` AS `id`,`c`.`nom` AS `nom`,`c`.`adr_rue` AS `adr_rue`,`c`.`sigle` AS `sigle`,`c`.`adr_ville` AS `adr_ville`,`c`.`adr_cp` AS `adr_cp`,`d`.`email` AS `email`,`e`.`nom` AS `equipe`,`ent`.`email` AS `emailEntraineur`,`j`.`email` AS `emailJoueur`,`u`.`nom` AS `nomDirecteur`,`u`.`prenom` AS `prenomDirecteur` from ((((((`footregion_footregion_clubs` `c` left join `footregion_footregion_directeurs` `d` on((`d`.`id` = `c`.`directeurs_id`))) left join `footregion_footregion_equipes` `e` on((`e`.`clubs_id` = `c`.`id`))) left join `footregion_footregion_entraineurs` `ent` on((`ent`.`id` = `e`.`entraineurs_id`))) left join `footregion_footregion_categories` `cat` on((`cat`.`id` = `e`.`categories_id`))) left join `footregion_footregion_joueurs` `j` on((`j`.`equipes_id` = `e`.`id`))) left join `footregion_footregion_utilisateurs` `u` on((`u`.`email` = `d`.`email`))) where (`c`.`published` = 1) order by `c`.`nom`) ;

-- --------------------------------------------------------

--
-- Structure de la vue `footregion_vue_mes_equipes`
--
DROP TABLE IF EXISTS `footregion_vue_mes_equipes`;

CREATE ALGORITHM=UNDEFINED DEFINER=`root`@`localhost` SQL SECURITY DEFINER VIEW `footregion_vue_mes_equipes`  AS  (select `e`.`id` AS `id`,`e`.`nom` AS `equipe`,`cat`.`nom` AS `categorie`,concat(`u`.`nom`,' ',`u`.`prenom`) AS `entraineur`,`c`.`nom` AS `club`,`en`.`email` AS `email` from (((((`footregion_footregion_equipes` `e` left join `footregion_footregion_entraineurs` `en` on((`en`.`id` = `e`.`entraineurs_id`))) left join `footregion_footregion_joueurs` `j` on((`j`.`equipes_id` = `e`.`id`))) left join `footregion_footregion_categories` `cat` on((`cat`.`id` = `e`.`categories_id`))) left join `footregion_footregion_utilisateurs` `u` on((`u`.`email` = `en`.`email`))) left join `footregion_footregion_clubs` `c` on((`c`.`id` = `e`.`clubs_id`))) where (`e`.`published` = 1) order by `e`.`nom`) ;

-- --------------------------------------------------------

--
-- Structure de la vue `footregion_vue_mon_equipe`
--
DROP TABLE IF EXISTS `footregion_vue_mon_equipe`;

CREATE ALGORITHM=UNDEFINED DEFINER=`root`@`localhost` SQL SECURITY DEFINER VIEW `footregion_vue_mon_equipe`  AS  (select `e`.`id` AS `id`,`e`.`nom` AS `equipe`,`cat`.`nom` AS `categorie`,`c`.`nom` AS `club`,concat(`uen`.`nom`,' ',`uen`.`prenom`) AS `entraineur`,concat(`uj2`.`nom`,' ',`uj2`.`prenom`) AS `joueur`,`j1`.`email` AS `email` from (((((((`footregion_footregion_equipes` `e` join `footregion_footregion_joueurs` `j1` on((`j1`.`equipes_id` = `e`.`id`))) left join `footregion_footregion_categories` `cat` on((`cat`.`id` = `e`.`categories_id`))) left join `footregion_footregion_clubs` `c` on((`c`.`id` = `e`.`clubs_id`))) left join `footregion_footregion_entraineurs` `en` on((`en`.`id` = `e`.`entraineurs_id`))) left join `footregion_footregion_utilisateurs` `uen` on((`uen`.`email` = `en`.`email`))) left join `footregion_footregion_joueurs` `j2` on((`j2`.`equipes_id` = `e`.`id`))) left join `footregion_footregion_utilisateurs` `uj2` on((`uj2`.`email` = `j2`.`email`))) where (`e`.`published` = 1) order by `uj2`.`nom`) ;

--
-- Index pour les tables déchargées
--

--
-- Index pour la table `footregion_action_logs`
--
ALTER TABLE `footregion_action_logs`
  ADD PRIMARY KEY (`id`),
  ADD KEY `idx_user_id` (`user_id`),
  ADD KEY `idx_user_id_logdate` (`user_id`,`log_date`),
  ADD KEY `idx_user_id_extension` (`user_id`,`extension`),
  ADD KEY `idx_extension_item_id` (`extension`,`item_id`);

--
-- Index pour la table `footregion_action_logs_extensions`
--
ALTER TABLE `footregion_action_logs_extensions`
  ADD PRIMARY KEY (`id`);

--
-- Index pour la table `footregion_action_logs_users`
--
ALTER TABLE `footregion_action_logs_users`
  ADD PRIMARY KEY (`user_id`),
  ADD KEY `idx_notify` (`notify`);

--
-- Index pour la table `footregion_action_log_config`
--
ALTER TABLE `footregion_action_log_config`
  ADD PRIMARY KEY (`id`);

--
-- Index pour la table `footregion_annuaire_civilites`
--
ALTER TABLE `footregion_annuaire_civilites`
  ADD PRIMARY KEY (`id`);

--
-- Index pour la table `footregion_annuaire_contacts`
--
ALTER TABLE `footregion_annuaire_contacts`
  ADD PRIMARY KEY (`id`),
  ADD KEY `fk_footregion_annuaire_civilites_id` (`civilites_id`),
  ADD KEY `fk_footregion_annuaire_typescontacts_id` (`typescontacts_id`),
  ADD KEY `fk_footregion_annuaire_entreprises_id` (`entreprises_id`);

--
-- Index pour la table `footregion_annuaire_entreprises`
--
ALTER TABLE `footregion_annuaire_entreprises`
  ADD PRIMARY KEY (`id`),
  ADD KEY `fk_footregion_annuaire_pays_id` (`pays_id`);

--
-- Index pour la table `footregion_annuaire_pays`
--
ALTER TABLE `footregion_annuaire_pays`
  ADD PRIMARY KEY (`id`);

--
-- Index pour la table `footregion_annuaire_typescontacts`
--
ALTER TABLE `footregion_annuaire_typescontacts`
  ADD PRIMARY KEY (`id`);

--
-- Index pour la table `footregion_assets`
--
ALTER TABLE `footregion_assets`
  ADD PRIMARY KEY (`id`),
  ADD UNIQUE KEY `idx_asset_name` (`name`),
  ADD KEY `idx_lft_rgt` (`lft`,`rgt`),
  ADD KEY `idx_parent_id` (`parent_id`);

--
-- Index pour la table `footregion_associations`
--
ALTER TABLE `footregion_associations`
  ADD PRIMARY KEY (`context`,`id`),
  ADD KEY `idx_key` (`key`);

--
-- Index pour la table `footregion_banners`
--
ALTER TABLE `footregion_banners`
  ADD PRIMARY KEY (`id`),
  ADD KEY `idx_state` (`state`),
  ADD KEY `idx_own_prefix` (`own_prefix`),
  ADD KEY `idx_metakey_prefix` (`metakey_prefix`(100)),
  ADD KEY `idx_banner_catid` (`catid`),
  ADD KEY `idx_language` (`language`);

--
-- Index pour la table `footregion_banner_clients`
--
ALTER TABLE `footregion_banner_clients`
  ADD PRIMARY KEY (`id`),
  ADD KEY `idx_own_prefix` (`own_prefix`),
  ADD KEY `idx_metakey_prefix` (`metakey_prefix`(100));

--
-- Index pour la table `footregion_banner_tracks`
--
ALTER TABLE `footregion_banner_tracks`
  ADD PRIMARY KEY (`track_date`,`track_type`,`banner_id`),
  ADD KEY `idx_track_date` (`track_date`),
  ADD KEY `idx_track_type` (`track_type`),
  ADD KEY `idx_banner_id` (`banner_id`);

--
-- Index pour la table `footregion_categories`
--
ALTER TABLE `footregion_categories`
  ADD PRIMARY KEY (`id`),
  ADD KEY `cat_idx` (`extension`,`published`,`access`),
  ADD KEY `idx_access` (`access`),
  ADD KEY `idx_checkout` (`checked_out`),
  ADD KEY `idx_path` (`path`(100)),
  ADD KEY `idx_left_right` (`lft`,`rgt`),
  ADD KEY `idx_alias` (`alias`(100)),
  ADD KEY `idx_language` (`language`);

--
-- Index pour la table `footregion_contact_details`
--
ALTER TABLE `footregion_contact_details`
  ADD PRIMARY KEY (`id`),
  ADD KEY `idx_access` (`access`),
  ADD KEY `idx_checkout` (`checked_out`),
  ADD KEY `idx_state` (`published`),
  ADD KEY `idx_catid` (`catid`),
  ADD KEY `idx_createdby` (`created_by`),
  ADD KEY `idx_featured_catid` (`featured`,`catid`),
  ADD KEY `idx_language` (`language`),
  ADD KEY `idx_xreference` (`xreference`);

--
-- Index pour la table `footregion_content`
--
ALTER TABLE `footregion_content`
  ADD PRIMARY KEY (`id`),
  ADD KEY `idx_access` (`access`),
  ADD KEY `idx_checkout` (`checked_out`),
  ADD KEY `idx_state` (`state`),
  ADD KEY `idx_catid` (`catid`),
  ADD KEY `idx_createdby` (`created_by`),
  ADD KEY `idx_featured_catid` (`featured`,`catid`),
  ADD KEY `idx_language` (`language`),
  ADD KEY `idx_xreference` (`xreference`),
  ADD KEY `idx_alias` (`alias`(191));

--
-- Index pour la table `footregion_contentitem_tag_map`
--
ALTER TABLE `footregion_contentitem_tag_map`
  ADD UNIQUE KEY `uc_ItemnameTagid` (`type_id`,`content_item_id`,`tag_id`),
  ADD KEY `idx_tag_type` (`tag_id`,`type_id`),
  ADD KEY `idx_date_id` (`tag_date`,`tag_id`),
  ADD KEY `idx_core_content_id` (`core_content_id`);

--
-- Index pour la table `footregion_content_frontpage`
--
ALTER TABLE `footregion_content_frontpage`
  ADD PRIMARY KEY (`content_id`);

--
-- Index pour la table `footregion_content_rating`
--
ALTER TABLE `footregion_content_rating`
  ADD PRIMARY KEY (`content_id`);

--
-- Index pour la table `footregion_content_types`
--
ALTER TABLE `footregion_content_types`
  ADD PRIMARY KEY (`type_id`),
  ADD KEY `idx_alias` (`type_alias`(100));

--
-- Index pour la table `footregion_extensions`
--
ALTER TABLE `footregion_extensions`
  ADD PRIMARY KEY (`extension_id`),
  ADD KEY `element_clientid` (`element`,`client_id`),
  ADD KEY `element_folder_clientid` (`element`,`folder`,`client_id`),
  ADD KEY `extension` (`type`,`element`,`folder`,`client_id`);

--
-- Index pour la table `footregion_fields`
--
ALTER TABLE `footregion_fields`
  ADD PRIMARY KEY (`id`),
  ADD KEY `idx_checkout` (`checked_out`),
  ADD KEY `idx_state` (`state`),
  ADD KEY `idx_created_user_id` (`created_user_id`),
  ADD KEY `idx_access` (`access`),
  ADD KEY `idx_context` (`context`(191)),
  ADD KEY `idx_language` (`language`);

--
-- Index pour la table `footregion_fields_categories`
--
ALTER TABLE `footregion_fields_categories`
  ADD PRIMARY KEY (`field_id`,`category_id`);

--
-- Index pour la table `footregion_fields_groups`
--
ALTER TABLE `footregion_fields_groups`
  ADD PRIMARY KEY (`id`),
  ADD KEY `idx_checkout` (`checked_out`),
  ADD KEY `idx_state` (`state`),
  ADD KEY `idx_created_by` (`created_by`),
  ADD KEY `idx_access` (`access`),
  ADD KEY `idx_context` (`context`(191)),
  ADD KEY `idx_language` (`language`);

--
-- Index pour la table `footregion_fields_values`
--
ALTER TABLE `footregion_fields_values`
  ADD KEY `idx_field_id` (`field_id`),
  ADD KEY `idx_item_id` (`item_id`(191));

--
-- Index pour la table `footregion_finder_filters`
--
ALTER TABLE `footregion_finder_filters`
  ADD PRIMARY KEY (`filter_id`);

--
-- Index pour la table `footregion_finder_links`
--
ALTER TABLE `footregion_finder_links`
  ADD PRIMARY KEY (`link_id`),
  ADD KEY `idx_type` (`type_id`),
  ADD KEY `idx_title` (`title`(100)),
  ADD KEY `idx_md5` (`md5sum`),
  ADD KEY `idx_url` (`url`(75)),
  ADD KEY `idx_published_list` (`published`,`state`,`access`,`publish_start_date`,`publish_end_date`,`list_price`),
  ADD KEY `idx_published_sale` (`published`,`state`,`access`,`publish_start_date`,`publish_end_date`,`sale_price`);

--
-- Index pour la table `footregion_finder_links_terms0`
--
ALTER TABLE `footregion_finder_links_terms0`
  ADD PRIMARY KEY (`link_id`,`term_id`),
  ADD KEY `idx_term_weight` (`term_id`,`weight`),
  ADD KEY `idx_link_term_weight` (`link_id`,`term_id`,`weight`);

--
-- Index pour la table `footregion_finder_links_terms1`
--
ALTER TABLE `footregion_finder_links_terms1`
  ADD PRIMARY KEY (`link_id`,`term_id`),
  ADD KEY `idx_term_weight` (`term_id`,`weight`),
  ADD KEY `idx_link_term_weight` (`link_id`,`term_id`,`weight`);

--
-- Index pour la table `footregion_finder_links_terms2`
--
ALTER TABLE `footregion_finder_links_terms2`
  ADD PRIMARY KEY (`link_id`,`term_id`),
  ADD KEY `idx_term_weight` (`term_id`,`weight`),
  ADD KEY `idx_link_term_weight` (`link_id`,`term_id`,`weight`);

--
-- Index pour la table `footregion_finder_links_terms3`
--
ALTER TABLE `footregion_finder_links_terms3`
  ADD PRIMARY KEY (`link_id`,`term_id`),
  ADD KEY `idx_term_weight` (`term_id`,`weight`),
  ADD KEY `idx_link_term_weight` (`link_id`,`term_id`,`weight`);

--
-- Index pour la table `footregion_finder_links_terms4`
--
ALTER TABLE `footregion_finder_links_terms4`
  ADD PRIMARY KEY (`link_id`,`term_id`),
  ADD KEY `idx_term_weight` (`term_id`,`weight`),
  ADD KEY `idx_link_term_weight` (`link_id`,`term_id`,`weight`);

--
-- Index pour la table `footregion_finder_links_terms5`
--
ALTER TABLE `footregion_finder_links_terms5`
  ADD PRIMARY KEY (`link_id`,`term_id`),
  ADD KEY `idx_term_weight` (`term_id`,`weight`),
  ADD KEY `idx_link_term_weight` (`link_id`,`term_id`,`weight`);

--
-- Index pour la table `footregion_finder_links_terms6`
--
ALTER TABLE `footregion_finder_links_terms6`
  ADD PRIMARY KEY (`link_id`,`term_id`),
  ADD KEY `idx_term_weight` (`term_id`,`weight`),
  ADD KEY `idx_link_term_weight` (`link_id`,`term_id`,`weight`);

--
-- Index pour la table `footregion_finder_links_terms7`
--
ALTER TABLE `footregion_finder_links_terms7`
  ADD PRIMARY KEY (`link_id`,`term_id`),
  ADD KEY `idx_term_weight` (`term_id`,`weight`),
  ADD KEY `idx_link_term_weight` (`link_id`,`term_id`,`weight`);

--
-- Index pour la table `footregion_finder_links_terms8`
--
ALTER TABLE `footregion_finder_links_terms8`
  ADD PRIMARY KEY (`link_id`,`term_id`),
  ADD KEY `idx_term_weight` (`term_id`,`weight`),
  ADD KEY `idx_link_term_weight` (`link_id`,`term_id`,`weight`);

--
-- Index pour la table `footregion_finder_links_terms9`
--
ALTER TABLE `footregion_finder_links_terms9`
  ADD PRIMARY KEY (`link_id`,`term_id`),
  ADD KEY `idx_term_weight` (`term_id`,`weight`),
  ADD KEY `idx_link_term_weight` (`link_id`,`term_id`,`weight`);

--
-- Index pour la table `footregion_finder_links_termsa`
--
ALTER TABLE `footregion_finder_links_termsa`
  ADD PRIMARY KEY (`link_id`,`term_id`),
  ADD KEY `idx_term_weight` (`term_id`,`weight`),
  ADD KEY `idx_link_term_weight` (`link_id`,`term_id`,`weight`);

--
-- Index pour la table `footregion_finder_links_termsb`
--
ALTER TABLE `footregion_finder_links_termsb`
  ADD PRIMARY KEY (`link_id`,`term_id`),
  ADD KEY `idx_term_weight` (`term_id`,`weight`),
  ADD KEY `idx_link_term_weight` (`link_id`,`term_id`,`weight`);

--
-- Index pour la table `footregion_finder_links_termsc`
--
ALTER TABLE `footregion_finder_links_termsc`
  ADD PRIMARY KEY (`link_id`,`term_id`),
  ADD KEY `idx_term_weight` (`term_id`,`weight`),
  ADD KEY `idx_link_term_weight` (`link_id`,`term_id`,`weight`);

--
-- Index pour la table `footregion_finder_links_termsd`
--
ALTER TABLE `footregion_finder_links_termsd`
  ADD PRIMARY KEY (`link_id`,`term_id`),
  ADD KEY `idx_term_weight` (`term_id`,`weight`),
  ADD KEY `idx_link_term_weight` (`link_id`,`term_id`,`weight`);

--
-- Index pour la table `footregion_finder_links_termse`
--
ALTER TABLE `footregion_finder_links_termse`
  ADD PRIMARY KEY (`link_id`,`term_id`),
  ADD KEY `idx_term_weight` (`term_id`,`weight`),
  ADD KEY `idx_link_term_weight` (`link_id`,`term_id`,`weight`);

--
-- Index pour la table `footregion_finder_links_termsf`
--
ALTER TABLE `footregion_finder_links_termsf`
  ADD PRIMARY KEY (`link_id`,`term_id`),
  ADD KEY `idx_term_weight` (`term_id`,`weight`),
  ADD KEY `idx_link_term_weight` (`link_id`,`term_id`,`weight`);

--
-- Index pour la table `footregion_finder_taxonomy`
--
ALTER TABLE `footregion_finder_taxonomy`
  ADD PRIMARY KEY (`id`),
  ADD KEY `parent_id` (`parent_id`),
  ADD KEY `state` (`state`),
  ADD KEY `ordering` (`ordering`),
  ADD KEY `access` (`access`),
  ADD KEY `idx_parent_published` (`parent_id`,`state`,`access`);

--
-- Index pour la table `footregion_finder_taxonomy_map`
--
ALTER TABLE `footregion_finder_taxonomy_map`
  ADD PRIMARY KEY (`link_id`,`node_id`),
  ADD KEY `link_id` (`link_id`),
  ADD KEY `node_id` (`node_id`);

--
-- Index pour la table `footregion_finder_terms`
--
ALTER TABLE `footregion_finder_terms`
  ADD PRIMARY KEY (`term_id`),
  ADD UNIQUE KEY `idx_term` (`term`),
  ADD KEY `idx_term_phrase` (`term`,`phrase`),
  ADD KEY `idx_stem_phrase` (`stem`,`phrase`),
  ADD KEY `idx_soundex_phrase` (`soundex`,`phrase`);

--
-- Index pour la table `footregion_finder_terms_common`
--
ALTER TABLE `footregion_finder_terms_common`
  ADD KEY `idx_word_lang` (`term`,`language`),
  ADD KEY `idx_lang` (`language`);

--
-- Index pour la table `footregion_finder_tokens`
--
ALTER TABLE `footregion_finder_tokens`
  ADD KEY `idx_word` (`term`),
  ADD KEY `idx_context` (`context`);

--
-- Index pour la table `footregion_finder_tokens_aggregate`
--
ALTER TABLE `footregion_finder_tokens_aggregate`
  ADD KEY `token` (`term`),
  ADD KEY `keyword_id` (`term_id`);

--
-- Index pour la table `footregion_finder_types`
--
ALTER TABLE `footregion_finder_types`
  ADD PRIMARY KEY (`id`),
  ADD UNIQUE KEY `title` (`title`);

--
-- Index pour la table `footregion_footregion_arbitres`
--
ALTER TABLE `footregion_footregion_arbitres`
  ADD PRIMARY KEY (`id`),
  ADD UNIQUE KEY `idx_footregion_footregion_arbitres_email` (`email`) USING BTREE;

--
-- Index pour la table `footregion_footregion_categories`
--
ALTER TABLE `footregion_footregion_categories`
  ADD PRIMARY KEY (`id`);

--
-- Index pour la table `footregion_footregion_clubs`
--
ALTER TABLE `footregion_footregion_clubs`
  ADD PRIMARY KEY (`id`),
  ADD KEY `fk_footregion_footregion_clubs_directeurs_id` (`directeurs_id`);

--
-- Index pour la table `footregion_footregion_directeurs`
--
ALTER TABLE `footregion_footregion_directeurs`
  ADD PRIMARY KEY (`id`),
  ADD UNIQUE KEY `idx_footregion_footregion_directeurs_email` (`email`) USING BTREE;

--
-- Index pour la table `footregion_footregion_discussions`
--
ALTER TABLE `footregion_footregion_discussions`
  ADD PRIMARY KEY (`id`),
  ADD KEY `fk_footregion_footregion_discussions_utilisateurs_id` (`utilisateurs_id`);

--
-- Index pour la table `footregion_footregion_entraineurs`
--
ALTER TABLE `footregion_footregion_entraineurs`
  ADD PRIMARY KEY (`id`),
  ADD UNIQUE KEY `idx_footregion_footregion_entraineurs_email` (`email`) USING BTREE;

--
-- Index pour la table `footregion_footregion_equipes`
--
ALTER TABLE `footregion_footregion_equipes`
  ADD PRIMARY KEY (`id`),
  ADD KEY `fk_footregion_footregion_equipes_categories_id` (`categories_id`),
  ADD KEY `fk_footregion_footregion_equipes_entraineurs_id` (`entraineurs_id`),
  ADD KEY `fk_footregion_footregion_equipes_clubs_id` (`clubs_id`);

--
-- Index pour la table `footregion_footregion_joueurs`
--
ALTER TABLE `footregion_footregion_joueurs`
  ADD PRIMARY KEY (`id`),
  ADD UNIQUE KEY `idx_footregion_footregion_joueurs_email` (`email`) USING BTREE,
  ADD KEY `fk_footregion_footregion_joueurs_equipes_id` (`equipes_id`);

--
-- Index pour la table `footregion_footregion_matchs`
--
ALTER TABLE `footregion_footregion_matchs`
  ADD PRIMARY KEY (`id`),
  ADD KEY `fk_footregion_footregion_matchs_entraineurs_initiateur_id` (`entraineurs_initiateur_id`),
  ADD KEY `fk_footregion_footregion_matchs_entraineurs_invite_id` (`entraineurs_invite_id`),
  ADD KEY `fk_footregion_footregion_matchs_equipes_domicile_id` (`equipes_domicile_id`),
  ADD KEY `fk_footregion_footregion_matchs_equipes_invite_id` (`equipes_invite_id`),
  ADD KEY `fk_footregion_footregion_matchs_statuts_id` (`statuts_id`),
  ADD KEY `fk_footregion_footregion_matchs_tournois_id` (`tournois_id`);

--
-- Index pour la table `footregion_footregion_matchs_arbitres`
--
ALTER TABLE `footregion_footregion_matchs_arbitres`
  ADD PRIMARY KEY (`id`),
  ADD KEY `fk_footregion_footregion_matchs_arbitres_matchs_id` (`matchs_id`),
  ADD KEY `fk_footregion_footregion_matchs_arbitres_arbitres_id` (`arbitres_id`);

--
-- Index pour la table `footregion_footregion_messages`
--
ALTER TABLE `footregion_footregion_messages`
  ADD PRIMARY KEY (`id`),
  ADD KEY `fk_footregion_footregion_messages_discussions_id` (`discussions_id`),
  ADD KEY `fk_footregion_footregion_messages_utilisateurs_id` (`utilisateurs_id`);

--
-- Index pour la table `footregion_footregion_signalements`
--
ALTER TABLE `footregion_footregion_signalements`
  ADD PRIMARY KEY (`id`),
  ADD KEY `fk_footregion_footregion_signalements_arbitres_id` (`arbitres_id`),
  ADD KEY `fk_footregion_footregion_signalements_entraineurs_id` (`entraineurs_id`);

--
-- Index pour la table `footregion_footregion_statuts`
--
ALTER TABLE `footregion_footregion_statuts`
  ADD PRIMARY KEY (`id`);

--
-- Index pour la table `footregion_footregion_tournois`
--
ALTER TABLE `footregion_footregion_tournois`
  ADD PRIMARY KEY (`id`),
  ADD KEY `fk_footregion_footregion_entraineur_id` (`entraineur_id`);

--
-- Index pour la table `footregion_footregion_utilisateurs`
--
ALTER TABLE `footregion_footregion_utilisateurs`
  ADD PRIMARY KEY (`id`),
  ADD UNIQUE KEY `idx_footregion_footregion_utilisateurs_email` (`email`) USING BTREE;

--
-- Index pour la table `footregion_languages`
--
ALTER TABLE `footregion_languages`
  ADD PRIMARY KEY (`lang_id`),
  ADD UNIQUE KEY `idx_sef` (`sef`),
  ADD UNIQUE KEY `idx_langcode` (`lang_code`),
  ADD KEY `idx_access` (`access`),
  ADD KEY `idx_ordering` (`ordering`);

--
-- Index pour la table `footregion_menu`
--
ALTER TABLE `footregion_menu`
  ADD PRIMARY KEY (`id`),
  ADD UNIQUE KEY `idx_client_id_parent_id_alias_language` (`client_id`,`parent_id`,`alias`(100),`language`),
  ADD KEY `idx_componentid` (`component_id`,`menutype`,`published`,`access`),
  ADD KEY `idx_menutype` (`menutype`),
  ADD KEY `idx_left_right` (`lft`,`rgt`),
  ADD KEY `idx_alias` (`alias`(100)),
  ADD KEY `idx_path` (`path`(100)),
  ADD KEY `idx_language` (`language`);

--
-- Index pour la table `footregion_menu_types`
--
ALTER TABLE `footregion_menu_types`
  ADD PRIMARY KEY (`id`),
  ADD UNIQUE KEY `idx_menutype` (`menutype`);

--
-- Index pour la table `footregion_messages`
--
ALTER TABLE `footregion_messages`
  ADD PRIMARY KEY (`message_id`),
  ADD KEY `useridto_state` (`user_id_to`,`state`);

--
-- Index pour la table `footregion_messages_cfg`
--
ALTER TABLE `footregion_messages_cfg`
  ADD UNIQUE KEY `idx_user_var_name` (`user_id`,`cfg_name`);

--
-- Index pour la table `footregion_modules`
--
ALTER TABLE `footregion_modules`
  ADD PRIMARY KEY (`id`),
  ADD KEY `published` (`published`,`access`),
  ADD KEY `newsfeeds` (`module`,`published`),
  ADD KEY `idx_language` (`language`);

--
-- Index pour la table `footregion_modules_menu`
--
ALTER TABLE `footregion_modules_menu`
  ADD PRIMARY KEY (`moduleid`,`menuid`);

--
-- Index pour la table `footregion_newsfeeds`
--
ALTER TABLE `footregion_newsfeeds`
  ADD PRIMARY KEY (`id`),
  ADD KEY `idx_access` (`access`),
  ADD KEY `idx_checkout` (`checked_out`),
  ADD KEY `idx_state` (`published`),
  ADD KEY `idx_catid` (`catid`),
  ADD KEY `idx_createdby` (`created_by`),
  ADD KEY `idx_language` (`language`),
  ADD KEY `idx_xreference` (`xreference`);

--
-- Index pour la table `footregion_overrider`
--
ALTER TABLE `footregion_overrider`
  ADD PRIMARY KEY (`id`);

--
-- Index pour la table `footregion_postinstall_messages`
--
ALTER TABLE `footregion_postinstall_messages`
  ADD PRIMARY KEY (`postinstall_message_id`);

--
-- Index pour la table `footregion_privacy_consents`
--
ALTER TABLE `footregion_privacy_consents`
  ADD PRIMARY KEY (`id`),
  ADD KEY `idx_user_id` (`user_id`);

--
-- Index pour la table `footregion_privacy_requests`
--
ALTER TABLE `footregion_privacy_requests`
  ADD PRIMARY KEY (`id`);

--
-- Index pour la table `footregion_redirect_links`
--
ALTER TABLE `footregion_redirect_links`
  ADD PRIMARY KEY (`id`),
  ADD KEY `idx_old_url` (`old_url`(100)),
  ADD KEY `idx_link_modifed` (`modified_date`);

--
-- Index pour la table `footregion_schemas`
--
ALTER TABLE `footregion_schemas`
  ADD PRIMARY KEY (`extension_id`,`version_id`);

--
-- Index pour la table `footregion_session`
--
ALTER TABLE `footregion_session`
  ADD PRIMARY KEY (`session_id`),
  ADD KEY `userid` (`userid`),
  ADD KEY `time` (`time`);

--
-- Index pour la table `footregion_tags`
--
ALTER TABLE `footregion_tags`
  ADD PRIMARY KEY (`id`),
  ADD KEY `tag_idx` (`published`,`access`),
  ADD KEY `idx_access` (`access`),
  ADD KEY `idx_checkout` (`checked_out`),
  ADD KEY `idx_path` (`path`(100)),
  ADD KEY `idx_left_right` (`lft`,`rgt`),
  ADD KEY `idx_alias` (`alias`(100)),
  ADD KEY `idx_language` (`language`);

--
-- Index pour la table `footregion_template_styles`
--
ALTER TABLE `footregion_template_styles`
  ADD PRIMARY KEY (`id`),
  ADD KEY `idx_template` (`template`),
  ADD KEY `idx_home` (`home`);

--
-- Index pour la table `footregion_ucm_base`
--
ALTER TABLE `footregion_ucm_base`
  ADD PRIMARY KEY (`ucm_id`),
  ADD KEY `idx_ucm_item_id` (`ucm_item_id`),
  ADD KEY `idx_ucm_type_id` (`ucm_type_id`),
  ADD KEY `idx_ucm_language_id` (`ucm_language_id`);

--
-- Index pour la table `footregion_ucm_content`
--
ALTER TABLE `footregion_ucm_content`
  ADD PRIMARY KEY (`core_content_id`),
  ADD KEY `tag_idx` (`core_state`,`core_access`),
  ADD KEY `idx_access` (`core_access`),
  ADD KEY `idx_alias` (`core_alias`(100)),
  ADD KEY `idx_language` (`core_language`),
  ADD KEY `idx_title` (`core_title`(100)),
  ADD KEY `idx_modified_time` (`core_modified_time`),
  ADD KEY `idx_created_time` (`core_created_time`),
  ADD KEY `idx_content_type` (`core_type_alias`(100)),
  ADD KEY `idx_core_modified_user_id` (`core_modified_user_id`),
  ADD KEY `idx_core_checked_out_user_id` (`core_checked_out_user_id`),
  ADD KEY `idx_core_created_user_id` (`core_created_user_id`),
  ADD KEY `idx_core_type_id` (`core_type_id`);

--
-- Index pour la table `footregion_ucm_history`
--
ALTER TABLE `footregion_ucm_history`
  ADD PRIMARY KEY (`version_id`),
  ADD KEY `idx_ucm_item_id` (`ucm_type_id`,`ucm_item_id`),
  ADD KEY `idx_save_date` (`save_date`);

--
-- Index pour la table `footregion_updates`
--
ALTER TABLE `footregion_updates`
  ADD PRIMARY KEY (`update_id`);

--
-- Index pour la table `footregion_update_sites`
--
ALTER TABLE `footregion_update_sites`
  ADD PRIMARY KEY (`update_site_id`);

--
-- Index pour la table `footregion_update_sites_extensions`
--
ALTER TABLE `footregion_update_sites_extensions`
  ADD PRIMARY KEY (`update_site_id`,`extension_id`);

--
-- Index pour la table `footregion_usergroups`
--
ALTER TABLE `footregion_usergroups`
  ADD PRIMARY KEY (`id`),
  ADD UNIQUE KEY `idx_usergroup_parent_title_lookup` (`parent_id`,`title`),
  ADD KEY `idx_usergroup_title_lookup` (`title`),
  ADD KEY `idx_usergroup_adjacency_lookup` (`parent_id`),
  ADD KEY `idx_usergroup_nested_set_lookup` (`lft`,`rgt`) USING BTREE;

--
-- Index pour la table `footregion_users`
--
ALTER TABLE `footregion_users`
  ADD PRIMARY KEY (`id`),
  ADD KEY `idx_name` (`name`(100)),
  ADD KEY `idx_block` (`block`),
  ADD KEY `username` (`username`),
  ADD KEY `email` (`email`);

--
-- Index pour la table `footregion_user_keys`
--
ALTER TABLE `footregion_user_keys`
  ADD PRIMARY KEY (`id`),
  ADD UNIQUE KEY `series` (`series`),
  ADD KEY `user_id` (`user_id`);

--
-- Index pour la table `footregion_user_notes`
--
ALTER TABLE `footregion_user_notes`
  ADD PRIMARY KEY (`id`),
  ADD KEY `idx_user_id` (`user_id`),
  ADD KEY `idx_category_id` (`catid`);

--
-- Index pour la table `footregion_user_profiles`
--
ALTER TABLE `footregion_user_profiles`
  ADD UNIQUE KEY `idx_user_id_profile_key` (`user_id`,`profile_key`);

--
-- Index pour la table `footregion_user_usergroup_map`
--
ALTER TABLE `footregion_user_usergroup_map`
  ADD PRIMARY KEY (`user_id`,`group_id`);

--
-- Index pour la table `footregion_viewlevels`
--
ALTER TABLE `footregion_viewlevels`
  ADD PRIMARY KEY (`id`),
  ADD UNIQUE KEY `idx_assetgroup_title_lookup` (`title`);

--
-- AUTO_INCREMENT pour les tables déchargées
--

--
-- AUTO_INCREMENT pour la table `footregion_action_logs`
--
ALTER TABLE `footregion_action_logs`
  MODIFY `id` int(10) UNSIGNED NOT NULL AUTO_INCREMENT;

--
-- AUTO_INCREMENT pour la table `footregion_action_logs_extensions`
--
ALTER TABLE `footregion_action_logs_extensions`
  MODIFY `id` int(10) UNSIGNED NOT NULL AUTO_INCREMENT, AUTO_INCREMENT=18;

--
-- AUTO_INCREMENT pour la table `footregion_action_log_config`
--
ALTER TABLE `footregion_action_log_config`
  MODIFY `id` int(10) UNSIGNED NOT NULL AUTO_INCREMENT, AUTO_INCREMENT=20;

--
-- AUTO_INCREMENT pour la table `footregion_annuaire_civilites`
--
ALTER TABLE `footregion_annuaire_civilites`
  MODIFY `id` int(11) NOT NULL AUTO_INCREMENT, AUTO_INCREMENT=5;

--
-- AUTO_INCREMENT pour la table `footregion_annuaire_contacts`
--
ALTER TABLE `footregion_annuaire_contacts`
  MODIFY `id` int(11) NOT NULL AUTO_INCREMENT, AUTO_INCREMENT=4;

--
-- AUTO_INCREMENT pour la table `footregion_annuaire_entreprises`
--
ALTER TABLE `footregion_annuaire_entreprises`
  MODIFY `id` int(11) NOT NULL AUTO_INCREMENT, AUTO_INCREMENT=4;

--
-- AUTO_INCREMENT pour la table `footregion_annuaire_pays`
--
ALTER TABLE `footregion_annuaire_pays`
  MODIFY `id` int(11) NOT NULL AUTO_INCREMENT, AUTO_INCREMENT=8;

--
-- AUTO_INCREMENT pour la table `footregion_annuaire_typescontacts`
--
ALTER TABLE `footregion_annuaire_typescontacts`
  MODIFY `id` int(11) NOT NULL AUTO_INCREMENT, AUTO_INCREMENT=6;

--
-- AUTO_INCREMENT pour la table `footregion_assets`
--
ALTER TABLE `footregion_assets`
  MODIFY `id` int(10) UNSIGNED NOT NULL AUTO_INCREMENT COMMENT 'Primary Key', AUTO_INCREMENT=88;

--
-- AUTO_INCREMENT pour la table `footregion_banners`
--
ALTER TABLE `footregion_banners`
  MODIFY `id` int(11) NOT NULL AUTO_INCREMENT;

--
-- AUTO_INCREMENT pour la table `footregion_banner_clients`
--
ALTER TABLE `footregion_banner_clients`
  MODIFY `id` int(11) NOT NULL AUTO_INCREMENT;

--
-- AUTO_INCREMENT pour la table `footregion_categories`
--
ALTER TABLE `footregion_categories`
  MODIFY `id` int(11) NOT NULL AUTO_INCREMENT, AUTO_INCREMENT=8;

--
-- AUTO_INCREMENT pour la table `footregion_contact_details`
--
ALTER TABLE `footregion_contact_details`
  MODIFY `id` int(11) NOT NULL AUTO_INCREMENT, AUTO_INCREMENT=2;

--
-- AUTO_INCREMENT pour la table `footregion_content`
--
ALTER TABLE `footregion_content`
  MODIFY `id` int(10) UNSIGNED NOT NULL AUTO_INCREMENT, AUTO_INCREMENT=5;

--
-- AUTO_INCREMENT pour la table `footregion_content_types`
--
ALTER TABLE `footregion_content_types`
  MODIFY `type_id` int(10) UNSIGNED NOT NULL AUTO_INCREMENT, AUTO_INCREMENT=14;

--
-- AUTO_INCREMENT pour la table `footregion_extensions`
--
ALTER TABLE `footregion_extensions`
  MODIFY `extension_id` int(11) NOT NULL AUTO_INCREMENT, AUTO_INCREMENT=819;

--
-- AUTO_INCREMENT pour la table `footregion_fields`
--
ALTER TABLE `footregion_fields`
  MODIFY `id` int(10) UNSIGNED NOT NULL AUTO_INCREMENT;

--
-- AUTO_INCREMENT pour la table `footregion_fields_groups`
--
ALTER TABLE `footregion_fields_groups`
  MODIFY `id` int(10) UNSIGNED NOT NULL AUTO_INCREMENT;

--
-- AUTO_INCREMENT pour la table `footregion_finder_filters`
--
ALTER TABLE `footregion_finder_filters`
  MODIFY `filter_id` int(10) UNSIGNED NOT NULL AUTO_INCREMENT;

--
-- AUTO_INCREMENT pour la table `footregion_finder_links`
--
ALTER TABLE `footregion_finder_links`
  MODIFY `link_id` int(10) UNSIGNED NOT NULL AUTO_INCREMENT;

--
-- AUTO_INCREMENT pour la table `footregion_finder_taxonomy`
--
ALTER TABLE `footregion_finder_taxonomy`
  MODIFY `id` int(10) UNSIGNED NOT NULL AUTO_INCREMENT, AUTO_INCREMENT=2;

--
-- AUTO_INCREMENT pour la table `footregion_finder_terms`
--
ALTER TABLE `footregion_finder_terms`
  MODIFY `term_id` int(10) UNSIGNED NOT NULL AUTO_INCREMENT;

--
-- AUTO_INCREMENT pour la table `footregion_finder_types`
--
ALTER TABLE `footregion_finder_types`
  MODIFY `id` int(10) UNSIGNED NOT NULL AUTO_INCREMENT;

--
-- AUTO_INCREMENT pour la table `footregion_footregion_arbitres`
--
ALTER TABLE `footregion_footregion_arbitres`
  MODIFY `id` int(11) NOT NULL AUTO_INCREMENT, AUTO_INCREMENT=7;

--
-- AUTO_INCREMENT pour la table `footregion_footregion_categories`
--
ALTER TABLE `footregion_footregion_categories`
  MODIFY `id` int(11) NOT NULL AUTO_INCREMENT, AUTO_INCREMENT=10;

--
-- AUTO_INCREMENT pour la table `footregion_footregion_clubs`
--
ALTER TABLE `footregion_footregion_clubs`
  MODIFY `id` int(11) NOT NULL AUTO_INCREMENT, AUTO_INCREMENT=9;

--
-- AUTO_INCREMENT pour la table `footregion_footregion_directeurs`
--
ALTER TABLE `footregion_footregion_directeurs`
  MODIFY `id` int(11) NOT NULL AUTO_INCREMENT, AUTO_INCREMENT=4;

--
-- AUTO_INCREMENT pour la table `footregion_footregion_discussions`
--
ALTER TABLE `footregion_footregion_discussions`
  MODIFY `id` int(11) NOT NULL AUTO_INCREMENT, AUTO_INCREMENT=16;

--
-- AUTO_INCREMENT pour la table `footregion_footregion_entraineurs`
--
ALTER TABLE `footregion_footregion_entraineurs`
  MODIFY `id` int(11) NOT NULL AUTO_INCREMENT, AUTO_INCREMENT=7;

--
-- AUTO_INCREMENT pour la table `footregion_footregion_equipes`
--
ALTER TABLE `footregion_footregion_equipes`
  MODIFY `id` int(11) NOT NULL AUTO_INCREMENT, AUTO_INCREMENT=9;

--
-- AUTO_INCREMENT pour la table `footregion_footregion_joueurs`
--
ALTER TABLE `footregion_footregion_joueurs`
  MODIFY `id` int(11) NOT NULL AUTO_INCREMENT, AUTO_INCREMENT=20;

--
-- AUTO_INCREMENT pour la table `footregion_footregion_matchs`
--
ALTER TABLE `footregion_footregion_matchs`
  MODIFY `id` int(11) NOT NULL AUTO_INCREMENT, AUTO_INCREMENT=5;

--
-- AUTO_INCREMENT pour la table `footregion_footregion_matchs_arbitres`
--
ALTER TABLE `footregion_footregion_matchs_arbitres`
  MODIFY `id` int(11) NOT NULL AUTO_INCREMENT, AUTO_INCREMENT=3;

--
-- AUTO_INCREMENT pour la table `footregion_footregion_messages`
--
ALTER TABLE `footregion_footregion_messages`
  MODIFY `id` int(11) NOT NULL AUTO_INCREMENT, AUTO_INCREMENT=42;

--
-- AUTO_INCREMENT pour la table `footregion_footregion_signalements`
--
ALTER TABLE `footregion_footregion_signalements`
  MODIFY `id` int(11) NOT NULL AUTO_INCREMENT, AUTO_INCREMENT=5;

--
-- AUTO_INCREMENT pour la table `footregion_footregion_statuts`
--
ALTER TABLE `footregion_footregion_statuts`
  MODIFY `id` int(11) NOT NULL AUTO_INCREMENT, AUTO_INCREMENT=8;

--
-- AUTO_INCREMENT pour la table `footregion_footregion_tournois`
--
ALTER TABLE `footregion_footregion_tournois`
  MODIFY `id` int(11) NOT NULL AUTO_INCREMENT, AUTO_INCREMENT=6;

--
-- AUTO_INCREMENT pour la table `footregion_footregion_utilisateurs`
--
ALTER TABLE `footregion_footregion_utilisateurs`
  MODIFY `id` int(11) NOT NULL AUTO_INCREMENT, AUTO_INCREMENT=39;

--
-- AUTO_INCREMENT pour la table `footregion_languages`
--
ALTER TABLE `footregion_languages`
  MODIFY `lang_id` int(11) UNSIGNED NOT NULL AUTO_INCREMENT, AUTO_INCREMENT=3;

--
-- AUTO_INCREMENT pour la table `footregion_menu`
--
ALTER TABLE `footregion_menu`
  MODIFY `id` int(11) NOT NULL AUTO_INCREMENT, AUTO_INCREMENT=165;

--
-- AUTO_INCREMENT pour la table `footregion_menu_types`
--
ALTER TABLE `footregion_menu_types`
  MODIFY `id` int(10) UNSIGNED NOT NULL AUTO_INCREMENT, AUTO_INCREMENT=7;

--
-- AUTO_INCREMENT pour la table `footregion_messages`
--
ALTER TABLE `footregion_messages`
  MODIFY `message_id` int(10) UNSIGNED NOT NULL AUTO_INCREMENT;

--
-- AUTO_INCREMENT pour la table `footregion_modules`
--
ALTER TABLE `footregion_modules`
  MODIFY `id` int(11) NOT NULL AUTO_INCREMENT, AUTO_INCREMENT=93;

--
-- AUTO_INCREMENT pour la table `footregion_newsfeeds`
--
ALTER TABLE `footregion_newsfeeds`
  MODIFY `id` int(10) UNSIGNED NOT NULL AUTO_INCREMENT;

--
-- AUTO_INCREMENT pour la table `footregion_overrider`
--
ALTER TABLE `footregion_overrider`
  MODIFY `id` int(10) NOT NULL AUTO_INCREMENT COMMENT 'Primary Key';

--
-- AUTO_INCREMENT pour la table `footregion_postinstall_messages`
--
ALTER TABLE `footregion_postinstall_messages`
  MODIFY `postinstall_message_id` bigint(20) UNSIGNED NOT NULL AUTO_INCREMENT, AUTO_INCREMENT=10;

--
-- AUTO_INCREMENT pour la table `footregion_privacy_consents`
--
ALTER TABLE `footregion_privacy_consents`
  MODIFY `id` int(10) UNSIGNED NOT NULL AUTO_INCREMENT;

--
-- AUTO_INCREMENT pour la table `footregion_privacy_requests`
--
ALTER TABLE `footregion_privacy_requests`
  MODIFY `id` int(10) UNSIGNED NOT NULL AUTO_INCREMENT;

--
-- AUTO_INCREMENT pour la table `footregion_redirect_links`
--
ALTER TABLE `footregion_redirect_links`
  MODIFY `id` int(10) UNSIGNED NOT NULL AUTO_INCREMENT;

--
-- AUTO_INCREMENT pour la table `footregion_tags`
--
ALTER TABLE `footregion_tags`
  MODIFY `id` int(10) UNSIGNED NOT NULL AUTO_INCREMENT, AUTO_INCREMENT=2;

--
-- AUTO_INCREMENT pour la table `footregion_template_styles`
--
ALTER TABLE `footregion_template_styles`
  MODIFY `id` int(10) UNSIGNED NOT NULL AUTO_INCREMENT, AUTO_INCREMENT=10;

--
-- AUTO_INCREMENT pour la table `footregion_ucm_content`
--
ALTER TABLE `footregion_ucm_content`
  MODIFY `core_content_id` int(10) UNSIGNED NOT NULL AUTO_INCREMENT;

--
-- AUTO_INCREMENT pour la table `footregion_ucm_history`
--
ALTER TABLE `footregion_ucm_history`
  MODIFY `version_id` int(10) UNSIGNED NOT NULL AUTO_INCREMENT, AUTO_INCREMENT=8;

--
-- AUTO_INCREMENT pour la table `footregion_updates`
--
ALTER TABLE `footregion_updates`
  MODIFY `update_id` int(11) NOT NULL AUTO_INCREMENT, AUTO_INCREMENT=57;

--
-- AUTO_INCREMENT pour la table `footregion_update_sites`
--
ALTER TABLE `footregion_update_sites`
  MODIFY `update_site_id` int(11) NOT NULL AUTO_INCREMENT, AUTO_INCREMENT=4;

--
-- AUTO_INCREMENT pour la table `footregion_usergroups`
--
ALTER TABLE `footregion_usergroups`
  MODIFY `id` int(10) UNSIGNED NOT NULL AUTO_INCREMENT COMMENT 'Primary Key', AUTO_INCREMENT=16;

--
-- AUTO_INCREMENT pour la table `footregion_users`
--
ALTER TABLE `footregion_users`
  MODIFY `id` int(11) NOT NULL AUTO_INCREMENT, AUTO_INCREMENT=47;

--
-- AUTO_INCREMENT pour la table `footregion_user_keys`
--
ALTER TABLE `footregion_user_keys`
  MODIFY `id` int(10) UNSIGNED NOT NULL AUTO_INCREMENT;

--
-- AUTO_INCREMENT pour la table `footregion_user_notes`
--
ALTER TABLE `footregion_user_notes`
  MODIFY `id` int(10) UNSIGNED NOT NULL AUTO_INCREMENT;

--
-- AUTO_INCREMENT pour la table `footregion_viewlevels`
--
ALTER TABLE `footregion_viewlevels`
  MODIFY `id` int(10) UNSIGNED NOT NULL AUTO_INCREMENT COMMENT 'Primary Key', AUTO_INCREMENT=12;

--
-- Contraintes pour les tables déchargées
--

--
-- Contraintes pour la table `footregion_annuaire_contacts`
--
ALTER TABLE `footregion_annuaire_contacts`
  ADD CONSTRAINT `fk_footregion_annuaire_civilites_id` FOREIGN KEY (`civilites_id`) REFERENCES `footregion_annuaire_civilites` (`id`),
  ADD CONSTRAINT `fk_footregion_annuaire_entreprises_id` FOREIGN KEY (`entreprises_id`) REFERENCES `footregion_annuaire_entreprises` (`id`),
  ADD CONSTRAINT `fk_footregion_annuaire_typescontacts_id` FOREIGN KEY (`typescontacts_id`) REFERENCES `footregion_annuaire_typescontacts` (`id`);

--
-- Contraintes pour la table `footregion_annuaire_entreprises`
--
ALTER TABLE `footregion_annuaire_entreprises`
  ADD CONSTRAINT `fk_footregion_annuaire_pays_id` FOREIGN KEY (`pays_id`) REFERENCES `footregion_annuaire_pays` (`id`);

--
-- Contraintes pour la table `footregion_footregion_clubs`
--
ALTER TABLE `footregion_footregion_clubs`
  ADD CONSTRAINT `fk_footregion_footregion_clubs_directeurs_id` FOREIGN KEY (`directeurs_id`) REFERENCES `footregion_footregion_directeurs` (`id`);

--
-- Contraintes pour la table `footregion_footregion_discussions`
--
ALTER TABLE `footregion_footregion_discussions`
  ADD CONSTRAINT `fk_footregion_footregion_discussions_utilisateurs_id` FOREIGN KEY (`utilisateurs_id`) REFERENCES `footregion_footregion_utilisateurs` (`id`);

--
-- Contraintes pour la table `footregion_footregion_equipes`
--
ALTER TABLE `footregion_footregion_equipes`
  ADD CONSTRAINT `fk_footregion_footregion_equipes_categories_id` FOREIGN KEY (`categories_id`) REFERENCES `footregion_footregion_categories` (`id`),
  ADD CONSTRAINT `fk_footregion_footregion_equipes_clubs_id` FOREIGN KEY (`clubs_id`) REFERENCES `footregion_footregion_clubs` (`id`),
  ADD CONSTRAINT `fk_footregion_footregion_equipes_entraineurs_id` FOREIGN KEY (`entraineurs_id`) REFERENCES `footregion_footregion_entraineurs` (`id`);

--
-- Contraintes pour la table `footregion_footregion_joueurs`
--
ALTER TABLE `footregion_footregion_joueurs`
  ADD CONSTRAINT `fk_footregion_footregion_joueurs_equipes_id` FOREIGN KEY (`equipes_id`) REFERENCES `footregion_footregion_equipes` (`id`);

--
-- Contraintes pour la table `footregion_footregion_matchs`
--
ALTER TABLE `footregion_footregion_matchs`
  ADD CONSTRAINT `fk_footregion_footregion_matchs_entraineurs_initiateur_id` FOREIGN KEY (`entraineurs_initiateur_id`) REFERENCES `footregion_footregion_entraineurs` (`id`),
  ADD CONSTRAINT `fk_footregion_footregion_matchs_entraineurs_invite_id` FOREIGN KEY (`entraineurs_invite_id`) REFERENCES `footregion_footregion_entraineurs` (`id`),
  ADD CONSTRAINT `fk_footregion_footregion_matchs_equipes_domicile_id` FOREIGN KEY (`equipes_domicile_id`) REFERENCES `footregion_footregion_equipes` (`id`),
  ADD CONSTRAINT `fk_footregion_footregion_matchs_equipes_invite_id` FOREIGN KEY (`equipes_invite_id`) REFERENCES `footregion_footregion_equipes` (`id`),
  ADD CONSTRAINT `fk_footregion_footregion_matchs_statuts_id` FOREIGN KEY (`statuts_id`) REFERENCES `footregion_footregion_statuts` (`id`),
  ADD CONSTRAINT `fk_footregion_footregion_matchs_tournois_id` FOREIGN KEY (`tournois_id`) REFERENCES `footregion_footregion_tournois` (`id`);

--
-- Contraintes pour la table `footregion_footregion_matchs_arbitres`
--
ALTER TABLE `footregion_footregion_matchs_arbitres`
  ADD CONSTRAINT `fk_footregion_footregion_matchs_arbitres_arbitres_id` FOREIGN KEY (`arbitres_id`) REFERENCES `footregion_footregion_arbitres` (`id`),
  ADD CONSTRAINT `fk_footregion_footregion_matchs_arbitres_matchs_id` FOREIGN KEY (`matchs_id`) REFERENCES `footregion_footregion_matchs` (`id`);

--
-- Contraintes pour la table `footregion_footregion_messages`
--
ALTER TABLE `footregion_footregion_messages`
  ADD CONSTRAINT `fk_footregion_footregion_messages_discussions_id` FOREIGN KEY (`discussions_id`) REFERENCES `footregion_footregion_discussions` (`id`),
  ADD CONSTRAINT `fk_footregion_footregion_messages_utilisateurs_id` FOREIGN KEY (`utilisateurs_id`) REFERENCES `footregion_footregion_utilisateurs` (`id`);

--
-- Contraintes pour la table `footregion_footregion_signalements`
--
ALTER TABLE `footregion_footregion_signalements`
  ADD CONSTRAINT `fk_footregion_footregion_signalements_arbitres_id` FOREIGN KEY (`arbitres_id`) REFERENCES `footregion_footregion_arbitres` (`id`),
  ADD CONSTRAINT `fk_footregion_footregion_signalements_entraineurs_id	` FOREIGN KEY (`entraineurs_id`) REFERENCES `footregion_footregion_entraineurs` (`id`);
COMMIT;

/*!40101 SET CHARACTER_SET_CLIENT=@OLD_CHARACTER_SET_CLIENT */;
/*!40101 SET CHARACTER_SET_RESULTS=@OLD_CHARACTER_SET_RESULTS */;
/*!40101 SET COLLATION_CONNECTION=@OLD_COLLATION_CONNECTION */;
