INSERT INTO `footregion_footregion_utilisateurs` (`id`, `nom`, `prenom`, `mobile`, `email`, `alias`, `published`, `created`, `created_by`, `modified`, `modified_by`, `hits`) VALUES
(16, 'PARENTEAU', 'Guy', '0444897789', 'guyparenteau@footregion.fr', 'parenteau', 1, '2018-11-08 13:57:08', 35, '2018-11-08 14:01:13', 35, 0),
(17, 'DAVIGNON', 'Vaden', '01649744.1', 'vadendavignon@footregion.fr', 'davignon', 1, '2018-11-08 13:57:55', 35, '2018-11-08 14:00:36', 35, 0),
(18, 'BARRIENTOS', 'Maurice', '0563550978', 'mauricebarrientos@footregion.fr', 'barrientos', 1, '2018-11-08 14:00:25', 35, '0000-00-00 00:00:00', 0, 0),
(19, 'AYOT', 'Aleron', '0105573281', 'aleronayot@footregion.fr', 'ayot', 1, '2018-11-08 14:02:51', 35, '2018-11-08 14:03:20', 35, 0),
(20, 'CARON', 'Artus', '0247002196', 'artuscaron@footregion.fr', 'caron', 1, '2018-11-08 14:04:42', 35, '0000-00-00 00:00:00', 0, 0),
(21, 'JOSHUA', 'Barker', '0463446310', 'JoshuaBarker@footregion.fr', 'joshua', 1, '2018-11-08 14:02:51', 35, '2018-11-08 14:03:20', 35, 0),
(22, 'CHRISTOPHER', 'Morton', '0240835925', 'ChristopherMorton@footregion.fr', 'christopher', 1, '2018-11-08 14:02:51', 35, '2018-11-08 14:03:20', 35, 0),
(23, 'JASON', 'Mitchell', '0423670188', 'JasonMitchell@footregion.fr', 'jason', 1, '2018-11-08 14:02:51', 35, '2018-11-08 14:03:20', 35, 0),
(24, 'DANIEL', 'Davison', '0540209485', 'DanielDavison@footregion.fr', 'daniel', 1, '2018-11-08 14:02:51', 35, '2018-11-08 14:03:20', 35, 0),
(25, 'JOHN', 'Castro', '0188308420', 'JohnCastro@footregion.fr', 'john', 1, '2018-11-08 14:02:51', 35, '2018-11-08 14:03:20', 35, 0),
(26, 'DAVID', 'Parsons', '0599683950', 'DavidParsons@footregion.fr', 'david', 1, '2018-11-08 14:02:51', 35, '2018-11-08 14:03:20', 35, 0),
(27, 'ROBERT', 'Higgins', '0421599364', 'RobertHiggins@footregion.fr', 'robert', 1, '2018-11-08 14:02:51', 35, '2018-11-08 14:03:20', 35, 0),
(28, 'JOSEPH', 'Frost', '0413941270', 'JosephFrost@footregion.fr', 'joseph', 1, '2018-11-08 14:02:51', 35, '2018-11-08 14:03:20', 35, 0),
(29, 'MICHAEL', 'Matthews', '0413991270', 'MichaelMatthews@footregion.fr', 'michael', 1, '2018-11-08 14:02:51', 35, '2018-11-08 14:03:20', 35, 0),
(30, 'MATTHEW', 'Houston', '0413941270', 'MatthewHouston@footregion.fr', 'matthew', 1, '2018-11-08 14:02:51', 35, '2018-11-08 14:03:20', 35, 0),
(31, 'JAMES', 'Mohamed', '0419752827', 'JamesMohamed@footregion.fr', 'james', 1, '2018-11-08 14:02:51', 35, '2018-11-08 14:03:20', 35, 0),
(32, 'ANDREW', 'Jackson', '0165237099', 'AndrewJackson@footregion.fr', 'andrew', 1, '2018-11-08 14:02:51', 35, '2018-11-08 14:03:20', 35, 0);


INSERT INTO `footregion_footregion_discussions` (`id`, `theme`, `utilisateurs_id`, `alias`, `published`, `created`, `created_by`, `modified`, `modified_by`, `hits`) VALUES 
(2, 'La meilleure celle la', '2', '', '1', '0000-00-00 00:00:00.000000', '0', '0000-00-00 00:00:00.000000', '0', '0'),
(3, 'Les bests', '3', '', '1', '0000-00-00 00:00:00.000000', '0', '0000-00-00 00:00:00.000000', '0', '0'),
(4, 'La team qui tue', '4', '', '1', '0000-00-00 00:00:00.000000', '0', '0000-00-00 00:00:00.000000', '0', '0'),
(5, 'Nature Rouge', '5', '', '1', '0000-00-00 00:00:00.000000', '0', '0000-00-00 00:00:00.000000', '0', '0'),
(6, 'Gazelle Plage', '6', '', '1', '0000-00-00 00:00:00.000000', '0', '0000-00-00 00:00:00.000000', '0', '0'),
(7, 'Pour Tous Alpha', '7', '', '1', '0000-00-00 00:00:00.000000', '0', '0000-00-00 00:00:00.000000', '0', '0'),
(8, 'Renard Gamma', '8', '', '1', '0000-00-00 00:00:00.000000', '0', '0000-00-00 00:00:00.000000', '0', '0'),
(9, 'Tonnerre Avenue', '9', '', '1', '0000-00-00 00:00:00.000000', '0', '0000-00-00 00:00:00.000000', '0', '0'),
(10, 'Royale En Boite', '10', '', '1', '0000-00-00 00:00:00.000000', '0', '0000-00-00 00:00:00.000000', '0', '0'),
(11, 'Attaque Infernale', '2', '', '1', '0000-00-00 00:00:00.000000', '0', '0000-00-00 00:00:00.000000', '0', '0'),
(12, 'Pro Bronze', '2', '', '1', '0000-00-00 00:00:00.000000', '0', '0000-00-00 00:00:00.000000', '0', '0'),
(13, 'Atelier Rouge', '3', '', '1', '0000-00-00 00:00:00.000000', '0', '0000-00-00 00:00:00.000000', '0', '0'),
(14, 'Laboratoire Extasy', '4', '', '1', '0000-00-00 00:00:00.000000', '0', '0000-00-00 00:00:00.000000', '0', '0');

INSERT INTO `footregion_footregion_messages` (`id`, `libelle`, `discussions_id`, `utilisateurs_id`, `alias`, `published`, `created`, `created_by`, `modified`, `modified_by`, `hits`) VALUES 
(3, 'Etre jeune, Avoir du fun, Tester ballon', '3', '2', '', '1', '0000-00-00 00:00:00.000000', '0', '0000-00-00 00:00:00.000000', '0', '0'),
(4, 'Pour vous, Foot est inépuisable', '3', '5', '', '1', '0000-00-00 00:00:00.000000', '0', '0000-00-00 00:00:00.000000', '0', '0'),
(5, 'massacre n a pas de prix', '3', '10', '', '1', '0000-00-00 00:00:00.000000', '0', '0000-00-00 00:00:00.000000', '0', '0'),
(6, 'ferme ta gueule. Qui peut le battre ? ', '4', '7', '', '1', '0000-00-00 00:00:00.000000', '0', '0000-00-00 00:00:00.000000', '0', '0'),
(7, 'Avec tournoi tout est clair', '5', '2', '', '1', '0000-00-00 00:00:00.000000', '0', '0000-00-00 00:00:00.000000', '0', '0'),
(8, 'Peut-on envisager un repas sans match ?', '5', '6', '', '1', '0000-00-00 00:00:00.000000', '0', '0000-00-00 00:00:00.000000', '0', '0'),
(9, 'ronaldo n est pas né de la dernière pluie ', '5', '4', '', '1', '0000-00-00 00:00:00.000000', '0', '0000-00-00 00:00:00.000000', '0', '0'),
(10, 'C est tous les jours la fête avec messi ', '5', '8', '', '1', '0000-00-00 00:00:00.000000', '0', '0000-00-00 00:00:00.000000', '0', '0'),
(11, '2 secondes ça c est fort de fruits', '6', '5', '', '1', '0000-00-00 00:00:00.000000', '0', '0000-00-00 00:00:00.000000', '0', '0'),
(12, 'L entraineur is magic !', '6', '4', '', '1', '0000-00-00 00:00:00.000000', '0', '0000-00-00 00:00:00.000000', '0', '0'),
(13, 'Pogba crie tout haut ce que vous pensez tout bas', '6', '3', '', '1', '0000-00-00 00:00:00.000000', '0', '0000-00-00 00:00:00.000000', '0', '0'),
(14, 'Vien au match demain tu l aimes ou tu le quittes', '7', '6', '', '1', '0000-00-00 00:00:00.000000', '0', '0000-00-00 00:00:00.000000', '0', '0'),
(15, 'Dribbles. It s a bit strong !', '8', '5', '', '1', '0000-00-00 00:00:00.000000', '0', '0000-00-00 00:00:00.000000', '0', '0'),
(16, 'Arbre ça change l école', '8', '10', '', '1', '0000-00-00 00:00:00.000000', '0', '0000-00-00 00:00:00.000000', '0', '0'),
(17, 'Une envie, un délice, un ronaldinho', '8', '5', '', '1', '0000-00-00 00:00:00.000000', '0', '0000-00-00 00:00:00.000000', '0', '0'),
(18, 'Avant la roberto carlos, deux guerres mondiales. Après la roberto carlos, zéro.', '8', '9', '', '1', '0000-00-00 00:00:00.000000', '0', '0000-00-00 00:00:00.000000', '0', '0'),
(19, 'Le futur choisit crespo - Prenez votre futur en main', '9', '8', '', '1', '0000-00-00 00:00:00.000000', '0', '0000-00-00 00:00:00.000000', '0', '0'),
(20, 'Inzaghi est le seul moyen d être heureux', '9', '7', '', '1', '0000-00-00 00:00:00.000000', '0', '0000-00-00 00:00:00.000000', '0', '0'),
(21, 'papa et vos idées ont du génie', '10', '3', '', '1', '0000-00-00 00:00:00.000000', '0', '0000-00-00 00:00:00.000000', '0', '0'),
(22, 'Si c est Pelé j y vais aussi', '10', '5', '', '1', '0000-00-00 00:00:00.000000', '0', '0000-00-00 00:00:00.000000', '0', '0'),
(23, 'maradonna est plus bon que le chocolat ! ', '10', '2', '', '1', '0000-00-00 00:00:00.000000', '0', '0000-00-00 00:00:00.000000', '0', '0'),
(24, 'Elle a quelque chose en plus, et si c était okocha ?', '11', '5', '', '1', '0000-00-00 00:00:00.000000', '0', '0000-00-00 00:00:00.000000', '0', '0'),
(25, 'podolski wa-wa-wa-Hamdoulah ça va ! ', '11', '4', '', '1', '0000-00-00 00:00:00.000000', '0', '0000-00-00 00:00:00.000000', '0', '0'),
(26, 'Rien n est trop bon pour Anelka', '11', '6', '', '1', '0000-00-00 00:00:00.000000', '0', '0000-00-00 00:00:00.000000', '0', '0'),
(27, 'Vidic president !', '11', '7', '', '1', '0000-00-00 00:00:00.000000', '0', '0000-00-00 00:00:00.000000', '0', '0'),
(28, 'Zidane et ça repart', '11', '10', '', '1', '0000-00-00 00:00:00.000000', '0', '0000-00-00 00:00:00.000000', '0', '0'),
(29, 'Gullit pèse lourd sur le web', '11', '10', '', '1', '0000-00-00 00:00:00.000000', '0', '0000-00-00 00:00:00.000000', '0', '0'),
(30, 'Peut-on envisager un repas sans Cruyff ?', '12', '8', '', '1', '0000-00-00 00:00:00.000000', '0', '0000-00-00 00:00:00.000000', '0', '0'),
(31, 'Schevchenko, ça déchire', '12', '10', '', '1', '0000-00-00 00:00:00.000000', '0', '0000-00-00 00:00:00.000000', '0', '0'),
(32, 'Ferdinand a un coeur gros comme ça', '13', '9', '', '1', '0000-00-00 00:00:00.000000', '0', '0000-00-00 00:00:00.000000', '0', '0'),
(33, 'Zico c est Halla Halla !', '13', '10', '', '1', '0000-00-00 00:00:00.000000', '0', '0000-00-00 00:00:00.000000', '0', '0'),
(34, 'Platini est ce que le monde attendait ', '13', '9', '', '1', '0000-00-00 00:00:00.000000', '0', '0000-00-00 00:00:00.000000', '0', '0'),
(35, 'Hagi, c est beau la vie pour les grands et les petits', '14', '10', '', '1', '0000-00-00 00:00:00.000000', '0', '0000-00-00 00:00:00.000000', '0', '0'),
(36, 'You make Rui Costa real', '14', '5', '', '1', '0000-00-00 00:00:00.000000', '0', '0000-00-00 00:00:00.000000', '0', '0'),
(37, 'Oh mon Dieu ! c est Alex de souza !', '14', '2', '', '1', '0000-00-00 00:00:00.000000', '0', '0000-00-00 00:00:00.000000', '0', '0'),
(38, 'Mon eau minceur c est Maldini', '15', '5', '', '1', '0000-00-00 00:00:00.000000', '0', '0000-00-00 00:00:00.000000', '0', '0'),
(39, 'Zlatan. Opportunity. Quality. Achievement.', '15', '1', '', '1', '0000-00-00 00:00:00.000000', '0', '0000-00-00 00:00:00.000000', '0', '0'),
(40, 'Modric ne s use jamais', '15', '3', '', '1', '0000-00-00 00:00:00.000000', '0', '0000-00-00 00:00:00.000000', '0', '0'),
(41, 'Yachine, ça fait mal, ça fait mal', '15', '6', '', '1', '0000-00-00 00:00:00.000000', '0', '0000-00-00 00:00:00.000000', '0', '0');